{
  "madgwick": {
    "success": true,
    "quaternion": [
      0.6349041532233272,
      0.08797657719138881,
      -0.11418755578573332,
      -0.7590244002593972
    ],
    "time": 0.07474446296691895
  },
  "comp": {
    "success": true,
    "quaternion": [
      0.9589410979588496,
      0.08235152981239852,
      0.1191993334403006,
      0.24380671666388073
    ],
    "time": 0.114227294921875
  },
  "kalman": {
    "success": true,
    "quaternion": [
      -0.1914643692831831,
      0.2939557561665794,
      -0.7859440815787763,
      0.509139773876311
    ],
    "time": 0.2345879077911377
  },
  "ekf": {
    "success": true,
    "quaternion": [
      0.849771864596751,
      0.04118697783922159,
      0.007506157669491835,
      0.525485555075754
    ],
    "time": 0.15383577346801758
  },
  "ukf": {
    "success": false,
    "quaternion": null,
    "time": null
  }
}