2025-04-14 04:55:21,670 - INFO - # Parameters: 384828
2025-04-14 04:55:21,736 - INFO - Model size: 0.37 MB
2025-04-14 04:55:21,736 - INFO - Parameters: 
{'config': './config/smartfallmm/student.yaml', 'dataset': 'utd', 'batch_size': 32, 'test_batch_size': 8, 'val_batch_size': 8, 'num_epoch': 100, 'start_epoch': 0, 'optimizer': 'Adam', 'base_lr': 0.001, 'weight_decay': 0.0001, 'model': 'Models.transformer.OptimizedFallDetector', 'device': [0], 'model_args': {'mocap_frames': 128, 'acc_frames': 128, 'num_classes': 1, 'num_heads': 4, 'acc_coords': 4, 'num_layer': 2, 'embed_dim': 64, 'dropout': 0.3, 'activation': 'gelu'}, 'weights': None, 'model_saved_name': 'ttfstudent', 'loss': 'loss.BCE', 'loss_args': '{}', 'dataset_args': {'age_group': ['young'], 'modalities': ['accelerometer'], 'sensors': ['watch'], 'mode': 'sliding_window', 'max_length': 128, 'task': 'fd'}, 'subjects': [29, 30, 31, 33, 45, 46, 34, 37, 39, 38, 43, 35, 36, 44, 34, 32], 'feeder': 'Feeder.Make_Dataset.UTD_mm', 'train_feeder_args': {'batch_size': 32}, 'val_feeder_args': {'batch_size': 32}, 'test_feeder_args': {'batch_size': 32}, 'include_val': True, 'seed': 2, 'log_interval': 10, 'work_dir': 'exps/smartfall_fall_wokd/student/watch_not_distilled_cross_together_2025-04-14_04-55-20', 'print_log': True, 'phase': 'train', 'num_worker': 0, 'result_file': None}

2025-04-14 04:55:21,737 - INFO - ===== Starting fold with test subject 32 =====
2025-04-14 04:55:21,737 - INFO - Train subjects: [45, 36, 29, 39, 30, 31, 33, 34, 35, 37, 43, 44]
2025-04-14 04:55:21,738 - INFO - Val subjects: [38, 46]
2025-04-14 04:55:21,743 - INFO - Model Parameters: 384828
2025-04-14 04:55:21,761 - INFO - Fixed 60 duplicate timestamps
2025-04-14 04:55:21,765 - WARNING - Found 10 time reversals
2025-04-14 04:55:21,775 - INFO - Fixed 4 duplicate timestamps
2025-04-14 04:55:21,784 - INFO - Fixed 9 duplicate timestamps
2025-04-14 04:55:21,787 - WARNING - Found 2 time reversals
2025-04-14 04:55:21,793 - INFO - Fixed 10 duplicate timestamps
/mmfs1/home/sww35/testWatchAcc/LightHART/utils/accelerometer_processor.py:44: UserWarning: Could not infer format, so each element will be parsed individually, falling back to `dateutil`. To ensure parsing is consistent and as-expected, please specify a format.
  timestamps = pd.to_datetime(data.iloc[:, 0], errors='coerce')
2025-04-14 04:55:21,804 - WARNING - Found 1 invalid timestamps at rows [0]...
2025-04-14 04:55:21,805 - ERROR - Error processing /mmfs1/home/sww35/testWatchAcc/LightHART/data/smartfallmm/young/accelerometer/watch/S33A10T04.csv: 0
2025-04-14 04:55:21,805 - ERROR - Error processing /mmfs1/home/sww35/testWatchAcc/LightHART/data/smartfallmm/young/accelerometer/watch/S33A10T04.csv: 0
2025-04-14 04:55:21,810 - INFO - Fixed 22 duplicate timestamps
2025-04-14 04:55:21,816 - INFO - Fixed 1 duplicate timestamps
2025-04-14 04:55:21,823 - INFO - Fixed 10 duplicate timestamps
2025-04-14 04:55:21,826 - WARNING - Found 2 time reversals
2025-04-14 04:55:21,832 - INFO - Fixed 2 duplicate timestamps
2025-04-14 04:55:21,839 - INFO - Fixed 4 duplicate timestamps
2025-04-14 04:55:21,845 - INFO - Fixed 1 duplicate timestamps
2025-04-14 04:55:21,854 - INFO - Fixed 68 duplicate timestamps
2025-04-14 04:55:21,892 - INFO - Fixed 471 duplicate timestamps
2025-04-14 04:55:21,905 - WARNING - Found 164 time reversals
/mmfs1/home/sww35/testWatchAcc/LightHART/utils/accelerometer_processor.py:44: UserWarning: Could not infer format, so each element will be parsed individually, falling back to `dateutil`. To ensure parsing is consistent and as-expected, please specify a format.
  timestamps = pd.to_datetime(data.iloc[:, 0], errors='coerce')
2025-04-14 04:55:21,951 - WARNING - Found 647 invalid timestamps at rows [0 1 2 3 4]...
2025-04-14 04:55:21,952 - ERROR - Error processing /mmfs1/home/sww35/testWatchAcc/LightHART/data/smartfallmm/young/accelerometer/watch/S33A06T08.csv: Insufficient valid data rows after cleaning: 0
2025-04-14 04:55:21,952 - ERROR - Error processing /mmfs1/home/sww35/testWatchAcc/LightHART/data/smartfallmm/young/accelerometer/watch/S33A06T08.csv: Insufficient valid data rows after cleaning: 0
2025-04-14 04:55:21,994 - INFO - Fixed 653 duplicate timestamps
2025-04-14 04:55:22,008 - WARNING - Found 291 time reversals
/mmfs1/home/sww35/testWatchAcc/LightHART/utils/accelerometer_processor.py:44: UserWarning: Could not infer format, so each element will be parsed individually, falling back to `dateutil`. To ensure parsing is consistent and as-expected, please specify a format.
  timestamps = pd.to_datetime(data.iloc[:, 0], errors='coerce')
2025-04-14 04:55:22,023 - WARNING - Found 1 invalid timestamps at rows [0]...
2025-04-14 04:55:22,027 - ERROR - Error processing /mmfs1/home/sww35/testWatchAcc/LightHART/data/smartfallmm/young/accelerometer/watch/S33A10T03.csv: 0
2025-04-14 04:55:22,028 - ERROR - Error processing /mmfs1/home/sww35/testWatchAcc/LightHART/data/smartfallmm/young/accelerometer/watch/S33A10T03.csv: 0
2025-04-14 04:55:22,041 - INFO - Fixed 119 duplicate timestamps
2025-04-14 04:55:22,047 - WARNING - Found 38 time reversals
2025-04-14 04:55:22,062 - INFO - Fixed 72 duplicate timestamps
2025-04-14 04:55:22,069 - WARNING - Found 17 time reversals
2025-04-14 04:55:22,085 - INFO - Fixed 12 duplicate timestamps
2025-04-14 04:55:22,087 - WARNING - Found 1 time reversals
2025-04-14 04:55:22,095 - INFO - Fixed 77 duplicate timestamps
2025-04-14 04:55:22,107 - INFO - Fixed 9 duplicate timestamps
2025-04-14 04:55:22,108 - WARNING - Found 1 time reversals
2025-04-14 04:55:22,142 - INFO - Fixed 496 duplicate timestamps
2025-04-14 04:55:22,156 - WARNING - Found 184 time reversals
2025-04-14 04:55:22,206 - INFO - Fixed 898 duplicate timestamps
2025-04-14 04:55:22,224 - WARNING - Found 346 time reversals
2025-04-14 04:55:22,239 - INFO - Fixed 38 duplicate timestamps
2025-04-14 04:55:22,247 - WARNING - Found 13 time reversals
/mmfs1/home/sww35/testWatchAcc/LightHART/utils/accelerometer_processor.py:44: UserWarning: Could not infer format, so each element will be parsed individually, falling back to `dateutil`. To ensure parsing is consistent and as-expected, please specify a format.
  timestamps = pd.to_datetime(data.iloc[:, 0], errors='coerce')
2025-04-14 04:55:22,280 - WARNING - Found 355 invalid timestamps at rows [0 1 2 3 4]...
2025-04-14 04:55:22,280 - ERROR - Error processing /mmfs1/home/sww35/testWatchAcc/LightHART/data/smartfallmm/young/accelerometer/watch/S33A01T05.csv: Insufficient valid data rows after cleaning: 0
2025-04-14 04:55:22,280 - ERROR - Error processing /mmfs1/home/sww35/testWatchAcc/LightHART/data/smartfallmm/young/accelerometer/watch/S33A01T05.csv: Insufficient valid data rows after cleaning: 0
2025-04-14 04:55:22,293 - INFO - Fixed 68 duplicate timestamps
2025-04-14 04:55:22,298 - WARNING - Found 28 time reversals
2025-04-14 04:55:22,307 - INFO - Fixed 46 duplicate timestamps
2025-04-14 04:55:22,318 - INFO - Fixed 33 duplicate timestamps
2025-04-14 04:55:22,327 - INFO - Fixed 35 duplicate timestamps
2025-04-14 04:55:22,335 - INFO - Fixed 1 duplicate timestamps
2025-04-14 04:55:22,351 - INFO - Fixed 86 duplicate timestamps
2025-04-14 04:55:22,357 - WARNING - Found 32 time reversals
2025-04-14 04:55:22,389 - INFO - Fixed 403 duplicate timestamps
2025-04-14 04:55:22,398 - WARNING - Found 153 time reversals
2025-04-14 04:55:22,404 - INFO - Fixed 3 duplicate timestamps
2025-04-14 04:55:22,412 - INFO - Fixed 61 duplicate timestamps
2025-04-14 04:55:22,414 - WARNING - Found 16 time reversals
2025-04-14 04:55:22,419 - INFO - Fixed 5 duplicate timestamps
2025-04-14 04:55:22,436 - INFO - Fixed 68 duplicate timestamps
2025-04-14 04:55:22,442 - WARNING - Found 28 time reversals
2025-04-14 04:55:22,455 - INFO - Fixed 68 duplicate timestamps
2025-04-14 04:55:22,461 - WARNING - Found 28 time reversals
2025-04-14 04:55:22,468 - INFO - Fixed 10 duplicate timestamps
2025-04-14 04:55:22,476 - INFO - Fixed 1 duplicate timestamps
/mmfs1/home/sww35/testWatchAcc/LightHART/utils/accelerometer_processor.py:44: UserWarning: Could not infer format, so each element will be parsed individually, falling back to `dateutil`. To ensure parsing is consistent and as-expected, please specify a format.
  timestamps = pd.to_datetime(data.iloc[:, 0], errors='coerce')
2025-04-14 04:55:22,480 - WARNING - Found 168 invalid timestamps at rows [  0 341 342 343 344]...
2025-04-14 04:55:22,481 - ERROR - Error processing /mmfs1/home/sww35/testWatchAcc/LightHART/data/smartfallmm/young/accelerometer/watch/S33A13T04.csv: 0
2025-04-14 04:55:22,481 - ERROR - Error processing /mmfs1/home/sww35/testWatchAcc/LightHART/data/smartfallmm/young/accelerometer/watch/S33A13T04.csv: 0
2025-04-14 04:55:22,594 - INFO - Fixed 505 duplicate timestamps
2025-04-14 04:55:22,726 - WARNING - Found 239 time reversals
2025-04-14 04:55:22,738 - INFO - Fixed 43 duplicate timestamps
2025-04-14 04:55:22,744 - INFO - Fixed 2 duplicate timestamps
2025-04-14 04:55:22,752 - INFO - Fixed 8 duplicate timestamps
2025-04-14 04:55:22,755 - WARNING - Found 1 time reversals
2025-04-14 04:55:22,763 - INFO - Fixed 48 duplicate timestamps
2025-04-14 04:55:22,771 - INFO - Fixed 7 duplicate timestamps
2025-04-14 04:55:22,773 - WARNING - Found 1 time reversals
2025-04-14 04:55:22,807 - INFO - Fixed 537 duplicate timestamps
2025-04-14 04:55:22,820 - WARNING - Found 189 time reversals
2025-04-14 04:55:22,826 - INFO - Fixed 2 duplicate timestamps
/mmfs1/home/sww35/testWatchAcc/LightHART/utils/accelerometer_processor.py:44: UserWarning: Could not infer format, so each element will be parsed individually, falling back to `dateutil`. To ensure parsing is consistent and as-expected, please specify a format.
  timestamps = pd.to_datetime(data.iloc[:, 0], errors='coerce')
2025-04-14 04:55:22,831 - WARNING - Found 1 invalid timestamps at rows [0]...
2025-04-14 04:55:22,832 - ERROR - Error processing /mmfs1/home/sww35/testWatchAcc/LightHART/data/smartfallmm/young/accelerometer/watch/S33A03T01.csv: 0
2025-04-14 04:55:22,832 - ERROR - Error processing /mmfs1/home/sww35/testWatchAcc/LightHART/data/smartfallmm/young/accelerometer/watch/S33A03T01.csv: 0
2025-04-14 04:55:22,851 - INFO - Fixed 47 duplicate timestamps
2025-04-14 04:55:22,864 - WARNING - Found 21 time reversals
2025-04-14 04:55:22,907 - INFO - Fixed 751 duplicate timestamps
2025-04-14 04:55:22,924 - WARNING - Found 257 time reversals
/mmfs1/home/sww35/testWatchAcc/LightHART/utils/accelerometer_processor.py:44: UserWarning: Could not infer format, so each element will be parsed individually, falling back to `dateutil`. To ensure parsing is consistent and as-expected, please specify a format.
  timestamps = pd.to_datetime(data.iloc[:, 0], errors='coerce')
2025-04-14 04:55:22,927 - WARNING - Found 1 invalid timestamps at rows [0]...
2025-04-14 04:55:22,928 - ERROR - Error processing /mmfs1/home/sww35/testWatchAcc/LightHART/data/smartfallmm/young/accelerometer/watch/S33A09T02.csv: 0
2025-04-14 04:55:22,928 - ERROR - Error processing /mmfs1/home/sww35/testWatchAcc/LightHART/data/smartfallmm/young/accelerometer/watch/S33A09T02.csv: 0
2025-04-14 04:55:22,970 - INFO - Fixed 733 duplicate timestamps
2025-04-14 04:55:22,986 - WARNING - Found 282 time reversals
2025-04-14 04:55:22,994 - INFO - Fixed 25 duplicate timestamps
2025-04-14 04:55:22,996 - WARNING - Found 4 time reversals
2025-04-14 04:55:23,008 - INFO - Fixed 47 duplicate timestamps
2025-04-14 04:55:23,014 - WARNING - Found 10 time reversals
2025-04-14 04:55:23,021 - INFO - Fixed 7 duplicate timestamps
2025-04-14 04:55:23,023 - WARNING - Found 2 time reversals
2025-04-14 04:55:23,039 - INFO - Fixed 48 duplicate timestamps
2025-04-14 04:55:23,047 - WARNING - Found 20 time reversals
2025-04-14 04:55:23,056 - INFO - Fixed 19 duplicate timestamps
2025-04-14 04:55:23,059 - WARNING - Found 7 time reversals
2025-04-14 04:55:23,071 - INFO - Fixed 37 duplicate timestamps
2025-04-14 04:55:23,076 - WARNING - Found 12 time reversals
/mmfs1/home/sww35/testWatchAcc/LightHART/utils/accelerometer_processor.py:44: UserWarning: Could not infer format, so each element will be parsed individually, falling back to `dateutil`. To ensure parsing is consistent and as-expected, please specify a format.
  timestamps = pd.to_datetime(data.iloc[:, 0], errors='coerce')
2025-04-14 04:55:23,080 - WARNING - Found 110 invalid timestamps at rows [  0 503 504 505 506]...
2025-04-14 04:55:23,081 - ERROR - Error processing /mmfs1/home/sww35/testWatchAcc/LightHART/data/smartfallmm/young/accelerometer/watch/S33A14T02.csv: 0
2025-04-14 04:55:23,083 - ERROR - Error processing /mmfs1/home/sww35/testWatchAcc/LightHART/data/smartfallmm/young/accelerometer/watch/S33A14T02.csv: 0
2025-04-14 04:55:23,138 - INFO - Fixed 930 duplicate timestamps
2025-04-14 04:55:23,159 - WARNING - Found 438 time reversals
2025-04-14 04:55:23,166 - INFO - Fixed 8 duplicate timestamps
2025-04-14 04:55:23,173 - INFO - Fixed 8 duplicate timestamps
2025-04-14 04:55:23,175 - WARNING - Found 1 time reversals
2025-04-14 04:55:23,179 - INFO - Fixed 15 duplicate timestamps
2025-04-14 04:55:23,181 - WARNING - Found 4 time reversals
/mmfs1/home/sww35/testWatchAcc/LightHART/utils/accelerometer_processor.py:44: UserWarning: Could not infer format, so each element will be parsed individually, falling back to `dateutil`. To ensure parsing is consistent and as-expected, please specify a format.
  timestamps = pd.to_datetime(data.iloc[:, 0], errors='coerce')
2025-04-14 04:55:23,183 - WARNING - Found 172 invalid timestamps at rows [  0 342 343 344 345]...
2025-04-14 04:55:23,184 - ERROR - Error processing /mmfs1/home/sww35/testWatchAcc/LightHART/data/smartfallmm/young/accelerometer/watch/S33A05T03.csv: 0
2025-04-14 04:55:23,184 - ERROR - Error processing /mmfs1/home/sww35/testWatchAcc/LightHART/data/smartfallmm/young/accelerometer/watch/S33A05T03.csv: 0
2025-04-14 04:55:23,222 - INFO - Fixed 530 duplicate timestamps
2025-04-14 04:55:23,235 - WARNING - Found 188 time reversals
2025-04-14 04:55:23,242 - INFO - Fixed 7 duplicate timestamps
2025-04-14 04:55:23,338 - INFO - Fixed 1762 duplicate timestamps
2025-04-14 04:55:23,377 - WARNING - Found 562 time reversals
/mmfs1/home/sww35/testWatchAcc/LightHART/utils/accelerometer_processor.py:44: UserWarning: Could not infer format, so each element will be parsed individually, falling back to `dateutil`. To ensure parsing is consistent and as-expected, please specify a format.
  timestamps = pd.to_datetime(data.iloc[:, 0], errors='coerce')
2025-04-14 04:55:23,417 - WARNING - Found 396 invalid timestamps at rows [0 1 2 3 4]...
2025-04-14 04:55:23,417 - ERROR - Error processing /mmfs1/home/sww35/testWatchAcc/LightHART/data/smartfallmm/young/accelerometer/watch/S33A03T12.csv: Insufficient valid data rows after cleaning: 0
2025-04-14 04:55:23,417 - ERROR - Error processing /mmfs1/home/sww35/testWatchAcc/LightHART/data/smartfallmm/young/accelerometer/watch/S33A03T12.csv: Insufficient valid data rows after cleaning: 0
2025-04-14 04:55:23,464 - INFO - Fixed 796 duplicate timestamps
2025-04-14 04:55:23,481 - WARNING - Found 361 time reversals
2025-04-14 04:55:23,488 - INFO - Fixed 8 duplicate timestamps
2025-04-14 04:55:23,491 - WARNING - Found 1 time reversals
2025-04-14 04:55:23,500 - INFO - Fixed 95 duplicate timestamps
2025-04-14 04:55:23,504 - WARNING - Found 27 time reversals
2025-04-14 04:55:23,509 - INFO - Fixed 30 duplicate timestamps
2025-04-14 04:55:23,580 - INFO - Fixed 978 duplicate timestamps
2025-04-14 04:55:23,605 - WARNING - Found 338 time reversals
2025-04-14 04:55:23,611 - INFO - Fixed 11 duplicate timestamps
2025-04-14 04:55:23,627 - INFO - Fixed 46 duplicate timestamps
2025-04-14 04:55:23,634 - WARNING - Found 16 time reversals
2025-04-14 04:55:23,647 - INFO - Fixed 68 duplicate timestamps
2025-04-14 04:55:23,653 - WARNING - Found 28 time reversals
2025-04-14 04:55:23,660 - INFO - Fixed 4 duplicate timestamps
2025-04-14 04:55:23,668 - INFO - Fixed 10 duplicate timestamps
2025-04-14 04:55:23,669 - WARNING - Found 1 time reversals
2025-04-14 04:55:23,676 - INFO - Fixed 6 duplicate timestamps
2025-04-14 04:55:23,715 - INFO - Fixed 568 duplicate timestamps
2025-04-14 04:55:23,729 - WARNING - Found 235 time reversals
/mmfs1/home/sww35/testWatchAcc/LightHART/utils/accelerometer_processor.py:44: UserWarning: Could not infer format, so each element will be parsed individually, falling back to `dateutil`. To ensure parsing is consistent and as-expected, please specify a format.
  timestamps = pd.to_datetime(data.iloc[:, 0], errors='coerce')
2025-04-14 04:55:23,733 - WARNING - Found 1 invalid timestamps at rows [0]...
2025-04-14 04:55:23,733 - ERROR - Error processing /mmfs1/home/sww35/testWatchAcc/LightHART/data/smartfallmm/young/accelerometer/watch/S33A13T03.csv: 0
2025-04-14 04:55:23,733 - ERROR - Error processing /mmfs1/home/sww35/testWatchAcc/LightHART/data/smartfallmm/young/accelerometer/watch/S33A13T03.csv: 0
2025-04-14 04:55:23,764 - INFO - Fixed 511 duplicate timestamps
2025-04-14 04:55:23,776 - WARNING - Found 145 time reversals
2025-04-14 04:55:23,798 - INFO - Fixed 88 duplicate timestamps
2025-04-14 04:55:23,809 - WARNING - Found 28 time reversals
2025-04-14 04:55:23,819 - INFO - Fixed 2 duplicate timestamps
2025-04-14 04:55:23,833 - INFO - Fixed 64 duplicate timestamps
2025-04-14 04:55:23,835 - WARNING - Found 12 time reversals
2025-04-14 04:55:23,841 - INFO - Fixed 7 duplicate timestamps
2025-04-14 04:55:23,843 - WARNING - Found 1 time reversals
2025-04-14 04:55:23,851 - INFO - Fixed 37 duplicate timestamps
2025-04-14 04:55:23,854 - WARNING - Found 9 time reversals
2025-04-14 04:55:23,887 - INFO - Fixed 507 duplicate timestamps
2025-04-14 04:55:23,898 - WARNING - Found 157 time reversals
2025-04-14 04:55:23,935 - INFO - Fixed 566 duplicate timestamps
2025-04-14 04:55:23,948 - WARNING - Found 204 time reversals
2025-04-14 04:55:23,961 - INFO - Fixed 68 duplicate timestamps
2025-04-14 04:55:23,967 - WARNING - Found 28 time reversals
2025-04-14 04:55:23,976 - INFO - Fixed 3 duplicate timestamps
2025-04-14 04:55:23,987 - INFO - Fixed 61 duplicate timestamps
2025-04-14 04:55:23,990 - WARNING - Found 20 time reversals
2025-04-14 04:55:24,000 - INFO - Fixed 3 duplicate timestamps
2025-04-14 04:55:24,010 - INFO - Fixed 33 duplicate timestamps
2025-04-14 04:55:24,039 - INFO - Fixed 403 duplicate timestamps
2025-04-14 04:55:24,048 - WARNING - Found 133 time reversals
/mmfs1/home/sww35/testWatchAcc/LightHART/utils/accelerometer_processor.py:44: UserWarning: Could not infer format, so each element will be parsed individually, falling back to `dateutil`. To ensure parsing is consistent and as-expected, please specify a format.
  timestamps = pd.to_datetime(data.iloc[:, 0], errors='coerce')
2025-04-14 04:55:24,061 - WARNING - Found 137 invalid timestamps at rows [0 1 2 3 4]...
2025-04-14 04:55:24,061 - ERROR - Error processing /mmfs1/home/sww35/testWatchAcc/LightHART/data/smartfallmm/young/accelerometer/watch/S33A14T05.csv: Insufficient valid data rows after cleaning: 0
2025-04-14 04:55:24,061 - ERROR - Error processing /mmfs1/home/sww35/testWatchAcc/LightHART/data/smartfallmm/young/accelerometer/watch/S33A14T05.csv: Insufficient valid data rows after cleaning: 0
2025-04-14 04:55:24,073 - INFO - Fixed 85 duplicate timestamps
2025-04-14 04:55:24,075 - WARNING - Found 26 time reversals
2025-04-14 04:55:24,085 - INFO - Fixed 3 duplicate timestamps
2025-04-14 04:55:24,092 - INFO - Fixed 2 duplicate timestamps
/mmfs1/home/sww35/testWatchAcc/LightHART/utils/accelerometer_processor.py:44: UserWarning: Could not infer format, so each element will be parsed individually, falling back to `dateutil`. To ensure parsing is consistent and as-expected, please specify a format.
  timestamps = pd.to_datetime(data.iloc[:, 0], errors='coerce')
2025-04-14 04:55:24,129 - WARNING - Found 446 invalid timestamps at rows [0 1 2 3 4]...
2025-04-14 04:55:24,131 - ERROR - Error processing /mmfs1/home/sww35/testWatchAcc/LightHART/data/smartfallmm/young/accelerometer/watch/S33A08T04.csv: Insufficient valid data rows after cleaning: 0
2025-04-14 04:55:24,131 - ERROR - Error processing /mmfs1/home/sww35/testWatchAcc/LightHART/data/smartfallmm/young/accelerometer/watch/S33A08T04.csv: Insufficient valid data rows after cleaning: 0
/mmfs1/home/sww35/testWatchAcc/LightHART/utils/accelerometer_processor.py:44: UserWarning: Could not infer format, so each element will be parsed individually, falling back to `dateutil`. To ensure parsing is consistent and as-expected, please specify a format.
  timestamps = pd.to_datetime(data.iloc[:, 0], errors='coerce')
2025-04-14 04:55:24,141 - WARNING - Found 118 invalid timestamps at rows [0 1 2 3 4]...
2025-04-14 04:55:24,141 - ERROR - Error processing /mmfs1/home/sww35/testWatchAcc/LightHART/data/smartfallmm/young/accelerometer/watch/S33A05T08.csv: Insufficient valid data rows after cleaning: 0
2025-04-14 04:55:24,141 - ERROR - Error processing /mmfs1/home/sww35/testWatchAcc/LightHART/data/smartfallmm/young/accelerometer/watch/S33A05T08.csv: Insufficient valid data rows after cleaning: 0
2025-04-14 04:55:24,153 - INFO - Fixed 94 duplicate timestamps
2025-04-14 04:55:24,158 - WARNING - Found 30 time reversals
/mmfs1/home/sww35/testWatchAcc/LightHART/utils/accelerometer_processor.py:44: UserWarning: Could not infer format, so each element will be parsed individually, falling back to `dateutil`. To ensure parsing is consistent and as-expected, please specify a format.
  timestamps = pd.to_datetime(data.iloc[:, 0], errors='coerce')
2025-04-14 04:55:24,190 - WARNING - Found 510 invalid timestamps at rows [0 1 2 3 4]...
2025-04-14 04:55:24,190 - ERROR - Error processing /mmfs1/home/sww35/testWatchAcc/LightHART/data/smartfallmm/young/accelerometer/watch/S33A06T07.csv: Insufficient valid data rows after cleaning: 0
2025-04-14 04:55:24,190 - ERROR - Error processing /mmfs1/home/sww35/testWatchAcc/LightHART/data/smartfallmm/young/accelerometer/watch/S33A06T07.csv: Insufficient valid data rows after cleaning: 0
2025-04-14 04:55:24,200 - INFO - Fixed 53 duplicate timestamps
2025-04-14 04:55:24,204 - WARNING - Found 15 time reversals
2025-04-14 04:55:24,213 - INFO - Fixed 7 duplicate timestamps
2025-04-14 04:55:24,227 - INFO - Fixed 68 duplicate timestamps
2025-04-14 04:55:24,233 - WARNING - Found 28 time reversals
2025-04-14 04:55:24,246 - INFO - Fixed 66 duplicate timestamps
2025-04-14 04:55:24,252 - WARNING - Found 28 time reversals
/mmfs1/home/sww35/testWatchAcc/LightHART/utils/accelerometer_processor.py:44: UserWarning: Could not infer format, so each element will be parsed individually, falling back to `dateutil`. To ensure parsing is consistent and as-expected, please specify a format.
  timestamps = pd.to_datetime(data.iloc[:, 0], errors='coerce')
2025-04-14 04:55:24,255 - WARNING - Found 171 invalid timestamps at rows [  0 341 342 343 344]...
2025-04-14 04:55:24,255 - ERROR - Error processing /mmfs1/home/sww35/testWatchAcc/LightHART/data/smartfallmm/young/accelerometer/watch/S33A06T01.csv: 0
2025-04-14 04:55:24,256 - ERROR - Error processing /mmfs1/home/sww35/testWatchAcc/LightHART/data/smartfallmm/young/accelerometer/watch/S33A06T01.csv: 0
/mmfs1/home/sww35/testWatchAcc/LightHART/utils/accelerometer_processor.py:44: UserWarning: Could not infer format, so each element will be parsed individually, falling back to `dateutil`. To ensure parsing is consistent and as-expected, please specify a format.
  timestamps = pd.to_datetime(data.iloc[:, 0], errors='coerce')
2025-04-14 04:55:24,258 - WARNING - Found 169 invalid timestamps at rows [  0 342 343 344 345]...
2025-04-14 04:55:24,259 - ERROR - Error processing /mmfs1/home/sww35/testWatchAcc/LightHART/data/smartfallmm/young/accelerometer/watch/S33A11T01.csv: 0
2025-04-14 04:55:24,259 - ERROR - Error processing /mmfs1/home/sww35/testWatchAcc/LightHART/data/smartfallmm/young/accelerometer/watch/S33A11T01.csv: 0
2025-04-14 04:55:24,264 - INFO - Fixed 3 duplicate timestamps
2025-04-14 04:55:24,302 - INFO - Fixed 534 duplicate timestamps
2025-04-14 04:55:24,315 - WARNING - Found 200 time reversals
/mmfs1/home/sww35/testWatchAcc/LightHART/utils/accelerometer_processor.py:44: UserWarning: Could not infer format, so each element will be parsed individually, falling back to `dateutil`. To ensure parsing is consistent and as-expected, please specify a format.
  timestamps = pd.to_datetime(data.iloc[:, 0], errors='coerce')
2025-04-14 04:55:24,346 - WARNING - Found 510 invalid timestamps at rows [0 1 2 3 4]...
2025-04-14 04:55:24,347 - ERROR - Error processing /mmfs1/home/sww35/testWatchAcc/LightHART/data/smartfallmm/young/accelerometer/watch/S33A13T05.csv: Insufficient valid data rows after cleaning: 0
2025-04-14 04:55:24,347 - ERROR - Error processing /mmfs1/home/sww35/testWatchAcc/LightHART/data/smartfallmm/young/accelerometer/watch/S33A13T05.csv: Insufficient valid data rows after cleaning: 0
/mmfs1/home/sww35/testWatchAcc/LightHART/utils/accelerometer_processor.py:44: UserWarning: Could not infer format, so each element will be parsed individually, falling back to `dateutil`. To ensure parsing is consistent and as-expected, please specify a format.
  timestamps = pd.to_datetime(data.iloc[:, 0], errors='coerce')
2025-04-14 04:55:24,371 - WARNING - Found 407 invalid timestamps at rows [0 1 2 3 4]...
2025-04-14 04:55:24,372 - ERROR - Error processing /mmfs1/home/sww35/testWatchAcc/LightHART/data/smartfallmm/young/accelerometer/watch/S33A02T09.csv: Insufficient valid data rows after cleaning: 0
2025-04-14 04:55:24,372 - ERROR - Error processing /mmfs1/home/sww35/testWatchAcc/LightHART/data/smartfallmm/young/accelerometer/watch/S33A02T09.csv: Insufficient valid data rows after cleaning: 0
2025-04-14 04:55:24,383 - INFO - Fixed 30 duplicate timestamps
2025-04-14 04:55:24,389 - WARNING - Found 23 time reversals
2025-04-14 04:55:24,442 - INFO - Fixed 890 duplicate timestamps
2025-04-14 04:55:24,461 - WARNING - Found 337 time reversals
2025-04-14 04:55:24,470 - INFO - Fixed 10 duplicate timestamps
2025-04-14 04:55:24,473 - WARNING - Found 1 time reversals
/mmfs1/home/sww35/testWatchAcc/LightHART/utils/accelerometer_processor.py:44: UserWarning: Could not infer format, so each element will be parsed individually, falling back to `dateutil`. To ensure parsing is consistent and as-expected, please specify a format.
  timestamps = pd.to_datetime(data.iloc[:, 0], errors='coerce')
2025-04-14 04:55:24,476 - WARNING - Found 61 invalid timestamps at rows [  0 406 407 408 409]...
2025-04-14 04:55:24,477 - ERROR - Error processing /mmfs1/home/sww35/testWatchAcc/LightHART/data/smartfallmm/young/accelerometer/watch/S33A03T02.csv: 0
2025-04-14 04:55:24,477 - ERROR - Error processing /mmfs1/home/sww35/testWatchAcc/LightHART/data/smartfallmm/young/accelerometer/watch/S33A03T02.csv: 0
2025-04-14 04:55:24,510 - INFO - Fixed 493 duplicate timestamps
2025-04-14 04:55:24,522 - WARNING - Found 191 time reversals
2025-04-14 04:55:24,529 - INFO - Fixed 29 duplicate timestamps
2025-04-14 04:55:24,531 - WARNING - Found 6 time reversals
2025-04-14 04:55:24,541 - INFO - Fixed 19 duplicate timestamps
2025-04-14 04:55:24,546 - WARNING - Found 1 time reversals
2025-04-14 04:55:24,553 - INFO - Fixed 3 duplicate timestamps
2025-04-14 04:55:24,568 - INFO - Fixed 88 duplicate timestamps
2025-04-14 04:55:24,572 - WARNING - Found 22 time reversals
/mmfs1/home/sww35/testWatchAcc/LightHART/utils/accelerometer_processor.py:44: UserWarning: Could not infer format, so each element will be parsed individually, falling back to `dateutil`. To ensure parsing is consistent and as-expected, please specify a format.
  timestamps = pd.to_datetime(data.iloc[:, 0], errors='coerce')
2025-04-14 04:55:24,575 - WARNING - Found 216 invalid timestamps at rows [  0 435 436 437 438]...
2025-04-14 04:55:24,576 - ERROR - Error processing /mmfs1/home/sww35/testWatchAcc/LightHART/data/smartfallmm/young/accelerometer/watch/S33A13T02.csv: 0
2025-04-14 04:55:24,576 - ERROR - Error processing /mmfs1/home/sww35/testWatchAcc/LightHART/data/smartfallmm/young/accelerometer/watch/S33A13T02.csv: 0
2025-04-14 04:55:24,580 - INFO - Fixed 12 duplicate timestamps
2025-04-14 04:55:24,582 - WARNING - Found 1 time reversals
2025-04-14 04:55:24,590 - INFO - Fixed 35 duplicate timestamps
2025-04-14 04:55:24,593 - WARNING - Found 10 time reversals
2025-04-14 04:55:24,599 - INFO - Fixed 14 duplicate timestamps
2025-04-14 04:55:24,646 - INFO - Fixed 766 duplicate timestamps
2025-04-14 04:55:24,663 - WARNING - Found 326 time reversals
2025-04-14 04:55:24,674 - INFO - Fixed 98 duplicate timestamps
2025-04-14 04:55:24,676 - WARNING - Found 26 time reversals
2025-04-14 04:55:24,682 - INFO - Fixed 2 duplicate timestamps
2025-04-14 04:55:24,691 - INFO - Fixed 41 duplicate timestamps
2025-04-14 04:55:24,693 - WARNING - Found 11 time reversals
/mmfs1/home/sww35/testWatchAcc/LightHART/utils/accelerometer_processor.py:44: UserWarning: Could not infer format, so each element will be parsed individually, falling back to `dateutil`. To ensure parsing is consistent and as-expected, please specify a format.
  timestamps = pd.to_datetime(data.iloc[:, 0], errors='coerce')
2025-04-14 04:55:24,725 - WARNING - Found 407 invalid timestamps at rows [0 1 2 3 4]...
2025-04-14 04:55:24,725 - ERROR - Error processing /mmfs1/home/sww35/testWatchAcc/LightHART/data/smartfallmm/young/accelerometer/watch/S33A11T04.csv: Insufficient valid data rows after cleaning: 0
2025-04-14 04:55:24,725 - ERROR - Error processing /mmfs1/home/sww35/testWatchAcc/LightHART/data/smartfallmm/young/accelerometer/watch/S33A11T04.csv: Insufficient valid data rows after cleaning: 0
2025-04-14 04:55:24,729 - INFO - Fixed 4 duplicate timestamps
2025-04-14 04:55:24,744 - INFO - Fixed 39 duplicate timestamps
2025-04-14 04:55:24,751 - WARNING - Found 14 time reversals
2025-04-14 04:55:24,757 - INFO - Fixed 33 duplicate timestamps
2025-04-14 04:55:24,812 - INFO - Fixed 934 duplicate timestamps
2025-04-14 04:55:24,831 - WARNING - Found 430 time reversals
2025-04-14 04:55:24,866 - INFO - Fixed 528 duplicate timestamps
2025-04-14 04:55:24,878 - WARNING - Found 181 time reversals
2025-04-14 04:55:24,918 - INFO - Fixed 692 duplicate timestamps
2025-04-14 04:55:24,933 - WARNING - Found 200 time reversals
/mmfs1/home/sww35/testWatchAcc/LightHART/utils/accelerometer_processor.py:44: UserWarning: Could not infer format, so each element will be parsed individually, falling back to `dateutil`. To ensure parsing is consistent and as-expected, please specify a format.
  timestamps = pd.to_datetime(data.iloc[:, 0], errors='coerce')
2025-04-14 04:55:24,956 - WARNING - Found 281 invalid timestamps at rows [0 1 2 3 4]...
2025-04-14 04:55:24,956 - ERROR - Error processing /mmfs1/home/sww35/testWatchAcc/LightHART/data/smartfallmm/young/accelerometer/watch/S33A07T06.csv: Insufficient valid data rows after cleaning: 0
2025-04-14 04:55:24,957 - ERROR - Error processing /mmfs1/home/sww35/testWatchAcc/LightHART/data/smartfallmm/young/accelerometer/watch/S33A07T06.csv: Insufficient valid data rows after cleaning: 0
2025-04-14 04:55:24,962 - INFO - Fixed 4 duplicate timestamps
2025-04-14 04:55:25,061 - INFO - Fixed 416 duplicate timestamps
2025-04-14 04:55:25,118 - WARNING - Found 162 time reversals
2025-04-14 04:55:25,141 - INFO - Fixed 68 duplicate timestamps
2025-04-14 04:55:25,149 - WARNING - Found 28 time reversals
2025-04-14 04:55:25,154 - INFO - Fixed 3 duplicate timestamps
2025-04-14 04:55:25,163 - INFO - Fixed 28 duplicate timestamps
2025-04-14 04:55:25,166 - WARNING - Found 5 time reversals
2025-04-14 04:55:25,171 - INFO - Fixed 9 duplicate timestamps
2025-04-14 04:55:25,199 - INFO - Fixed 435 duplicate timestamps
2025-04-14 04:55:25,209 - WARNING - Found 148 time reversals
2025-04-14 04:55:25,215 - INFO - Fixed 13 duplicate timestamps
/mmfs1/home/sww35/testWatchAcc/LightHART/utils/accelerometer_processor.py:44: UserWarning: Could not infer format, so each element will be parsed individually, falling back to `dateutil`. To ensure parsing is consistent and as-expected, please specify a format.
  timestamps = pd.to_datetime(data.iloc[:, 0], errors='coerce')
2025-04-14 04:55:25,248 - WARNING - Found 507 invalid timestamps at rows [0 1 2 3 4]...
2025-04-14 04:55:25,248 - ERROR - Error processing /mmfs1/home/sww35/testWatchAcc/LightHART/data/smartfallmm/young/accelerometer/watch/S33A08T07.csv: Insufficient valid data rows after cleaning: 0
2025-04-14 04:55:25,248 - ERROR - Error processing /mmfs1/home/sww35/testWatchAcc/LightHART/data/smartfallmm/young/accelerometer/watch/S33A08T07.csv: Insufficient valid data rows after cleaning: 0
2025-04-14 04:55:25,261 - INFO - Fixed 110 duplicate timestamps
2025-04-14 04:55:25,267 - WARNING - Found 40 time reversals
/mmfs1/home/sww35/testWatchAcc/LightHART/utils/accelerometer_processor.py:44: UserWarning: Could not infer format, so each element will be parsed individually, falling back to `dateutil`. To ensure parsing is consistent and as-expected, please specify a format.
  timestamps = pd.to_datetime(data.iloc[:, 0], errors='coerce')
2025-04-14 04:55:25,291 - WARNING - Found 304 invalid timestamps at rows [0 1 2 3 4]...
2025-04-14 04:55:25,292 - ERROR - Error processing /mmfs1/home/sww35/testWatchAcc/LightHART/data/smartfallmm/young/accelerometer/watch/S33A13T09.csv: Insufficient valid data rows after cleaning: 0
2025-04-14 04:55:25,292 - ERROR - Error processing /mmfs1/home/sww35/testWatchAcc/LightHART/data/smartfallmm/young/accelerometer/watch/S33A13T09.csv: Insufficient valid data rows after cleaning: 0
2025-04-14 04:55:25,331 - INFO - Fixed 701 duplicate timestamps
2025-04-14 04:55:25,345 - WARNING - Found 247 time reversals
2025-04-14 04:55:25,380 - INFO - Fixed 119 duplicate timestamps
2025-04-14 04:55:25,400 - WARNING - Found 45 time reversals
2025-04-14 04:55:25,407 - INFO - Fixed 2 duplicate timestamps
2025-04-14 04:55:25,421 - INFO - Fixed 52 duplicate timestamps
2025-04-14 04:55:25,425 - WARNING - Found 13 time reversals
/mmfs1/home/sww35/testWatchAcc/LightHART/utils/accelerometer_processor.py:44: UserWarning: Could not infer format, so each element will be parsed individually, falling back to `dateutil`. To ensure parsing is consistent and as-expected, please specify a format.
  timestamps = pd.to_datetime(data.iloc[:, 0], errors='coerce')
2025-04-14 04:55:25,428 - WARNING - Found 182 invalid timestamps at rows [  0 366 367 368 369]...
2025-04-14 04:55:25,429 - ERROR - Error processing /mmfs1/home/sww35/testWatchAcc/LightHART/data/smartfallmm/young/accelerometer/watch/S33A07T02.csv: 0
2025-04-14 04:55:25,429 - ERROR - Error processing /mmfs1/home/sww35/testWatchAcc/LightHART/data/smartfallmm/young/accelerometer/watch/S33A07T02.csv: 0
/mmfs1/home/sww35/testWatchAcc/LightHART/utils/accelerometer_processor.py:44: UserWarning: Could not infer format, so each element will be parsed individually, falling back to `dateutil`. To ensure parsing is consistent and as-expected, please specify a format.
  timestamps = pd.to_datetime(data.iloc[:, 0], errors='coerce')
2025-04-14 04:55:25,431 - WARNING - Found 170 invalid timestamps at rows [  0 341 342 343 344]...
2025-04-14 04:55:25,432 - ERROR - Error processing /mmfs1/home/sww35/testWatchAcc/LightHART/data/smartfallmm/young/accelerometer/watch/S33A02T01.csv: 0
2025-04-14 04:55:25,432 - ERROR - Error processing /mmfs1/home/sww35/testWatchAcc/LightHART/data/smartfallmm/young/accelerometer/watch/S33A02T01.csv: 0
2025-04-14 04:55:25,458 - INFO - Fixed 430 duplicate timestamps
2025-04-14 04:55:25,469 - WARNING - Found 98 time reversals
2025-04-14 04:55:25,484 - INFO - Fixed 47 duplicate timestamps
2025-04-14 04:55:25,491 - WARNING - Found 16 time reversals
2025-04-14 04:55:25,516 - INFO - Fixed 471 duplicate timestamps
2025-04-14 04:55:25,526 - WARNING - Found 97 time reversals
/mmfs1/home/sww35/testWatchAcc/LightHART/utils/accelerometer_processor.py:44: UserWarning: Could not infer format, so each element will be parsed individually, falling back to `dateutil`. To ensure parsing is consistent and as-expected, please specify a format.
  timestamps = pd.to_datetime(data.iloc[:, 0], errors='coerce')
2025-04-14 04:55:25,560 - WARNING - Found 491 invalid timestamps at rows [0 1 2 3 4]...
2025-04-14 04:55:25,561 - ERROR - Error processing /mmfs1/home/sww35/testWatchAcc/LightHART/data/smartfallmm/young/accelerometer/watch/S33A07T12.csv: Insufficient valid data rows after cleaning: 0
2025-04-14 04:55:25,561 - ERROR - Error processing /mmfs1/home/sww35/testWatchAcc/LightHART/data/smartfallmm/young/accelerometer/watch/S33A07T12.csv: Insufficient valid data rows after cleaning: 0
2025-04-14 04:55:25,568 - INFO - Fixed 15 duplicate timestamps
2025-04-14 04:55:25,570 - WARNING - Found 2 time reversals
2025-04-14 04:55:25,594 - INFO - Fixed 468 duplicate timestamps
2025-04-14 04:55:25,605 - WARNING - Found 79 time reversals
2025-04-14 04:55:25,618 - INFO - Fixed 44 duplicate timestamps
2025-04-14 04:55:25,623 - WARNING - Found 16 time reversals
/mmfs1/home/sww35/testWatchAcc/LightHART/utils/accelerometer_processor.py:44: UserWarning: Could not infer format, so each element will be parsed individually, falling back to `dateutil`. To ensure parsing is consistent and as-expected, please specify a format.
  timestamps = pd.to_datetime(data.iloc[:, 0], errors='coerce')
2025-04-14 04:55:25,653 - WARNING - Found 309 invalid timestamps at rows [0 1 2 3 4]...
2025-04-14 04:55:25,653 - ERROR - Error processing /mmfs1/home/sww35/testWatchAcc/LightHART/data/smartfallmm/young/accelerometer/watch/S33A01T04.csv: Insufficient valid data rows after cleaning: 0
2025-04-14 04:55:25,653 - ERROR - Error processing /mmfs1/home/sww35/testWatchAcc/LightHART/data/smartfallmm/young/accelerometer/watch/S33A01T04.csv: Insufficient valid data rows after cleaning: 0
/mmfs1/home/sww35/testWatchAcc/LightHART/utils/accelerometer_processor.py:44: UserWarning: Could not infer format, so each element will be parsed individually, falling back to `dateutil`. To ensure parsing is consistent and as-expected, please specify a format.
  timestamps = pd.to_datetime(data.iloc[:, 0], errors='coerce')
2025-04-14 04:55:25,689 - WARNING - Found 486 invalid timestamps at rows [0 1 2 3 4]...
2025-04-14 04:55:25,690 - ERROR - Error processing /mmfs1/home/sww35/testWatchAcc/LightHART/data/smartfallmm/young/accelerometer/watch/S33A02T07.csv: Insufficient valid data rows after cleaning: 0
2025-04-14 04:55:25,690 - ERROR - Error processing /mmfs1/home/sww35/testWatchAcc/LightHART/data/smartfallmm/young/accelerometer/watch/S33A02T07.csv: Insufficient valid data rows after cleaning: 0
/mmfs1/home/sww35/testWatchAcc/LightHART/utils/accelerometer_processor.py:44: UserWarning: Could not infer format, so each element will be parsed individually, falling back to `dateutil`. To ensure parsing is consistent and as-expected, please specify a format.
  timestamps = pd.to_datetime(data.iloc[:, 0], errors='coerce')
2025-04-14 04:55:25,724 - WARNING - Found 448 invalid timestamps at rows [0 1 2 3 4]...
2025-04-14 04:55:25,724 - ERROR - Error processing /mmfs1/home/sww35/testWatchAcc/LightHART/data/smartfallmm/young/accelerometer/watch/S33A10T05.csv: Insufficient valid data rows after cleaning: 0
2025-04-14 04:55:25,724 - ERROR - Error processing /mmfs1/home/sww35/testWatchAcc/LightHART/data/smartfallmm/young/accelerometer/watch/S33A10T05.csv: Insufficient valid data rows after cleaning: 0
2025-04-14 04:55:25,737 - INFO - Fixed 91 duplicate timestamps
2025-04-14 04:55:25,743 - WARNING - Found 35 time reversals
2025-04-14 04:55:25,791 - INFO - Fixed 786 duplicate timestamps
2025-04-14 04:55:25,809 - WARNING - Found 284 time reversals
2025-04-14 04:55:25,814 - INFO - Fixed 2 duplicate timestamps
2025-04-14 04:55:25,833 - INFO - Fixed 13 duplicate timestamps
2025-04-14 04:55:25,852 - INFO - Fixed 31 duplicate timestamps
2025-04-14 04:55:25,857 - WARNING - Found 10 time reversals
2025-04-14 04:55:25,865 - INFO - Fixed 7 duplicate timestamps
2025-04-14 04:55:25,867 - WARNING - Found 1 time reversals
/mmfs1/home/sww35/testWatchAcc/LightHART/utils/accelerometer_processor.py:44: UserWarning: Could not infer format, so each element will be parsed individually, falling back to `dateutil`. To ensure parsing is consistent and as-expected, please specify a format.
  timestamps = pd.to_datetime(data.iloc[:, 0], errors='coerce')
2025-04-14 04:55:25,888 - WARNING - Found 259 invalid timestamps at rows [0 1 2 3 4]...
2025-04-14 04:55:25,889 - ERROR - Error processing /mmfs1/home/sww35/testWatchAcc/LightHART/data/smartfallmm/young/accelerometer/watch/S33A03T09.csv: Insufficient valid data rows after cleaning: 0
2025-04-14 04:55:25,889 - ERROR - Error processing /mmfs1/home/sww35/testWatchAcc/LightHART/data/smartfallmm/young/accelerometer/watch/S33A03T09.csv: Insufficient valid data rows after cleaning: 0
2025-04-14 04:55:25,899 - INFO - Fixed 174 duplicate timestamps
2025-04-14 04:55:25,900 - WARNING - Found 64 time reversals
2025-04-14 04:55:25,905 - INFO - Fixed 5 duplicate timestamps
2025-04-14 04:55:25,923 - INFO - Fixed 68 duplicate timestamps
2025-04-14 04:55:25,929 - WARNING - Found 28 time reversals
2025-04-14 04:55:25,963 - INFO - Fixed 547 duplicate timestamps
2025-04-14 04:55:25,977 - WARNING - Found 139 time reversals
2025-04-14 04:55:25,984 - INFO - Fixed 37 duplicate timestamps
2025-04-14 04:55:25,986 - WARNING - Found 7 time reversals
2025-04-14 04:55:25,995 - INFO - Fixed 73 duplicate timestamps
/mmfs1/home/sww35/testWatchAcc/LightHART/utils/accelerometer_processor.py:44: UserWarning: Could not infer format, so each element will be parsed individually, falling back to `dateutil`. To ensure parsing is consistent and as-expected, please specify a format.
  timestamps = pd.to_datetime(data.iloc[:, 0], errors='coerce')
2025-04-14 04:55:26,000 - WARNING - Found 1 invalid timestamps at rows [0]...
2025-04-14 04:55:26,001 - ERROR - Error processing /mmfs1/home/sww35/testWatchAcc/LightHART/data/smartfallmm/young/accelerometer/watch/S33A10T01.csv: 0
2025-04-14 04:55:26,001 - ERROR - Error processing /mmfs1/home/sww35/testWatchAcc/LightHART/data/smartfallmm/young/accelerometer/watch/S33A10T01.csv: 0
2025-04-14 04:55:26,007 - INFO - Fixed 55 duplicate timestamps
2025-04-14 04:55:26,008 - WARNING - Found 16 time reversals
/mmfs1/home/sww35/testWatchAcc/LightHART/utils/accelerometer_processor.py:44: UserWarning: Could not infer format, so each element will be parsed individually, falling back to `dateutil`. To ensure parsing is consistent and as-expected, please specify a format.
  timestamps = pd.to_datetime(data.iloc[:, 0], errors='coerce')
2025-04-14 04:55:26,013 - WARNING - Found 1 invalid timestamps at rows [0]...
2025-04-14 04:55:26,014 - ERROR - Error processing /mmfs1/home/sww35/testWatchAcc/LightHART/data/smartfallmm/young/accelerometer/watch/S33A03T03.csv: 0
2025-04-14 04:55:26,014 - ERROR - Error processing /mmfs1/home/sww35/testWatchAcc/LightHART/data/smartfallmm/young/accelerometer/watch/S33A03T03.csv: 0
2025-04-14 04:55:26,043 - INFO - Fixed 447 duplicate timestamps
2025-04-14 04:55:26,053 - WARNING - Found 180 time reversals
2025-04-14 04:55:26,060 - INFO - Fixed 3 duplicate timestamps
2025-04-14 04:55:26,073 - INFO - Fixed 70 duplicate timestamps
2025-04-14 04:55:26,076 - WARNING - Found 7 time reversals
2025-04-14 04:55:26,089 - INFO - Fixed 68 duplicate timestamps
2025-04-14 04:55:26,095 - WARNING - Found 28 time reversals
2025-04-14 04:55:26,101 - INFO - Fixed 50 duplicate timestamps
2025-04-14 04:55:26,103 - WARNING - Found 13 time reversals
2025-04-14 04:55:26,111 - INFO - Fixed 1 duplicate timestamps
2025-04-14 04:55:26,125 - INFO - Fixed 51 duplicate timestamps
2025-04-14 04:55:26,138 - INFO - Fixed 56 duplicate timestamps
2025-04-14 04:55:26,139 - WARNING - Found 14 time reversals
2025-04-14 04:55:26,147 - INFO - Fixed 17 duplicate timestamps
2025-04-14 04:55:26,156 - WARNING - Found 5 time reversals
/mmfs1/home/sww35/testWatchAcc/LightHART/utils/accelerometer_processor.py:44: UserWarning: Could not infer format, so each element will be parsed individually, falling back to `dateutil`. To ensure parsing is consistent and as-expected, please specify a format.
  timestamps = pd.to_datetime(data.iloc[:, 0], errors='coerce')
2025-04-14 04:55:26,206 - WARNING - Found 407 invalid timestamps at rows [0 1 2 3 4]...
2025-04-14 04:55:26,208 - ERROR - Error processing /mmfs1/home/sww35/testWatchAcc/LightHART/data/smartfallmm/young/accelerometer/watch/S33A13T10.csv: Insufficient valid data rows after cleaning: 0
2025-04-14 04:55:26,208 - ERROR - Error processing /mmfs1/home/sww35/testWatchAcc/LightHART/data/smartfallmm/young/accelerometer/watch/S33A13T10.csv: Insufficient valid data rows after cleaning: 0
2025-04-14 04:55:26,214 - INFO - Fixed 16 duplicate timestamps
2025-04-14 04:55:26,229 - INFO - Fixed 164 duplicate timestamps
2025-04-14 04:55:26,233 - WARNING - Found 68 time reversals
/mmfs1/home/sww35/testWatchAcc/LightHART/utils/accelerometer_processor.py:44: UserWarning: Could not infer format, so each element will be parsed individually, falling back to `dateutil`. To ensure parsing is consistent and as-expected, please specify a format.
  timestamps = pd.to_datetime(data.iloc[:, 0], errors='coerce')
2025-04-14 04:55:26,264 - WARNING - Found 382 invalid timestamps at rows [0 1 2 3 4]...
2025-04-14 04:55:26,265 - ERROR - Error processing /mmfs1/home/sww35/testWatchAcc/LightHART/data/smartfallmm/young/accelerometer/watch/S33A09T06.csv: Insufficient valid data rows after cleaning: 0
2025-04-14 04:55:26,265 - ERROR - Error processing /mmfs1/home/sww35/testWatchAcc/LightHART/data/smartfallmm/young/accelerometer/watch/S33A09T06.csv: Insufficient valid data rows after cleaning: 0
2025-04-14 04:55:26,274 - INFO - Fixed 91 duplicate timestamps
2025-04-14 04:55:26,277 - WARNING - Found 30 time reversals
/mmfs1/home/sww35/testWatchAcc/LightHART/utils/accelerometer_processor.py:44: UserWarning: Could not infer format, so each element will be parsed individually, falling back to `dateutil`. To ensure parsing is consistent and as-expected, please specify a format.
  timestamps = pd.to_datetime(data.iloc[:, 0], errors='coerce')
2025-04-14 04:55:26,316 - WARNING - Found 649 invalid timestamps at rows [0 1 2 3 4]...
2025-04-14 04:55:26,316 - ERROR - Error processing /mmfs1/home/sww35/testWatchAcc/LightHART/data/smartfallmm/young/accelerometer/watch/S33A14T07.csv: Insufficient valid data rows after cleaning: 0
2025-04-14 04:55:26,316 - ERROR - Error processing /mmfs1/home/sww35/testWatchAcc/LightHART/data/smartfallmm/young/accelerometer/watch/S33A14T07.csv: Insufficient valid data rows after cleaning: 0
2025-04-14 04:55:26,324 - INFO - Fixed 44 duplicate timestamps
2025-04-14 04:55:26,327 - WARNING - Found 12 time reversals
2025-04-14 04:55:26,354 - INFO - Fixed 410 duplicate timestamps
2025-04-14 04:55:26,363 - WARNING - Found 162 time reversals
2025-04-14 04:55:26,386 - INFO - Fixed 396 duplicate timestamps
2025-04-14 04:55:26,395 - WARNING - Found 66 time reversals
2025-04-14 04:55:26,405 - INFO - Fixed 54 duplicate timestamps
2025-04-14 04:55:26,407 - WARNING - Found 16 time reversals
2025-04-14 04:55:26,411 - INFO - Fixed 1 duplicate timestamps
2025-04-14 04:55:26,420 - INFO - Fixed 6 duplicate timestamps
2025-04-14 04:55:26,428 - INFO - Fixed 3 duplicate timestamps
2025-04-14 04:55:26,473 - INFO - Fixed 772 duplicate timestamps
2025-04-14 04:55:26,488 - WARNING - Found 387 time reversals
/mmfs1/home/sww35/testWatchAcc/LightHART/utils/accelerometer_processor.py:44: UserWarning: Could not infer format, so each element will be parsed individually, falling back to `dateutil`. To ensure parsing is consistent and as-expected, please specify a format.
  timestamps = pd.to_datetime(data.iloc[:, 0], errors='coerce')
2025-04-14 04:55:26,515 - WARNING - Found 328 invalid timestamps at rows [0 1 2 3 4]...
2025-04-14 04:55:26,515 - ERROR - Error processing /mmfs1/home/sww35/testWatchAcc/LightHART/data/smartfallmm/young/accelerometer/watch/S33A08T05.csv: Insufficient valid data rows after cleaning: 0
2025-04-14 04:55:26,515 - ERROR - Error processing /mmfs1/home/sww35/testWatchAcc/LightHART/data/smartfallmm/young/accelerometer/watch/S33A08T05.csv: Insufficient valid data rows after cleaning: 0
2025-04-14 04:55:26,533 - INFO - Fixed 93 duplicate timestamps
2025-04-14 04:55:26,542 - WARNING - Found 29 time reversals
2025-04-14 04:55:26,548 - INFO - Fixed 4 duplicate timestamps
/mmfs1/home/sww35/testWatchAcc/LightHART/utils/accelerometer_processor.py:44: UserWarning: Could not infer format, so each element will be parsed individually, falling back to `dateutil`. To ensure parsing is consistent and as-expected, please specify a format.
  timestamps = pd.to_datetime(data.iloc[:, 0], errors='coerce')
2025-04-14 04:55:26,590 - WARNING - Found 681 invalid timestamps at rows [0 1 2 3 4]...
2025-04-14 04:55:26,590 - ERROR - Error processing /mmfs1/home/sww35/testWatchAcc/LightHART/data/smartfallmm/young/accelerometer/watch/S33A09T08.csv: Insufficient valid data rows after cleaning: 0
2025-04-14 04:55:26,590 - ERROR - Error processing /mmfs1/home/sww35/testWatchAcc/LightHART/data/smartfallmm/young/accelerometer/watch/S33A09T08.csv: Insufficient valid data rows after cleaning: 0
2025-04-14 04:55:26,597 - INFO - Fixed 64 duplicate timestamps
2025-04-14 04:55:26,598 - WARNING - Found 26 time reversals
/mmfs1/home/sww35/testWatchAcc/LightHART/utils/accelerometer_processor.py:44: UserWarning: Could not infer format, so each element will be parsed individually, falling back to `dateutil`. To ensure parsing is consistent and as-expected, please specify a format.
  timestamps = pd.to_datetime(data.iloc[:, 0], errors='coerce')
2025-04-14 04:55:26,633 - WARNING - Found 468 invalid timestamps at rows [0 1 2 3 4]...
2025-04-14 04:55:26,633 - ERROR - Error processing /mmfs1/home/sww35/testWatchAcc/LightHART/data/smartfallmm/young/accelerometer/watch/S33A05T05.csv: Insufficient valid data rows after cleaning: 0
2025-04-14 04:55:26,633 - ERROR - Error processing /mmfs1/home/sww35/testWatchAcc/LightHART/data/smartfallmm/young/accelerometer/watch/S33A05T05.csv: Insufficient valid data rows after cleaning: 0
2025-04-14 04:55:26,639 - INFO - Fixed 10 duplicate timestamps
2025-04-14 04:55:26,641 - WARNING - Found 1 time reversals
/mmfs1/home/sww35/testWatchAcc/LightHART/utils/accelerometer_processor.py:44: UserWarning: Could not infer format, so each element will be parsed individually, falling back to `dateutil`. To ensure parsing is consistent and as-expected, please specify a format.
  timestamps = pd.to_datetime(data.iloc[:, 0], errors='coerce')
2025-04-14 04:55:26,672 - WARNING - Found 508 invalid timestamps at rows [0 1 2 3 4]...
2025-04-14 04:55:26,672 - ERROR - Error processing /mmfs1/home/sww35/testWatchAcc/LightHART/data/smartfallmm/young/accelerometer/watch/S33A02T10.csv: Insufficient valid data rows after cleaning: 0
2025-04-14 04:55:26,672 - ERROR - Error processing /mmfs1/home/sww35/testWatchAcc/LightHART/data/smartfallmm/young/accelerometer/watch/S33A02T10.csv: Insufficient valid data rows after cleaning: 0
/mmfs1/home/sww35/testWatchAcc/LightHART/utils/accelerometer_processor.py:44: UserWarning: Could not infer format, so each element will be parsed individually, falling back to `dateutil`. To ensure parsing is consistent and as-expected, please specify a format.
  timestamps = pd.to_datetime(data.iloc[:, 0], errors='coerce')
2025-04-14 04:55:26,675 - WARNING - Found 1 invalid timestamps at rows [0]...
2025-04-14 04:55:26,676 - ERROR - Error processing /mmfs1/home/sww35/testWatchAcc/LightHART/data/smartfallmm/young/accelerometer/watch/S33A09T01.csv: 0
2025-04-14 04:55:26,676 - ERROR - Error processing /mmfs1/home/sww35/testWatchAcc/LightHART/data/smartfallmm/young/accelerometer/watch/S33A09T01.csv: 0
2025-04-14 04:55:26,681 - INFO - Fixed 3 duplicate timestamps
2025-04-14 04:55:26,691 - INFO - Fixed 22 duplicate timestamps
2025-04-14 04:55:26,693 - WARNING - Found 2 time reversals
2025-04-14 04:55:26,698 - INFO - Fixed 14 duplicate timestamps
/mmfs1/home/sww35/testWatchAcc/LightHART/utils/accelerometer_processor.py:44: UserWarning: Could not infer format, so each element will be parsed individually, falling back to `dateutil`. To ensure parsing is consistent and as-expected, please specify a format.
  timestamps = pd.to_datetime(data.iloc[:, 0], errors='coerce')
2025-04-14 04:55:26,730 - WARNING - Found 363 invalid timestamps at rows [0 1 2 3 4]...
2025-04-14 04:55:26,730 - ERROR - Error processing /mmfs1/home/sww35/testWatchAcc/LightHART/data/smartfallmm/young/accelerometer/watch/S33A05T07.csv: Insufficient valid data rows after cleaning: 0
2025-04-14 04:55:26,730 - ERROR - Error processing /mmfs1/home/sww35/testWatchAcc/LightHART/data/smartfallmm/young/accelerometer/watch/S33A05T07.csv: Insufficient valid data rows after cleaning: 0
2025-04-14 04:55:26,743 - INFO - Fixed 68 duplicate timestamps
2025-04-14 04:55:26,749 - WARNING - Found 28 time reversals
2025-04-14 04:55:27,020 - INFO - Fixed 1269 duplicate timestamps
2025-04-14 04:55:27,187 - WARNING - Found 515 time reversals
2025-04-14 04:55:27,221 - INFO - Fixed 68 duplicate timestamps
2025-04-14 04:55:27,228 - WARNING - Found 28 time reversals
2025-04-14 04:55:27,258 - INFO - Fixed 444 duplicate timestamps
2025-04-14 04:55:27,269 - WARNING - Found 149 time reversals
2025-04-14 04:55:27,299 - INFO - Fixed 567 duplicate timestamps
2025-04-14 04:55:27,311 - WARNING - Found 108 time reversals
2025-04-14 04:55:27,327 - INFO - Fixed 103 duplicate timestamps
2025-04-14 04:55:27,342 - INFO - Fixed 22 duplicate timestamps
2025-04-14 04:55:27,343 - WARNING - Found 3 time reversals
2025-04-14 04:55:27,351 - INFO - Fixed 53 duplicate timestamps
2025-04-14 04:55:27,354 - WARNING - Found 12 time reversals
/mmfs1/home/sww35/testWatchAcc/LightHART/utils/accelerometer_processor.py:44: UserWarning: Could not infer format, so each element will be parsed individually, falling back to `dateutil`. To ensure parsing is consistent and as-expected, please specify a format.
  timestamps = pd.to_datetime(data.iloc[:, 0], errors='coerce')
2025-04-14 04:55:27,389 - WARNING - Found 484 invalid timestamps at rows [0 1 2 3 4]...
2025-04-14 04:55:27,389 - ERROR - Error processing /mmfs1/home/sww35/testWatchAcc/LightHART/data/smartfallmm/young/accelerometer/watch/S33A07T10.csv: Insufficient valid data rows after cleaning: 0
2025-04-14 04:55:27,389 - ERROR - Error processing /mmfs1/home/sww35/testWatchAcc/LightHART/data/smartfallmm/young/accelerometer/watch/S33A07T10.csv: Insufficient valid data rows after cleaning: 0
/mmfs1/home/sww35/testWatchAcc/LightHART/utils/accelerometer_processor.py:44: UserWarning: Could not infer format, so each element will be parsed individually, falling back to `dateutil`. To ensure parsing is consistent and as-expected, please specify a format.
  timestamps = pd.to_datetime(data.iloc[:, 0], errors='coerce')
2025-04-14 04:55:27,419 - WARNING - Found 509 invalid timestamps at rows [0 1 2 3 4]...
2025-04-14 04:55:27,420 - ERROR - Error processing /mmfs1/home/sww35/testWatchAcc/LightHART/data/smartfallmm/young/accelerometer/watch/S33A08T08.csv: Insufficient valid data rows after cleaning: 0
2025-04-14 04:55:27,420 - ERROR - Error processing /mmfs1/home/sww35/testWatchAcc/LightHART/data/smartfallmm/young/accelerometer/watch/S33A08T08.csv: Insufficient valid data rows after cleaning: 0
/mmfs1/home/sww35/testWatchAcc/LightHART/utils/accelerometer_processor.py:44: UserWarning: Could not infer format, so each element will be parsed individually, falling back to `dateutil`. To ensure parsing is consistent and as-expected, please specify a format.
  timestamps = pd.to_datetime(data.iloc[:, 0], errors='coerce')
2025-04-14 04:55:27,423 - WARNING - Found 1 invalid timestamps at rows [0]...
2025-04-14 04:55:27,423 - ERROR - Error processing /mmfs1/home/sww35/testWatchAcc/LightHART/data/smartfallmm/young/accelerometer/watch/S33A03T04.csv: 0
2025-04-14 04:55:27,423 - ERROR - Error processing /mmfs1/home/sww35/testWatchAcc/LightHART/data/smartfallmm/young/accelerometer/watch/S33A03T04.csv: 0
2025-04-14 04:55:27,434 - INFO - Fixed 99 duplicate timestamps
2025-04-14 04:55:27,439 - WARNING - Found 31 time reversals
2025-04-14 04:55:27,444 - INFO - Fixed 1 duplicate timestamps
2025-04-14 04:55:27,459 - INFO - Fixed 56 duplicate timestamps
2025-04-14 04:55:27,504 - INFO - Fixed 630 duplicate timestamps
2025-04-14 04:55:27,521 - WARNING - Found 192 time reversals
2025-04-14 04:55:27,527 - INFO - Fixed 1 duplicate timestamps
2025-04-14 04:55:27,568 - INFO - Fixed 576 duplicate timestamps
2025-04-14 04:55:27,582 - WARNING - Found 228 time reversals
2025-04-14 04:55:27,631 - INFO - Fixed 800 duplicate timestamps
2025-04-14 04:55:27,647 - WARNING - Found 423 time reversals
2025-04-14 04:55:27,654 - INFO - Fixed 29 duplicate timestamps
2025-04-14 04:55:27,656 - WARNING - Found 10 time reversals
/mmfs1/home/sww35/testWatchAcc/LightHART/utils/accelerometer_processor.py:44: UserWarning: Could not infer format, so each element will be parsed individually, falling back to `dateutil`. To ensure parsing is consistent and as-expected, please specify a format.
  timestamps = pd.to_datetime(data.iloc[:, 0], errors='coerce')
2025-04-14 04:55:27,697 - WARNING - Found 469 invalid timestamps at rows [0 1 2 3 4]...
2025-04-14 04:55:27,698 - ERROR - Error processing /mmfs1/home/sww35/testWatchAcc/LightHART/data/smartfallmm/young/accelerometer/watch/S33A06T06.csv: Insufficient valid data rows after cleaning: 0
2025-04-14 04:55:27,698 - ERROR - Error processing /mmfs1/home/sww35/testWatchAcc/LightHART/data/smartfallmm/young/accelerometer/watch/S33A06T06.csv: Insufficient valid data rows after cleaning: 0
2025-04-14 04:55:27,707 - INFO - Fixed 19 duplicate timestamps
2025-04-14 04:55:27,712 - WARNING - Found 9 time reversals
2025-04-14 04:55:27,718 - INFO - Fixed 2 duplicate timestamps
2025-04-14 04:55:27,730 - INFO - Fixed 16 duplicate timestamps
2025-04-14 04:55:27,737 - INFO - Fixed 1 duplicate timestamps
/mmfs1/home/sww35/testWatchAcc/LightHART/utils/accelerometer_processor.py:44: UserWarning: Could not infer format, so each element will be parsed individually, falling back to `dateutil`. To ensure parsing is consistent and as-expected, please specify a format.
  timestamps = pd.to_datetime(data.iloc[:, 0], errors='coerce')
2025-04-14 04:55:27,767 - WARNING - Found 337 invalid timestamps at rows [0 1 2 3 4]...
2025-04-14 04:55:27,767 - ERROR - Error processing /mmfs1/home/sww35/testWatchAcc/LightHART/data/smartfallmm/young/accelerometer/watch/S33A03T11.csv: Insufficient valid data rows after cleaning: 0
2025-04-14 04:55:27,767 - ERROR - Error processing /mmfs1/home/sww35/testWatchAcc/LightHART/data/smartfallmm/young/accelerometer/watch/S33A03T11.csv: Insufficient valid data rows after cleaning: 0
2025-04-14 04:55:27,773 - INFO - Fixed 4 duplicate timestamps
2025-04-14 04:55:27,780 - INFO - Fixed 9 duplicate timestamps
2025-04-14 04:55:27,782 - WARNING - Found 1 time reversals
2025-04-14 04:55:27,788 - INFO - Fixed 2 duplicate timestamps
2025-04-14 04:55:27,796 - INFO - Fixed 11 duplicate timestamps
2025-04-14 04:55:27,803 - INFO - Fixed 8 duplicate timestamps
2025-04-14 04:55:27,817 - INFO - Fixed 68 duplicate timestamps
2025-04-14 04:55:27,823 - WARNING - Found 28 time reversals
2025-04-14 04:55:27,828 - INFO - Fixed 8 duplicate timestamps
2025-04-14 04:55:27,829 - WARNING - Found 1 time reversals
2025-04-14 04:55:27,835 - INFO - Fixed 4 duplicate timestamps
2025-04-14 04:55:27,850 - INFO - Fixed 99 duplicate timestamps
2025-04-14 04:55:27,867 - INFO - Fixed 55 duplicate timestamps
2025-04-14 04:55:27,869 - WARNING - Found 29 time reversals
/mmfs1/home/sww35/testWatchAcc/LightHART/utils/accelerometer_processor.py:44: UserWarning: Could not infer format, so each element will be parsed individually, falling back to `dateutil`. To ensure parsing is consistent and as-expected, please specify a format.
  timestamps = pd.to_datetime(data.iloc[:, 0], errors='coerce')
2025-04-14 04:55:27,906 - WARNING - Found 479 invalid timestamps at rows [0 1 2 3 4]...
2025-04-14 04:55:27,906 - ERROR - Error processing /mmfs1/home/sww35/testWatchAcc/LightHART/data/smartfallmm/young/accelerometer/watch/S33A13T11.csv: Insufficient valid data rows after cleaning: 0
2025-04-14 04:55:27,907 - ERROR - Error processing /mmfs1/home/sww35/testWatchAcc/LightHART/data/smartfallmm/young/accelerometer/watch/S33A13T11.csv: Insufficient valid data rows after cleaning: 0
2025-04-14 04:55:27,934 - INFO - Fixed 359 duplicate timestamps
2025-04-14 04:55:27,945 - WARNING - Found 123 time reversals
/mmfs1/home/sww35/testWatchAcc/LightHART/utils/accelerometer_processor.py:44: UserWarning: Could not infer format, so each element will be parsed individually, falling back to `dateutil`. To ensure parsing is consistent and as-expected, please specify a format.
  timestamps = pd.to_datetime(data.iloc[:, 0], errors='coerce')
2025-04-14 04:55:27,949 - WARNING - Found 28 invalid timestamps at rows [  0 454 455 456 457]...
2025-04-14 04:55:27,949 - ERROR - Error processing /mmfs1/home/sww35/testWatchAcc/LightHART/data/smartfallmm/young/accelerometer/watch/S33A14T03.csv: 0
2025-04-14 04:55:27,949 - ERROR - Error processing /mmfs1/home/sww35/testWatchAcc/LightHART/data/smartfallmm/young/accelerometer/watch/S33A14T03.csv: 0
2025-04-14 04:55:27,953 - INFO - Fixed 6 duplicate timestamps
/mmfs1/home/sww35/testWatchAcc/LightHART/utils/accelerometer_processor.py:44: UserWarning: Could not infer format, so each element will be parsed individually, falling back to `dateutil`. To ensure parsing is consistent and as-expected, please specify a format.
  timestamps = pd.to_datetime(data.iloc[:, 0], errors='coerce')
2025-04-14 04:55:27,957 - WARNING - Found 124 invalid timestamps at rows [  0 371 372 373 374]...
2025-04-14 04:55:27,958 - ERROR - Error processing /mmfs1/home/sww35/testWatchAcc/LightHART/data/smartfallmm/young/accelerometer/watch/S33A06T05.csv: 0
2025-04-14 04:55:27,958 - ERROR - Error processing /mmfs1/home/sww35/testWatchAcc/LightHART/data/smartfallmm/young/accelerometer/watch/S33A06T05.csv: 0
/mmfs1/home/sww35/testWatchAcc/LightHART/utils/accelerometer_processor.py:44: UserWarning: Could not infer format, so each element will be parsed individually, falling back to `dateutil`. To ensure parsing is consistent and as-expected, please specify a format.
  timestamps = pd.to_datetime(data.iloc[:, 0], errors='coerce')
2025-04-14 04:55:27,959 - WARNING - Found 1 invalid timestamps at rows [0]...
2025-04-14 04:55:27,960 - ERROR - Error processing /mmfs1/home/sww35/testWatchAcc/LightHART/data/smartfallmm/young/accelerometer/watch/S33A12T01.csv: 0
2025-04-14 04:55:27,960 - ERROR - Error processing /mmfs1/home/sww35/testWatchAcc/LightHART/data/smartfallmm/young/accelerometer/watch/S33A12T01.csv: 0
2025-04-14 04:55:27,965 - INFO - Fixed 10 duplicate timestamps
2025-04-14 04:55:27,966 - WARNING - Found 1 time reversals
/mmfs1/home/sww35/testWatchAcc/LightHART/utils/accelerometer_processor.py:44: UserWarning: Could not infer format, so each element will be parsed individually, falling back to `dateutil`. To ensure parsing is consistent and as-expected, please specify a format.
  timestamps = pd.to_datetime(data.iloc[:, 0], errors='coerce')
2025-04-14 04:55:28,001 - WARNING - Found 373 invalid timestamps at rows [0 1 2 3 4]...
2025-04-14 04:55:28,002 - ERROR - Error processing /mmfs1/home/sww35/testWatchAcc/LightHART/data/smartfallmm/young/accelerometer/watch/S33A09T05.csv: Insufficient valid data rows after cleaning: 0
2025-04-14 04:55:28,002 - ERROR - Error processing /mmfs1/home/sww35/testWatchAcc/LightHART/data/smartfallmm/young/accelerometer/watch/S33A09T05.csv: Insufficient valid data rows after cleaning: 0
2025-04-14 04:55:28,008 - INFO - Fixed 18 duplicate timestamps
/mmfs1/home/sww35/testWatchAcc/LightHART/utils/accelerometer_processor.py:44: UserWarning: Could not infer format, so each element will be parsed individually, falling back to `dateutil`. To ensure parsing is consistent and as-expected, please specify a format.
  timestamps = pd.to_datetime(data.iloc[:, 0], errors='coerce')
2025-04-14 04:55:28,012 - WARNING - Found 171 invalid timestamps at rows [  0 341 342 343 344]...
2025-04-14 04:55:28,013 - ERROR - Error processing /mmfs1/home/sww35/testWatchAcc/LightHART/data/smartfallmm/young/accelerometer/watch/S33A02T03.csv: 0
2025-04-14 04:55:28,013 - ERROR - Error processing /mmfs1/home/sww35/testWatchAcc/LightHART/data/smartfallmm/young/accelerometer/watch/S33A02T03.csv: 0
2025-04-14 04:55:28,039 - INFO - Fixed 472 duplicate timestamps
2025-04-14 04:55:28,050 - WARNING - Found 168 time reversals
2025-04-14 04:55:28,081 - INFO - Fixed 532 duplicate timestamps
2025-04-14 04:55:28,093 - WARNING - Found 126 time reversals
/mmfs1/home/sww35/testWatchAcc/LightHART/utils/accelerometer_processor.py:44: UserWarning: Could not infer format, so each element will be parsed individually, falling back to `dateutil`. To ensure parsing is consistent and as-expected, please specify a format.
  timestamps = pd.to_datetime(data.iloc[:, 0], errors='coerce')
2025-04-14 04:55:28,097 - WARNING - Found 1 invalid timestamps at rows [0]...
2025-04-14 04:55:28,098 - ERROR - Error processing /mmfs1/home/sww35/testWatchAcc/LightHART/data/smartfallmm/young/accelerometer/watch/S33A12T02.csv: 0
2025-04-14 04:55:28,098 - ERROR - Error processing /mmfs1/home/sww35/testWatchAcc/LightHART/data/smartfallmm/young/accelerometer/watch/S33A12T02.csv: 0
2025-04-14 04:55:28,102 - INFO - Fixed 1 duplicate timestamps
2025-04-14 04:55:28,110 - INFO - Fixed 34 duplicate timestamps
2025-04-14 04:55:28,126 - INFO - Fixed 44 duplicate timestamps
2025-04-14 04:55:28,134 - WARNING - Found 14 time reversals
2025-04-14 04:55:28,165 - INFO - Fixed 463 duplicate timestamps
2025-04-14 04:55:28,175 - WARNING - Found 170 time reversals
2025-04-14 04:55:28,185 - INFO - Fixed 10 duplicate timestamps
2025-04-14 04:55:28,187 - WARNING - Found 1 time reversals
2025-04-14 04:55:28,201 - INFO - Fixed 41 duplicate timestamps
2025-04-14 04:55:28,208 - WARNING - Found 17 time reversals
2025-04-14 04:55:28,227 - INFO - Fixed 9 duplicate timestamps
2025-04-14 04:55:28,243 - INFO - Fixed 30 duplicate timestamps
2025-04-14 04:55:28,281 - INFO - Fixed 454 duplicate timestamps
2025-04-14 04:55:28,295 - WARNING - Found 180 time reversals
2025-04-14 04:55:28,309 - INFO - Fixed 20 duplicate timestamps
2025-04-14 04:55:28,324 - INFO - Fixed 55 duplicate timestamps
2025-04-14 04:55:28,326 - WARNING - Found 13 time reversals
2025-04-14 04:55:28,331 - INFO - Fixed 3 duplicate timestamps
2025-04-14 04:55:28,338 - INFO - Fixed 5 duplicate timestamps
2025-04-14 04:55:28,358 - INFO - Fixed 25 duplicate timestamps
2025-04-14 04:55:28,366 - WARNING - Found 8 time reversals
2025-04-14 04:55:28,382 - INFO - Fixed 135 duplicate timestamps
2025-04-14 04:55:28,388 - WARNING - Found 36 time reversals
2025-04-14 04:55:28,399 - INFO - Fixed 13 duplicate timestamps
2025-04-14 04:55:28,408 - INFO - Fixed 1 duplicate timestamps
2025-04-14 04:55:28,415 - INFO - Fixed 8 duplicate timestamps
2025-04-14 04:55:28,416 - WARNING - Found 1 time reversals
2025-04-14 04:55:28,452 - INFO - Fixed 558 duplicate timestamps
2025-04-14 04:55:28,465 - WARNING - Found 206 time reversals
2025-04-14 04:55:28,479 - INFO - Fixed 68 duplicate timestamps
2025-04-14 04:55:28,484 - WARNING - Found 28 time reversals
2025-04-14 04:55:28,492 - INFO - Fixed 23 duplicate timestamps
2025-04-14 04:55:28,535 - INFO - Fixed 600 duplicate timestamps
2025-04-14 04:55:28,549 - WARNING - Found 225 time reversals
2025-04-14 04:55:28,557 - INFO - Fixed 33 duplicate timestamps
2025-04-14 04:55:28,560 - WARNING - Found 17 time reversals
2025-04-14 04:55:28,568 - INFO - Fixed 28 duplicate timestamps
2025-04-14 04:55:28,578 - INFO - Fixed 5 duplicate timestamps
2025-04-14 04:55:28,586 - INFO - Fixed 9 duplicate timestamps
2025-04-14 04:55:28,596 - INFO - Fixed 13 duplicate timestamps
2025-04-14 04:55:28,608 - INFO - Fixed 62 duplicate timestamps
2025-04-14 04:55:28,611 - WARNING - Found 22 time reversals
/mmfs1/home/sww35/testWatchAcc/LightHART/utils/accelerometer_processor.py:44: UserWarning: Could not infer format, so each element will be parsed individually, falling back to `dateutil`. To ensure parsing is consistent and as-expected, please specify a format.
  timestamps = pd.to_datetime(data.iloc[:, 0], errors='coerce')
2025-04-14 04:55:28,614 - WARNING - Found 1 invalid timestamps at rows [0]...
2025-04-14 04:55:28,615 - ERROR - Error processing /mmfs1/home/sww35/testWatchAcc/LightHART/data/smartfallmm/young/accelerometer/watch/S33A06T03.csv: 0
2025-04-14 04:55:28,615 - ERROR - Error processing /mmfs1/home/sww35/testWatchAcc/LightHART/data/smartfallmm/young/accelerometer/watch/S33A06T03.csv: 0
/mmfs1/home/sww35/testWatchAcc/LightHART/utils/accelerometer_processor.py:44: UserWarning: Could not infer format, so each element will be parsed individually, falling back to `dateutil`. To ensure parsing is consistent and as-expected, please specify a format.
  timestamps = pd.to_datetime(data.iloc[:, 0], errors='coerce')
2025-04-14 04:55:28,617 - WARNING - Found 30 invalid timestamps at rows [  0 451 452 453 454]...
2025-04-14 04:55:28,618 - ERROR - Error processing /mmfs1/home/sww35/testWatchAcc/LightHART/data/smartfallmm/young/accelerometer/watch/S33A03T05.csv: 0
2025-04-14 04:55:28,618 - ERROR - Error processing /mmfs1/home/sww35/testWatchAcc/LightHART/data/smartfallmm/young/accelerometer/watch/S33A03T05.csv: 0
2025-04-14 04:55:28,666 - INFO - Fixed 887 duplicate timestamps
2025-04-14 04:55:28,683 - WARNING - Found 351 time reversals
2025-04-14 04:55:28,692 - INFO - Fixed 27 duplicate timestamps
/mmfs1/home/sww35/testWatchAcc/LightHART/utils/accelerometer_processor.py:44: UserWarning: Could not infer format, so each element will be parsed individually, falling back to `dateutil`. To ensure parsing is consistent and as-expected, please specify a format.
  timestamps = pd.to_datetime(data.iloc[:, 0], errors='coerce')
2025-04-14 04:55:28,730 - WARNING - Found 486 invalid timestamps at rows [0 1 2 3 4]...
2025-04-14 04:55:28,731 - ERROR - Error processing /mmfs1/home/sww35/testWatchAcc/LightHART/data/smartfallmm/young/accelerometer/watch/S33A11T02.csv: Insufficient valid data rows after cleaning: 0
2025-04-14 04:55:28,731 - ERROR - Error processing /mmfs1/home/sww35/testWatchAcc/LightHART/data/smartfallmm/young/accelerometer/watch/S33A11T02.csv: Insufficient valid data rows after cleaning: 0
2025-04-14 04:55:28,807 - INFO - Fixed 1512 duplicate timestamps
2025-04-14 04:55:28,831 - WARNING - Found 535 time reversals
2025-04-14 04:55:28,838 - INFO - Fixed 7 duplicate timestamps
2025-04-14 04:55:28,846 - INFO - Fixed 6 duplicate timestamps
/mmfs1/home/sww35/testWatchAcc/LightHART/utils/accelerometer_processor.py:44: UserWarning: Could not infer format, so each element will be parsed individually, falling back to `dateutil`. To ensure parsing is consistent and as-expected, please specify a format.
  timestamps = pd.to_datetime(data.iloc[:, 0], errors='coerce')
2025-04-14 04:55:28,879 - WARNING - Found 509 invalid timestamps at rows [0 1 2 3 4]...
2025-04-14 04:55:28,879 - ERROR - Error processing /mmfs1/home/sww35/testWatchAcc/LightHART/data/smartfallmm/young/accelerometer/watch/S33A08T09.csv: Insufficient valid data rows after cleaning: 0
2025-04-14 04:55:28,879 - ERROR - Error processing /mmfs1/home/sww35/testWatchAcc/LightHART/data/smartfallmm/young/accelerometer/watch/S33A08T09.csv: Insufficient valid data rows after cleaning: 0
2025-04-14 04:55:28,884 - INFO - Fixed 7 duplicate timestamps
2025-04-14 04:55:28,885 - WARNING - Found 1 time reversals
/mmfs1/home/sww35/testWatchAcc/LightHART/utils/accelerometer_processor.py:44: UserWarning: Could not infer format, so each element will be parsed individually, falling back to `dateutil`. To ensure parsing is consistent and as-expected, please specify a format.
  timestamps = pd.to_datetime(data.iloc[:, 0], errors='coerce')
2025-04-14 04:55:28,895 - WARNING - Found 97 invalid timestamps at rows [0 1 2 3 4]...
2025-04-14 04:55:28,895 - ERROR - Error processing /mmfs1/home/sww35/testWatchAcc/LightHART/data/smartfallmm/young/accelerometer/watch/S33A05T06.csv: Insufficient valid data rows after cleaning: 0
2025-04-14 04:55:28,895 - ERROR - Error processing /mmfs1/home/sww35/testWatchAcc/LightHART/data/smartfallmm/young/accelerometer/watch/S33A05T06.csv: Insufficient valid data rows after cleaning: 0
/mmfs1/home/sww35/testWatchAcc/LightHART/utils/accelerometer_processor.py:44: UserWarning: Could not infer format, so each element will be parsed individually, falling back to `dateutil`. To ensure parsing is consistent and as-expected, please specify a format.
  timestamps = pd.to_datetime(data.iloc[:, 0], errors='coerce')
2025-04-14 04:55:28,898 - WARNING - Found 107 invalid timestamps at rows [  0 383 384 385 386]...
2025-04-14 04:55:28,899 - ERROR - Error processing /mmfs1/home/sww35/testWatchAcc/LightHART/data/smartfallmm/young/accelerometer/watch/S33A05T02.csv: 0
2025-04-14 04:55:28,899 - ERROR - Error processing /mmfs1/home/sww35/testWatchAcc/LightHART/data/smartfallmm/young/accelerometer/watch/S33A05T02.csv: 0
2025-04-14 04:55:28,941 - INFO - Fixed 747 duplicate timestamps
2025-04-14 04:55:28,955 - WARNING - Found 371 time reversals
2025-04-14 04:55:28,962 - INFO - Fixed 10 duplicate timestamps
2025-04-14 04:55:28,970 - INFO - Fixed 9 duplicate timestamps
2025-04-14 04:55:28,973 - WARNING - Found 1 time reversals
2025-04-14 04:55:28,981 - INFO - Fixed 1 duplicate timestamps
2025-04-14 04:55:28,987 - INFO - Fixed 2 duplicate timestamps
2025-04-14 04:55:29,002 - INFO - Fixed 36 duplicate timestamps
2025-04-14 04:55:29,009 - WARNING - Found 12 time reversals
2025-04-14 04:55:29,021 - INFO - Fixed 60 duplicate timestamps
2025-04-14 04:55:29,026 - WARNING - Found 19 time reversals
2025-04-14 04:55:29,039 - INFO - Fixed 68 duplicate timestamps
2025-04-14 04:55:29,045 - WARNING - Found 28 time reversals
2025-04-14 04:55:29,057 - INFO - Fixed 83 duplicate timestamps
2025-04-14 04:55:29,062 - WARNING - Found 17 time reversals
2025-04-14 04:55:29,072 - INFO - Fixed 61 duplicate timestamps
2025-04-14 04:55:29,075 - WARNING - Found 21 time reversals
2025-04-14 04:55:29,081 - INFO - Fixed 3 duplicate timestamps
2025-04-14 04:55:29,088 - INFO - Fixed 5 duplicate timestamps
2025-04-14 04:55:29,096 - INFO - Fixed 17 duplicate timestamps
2025-04-14 04:55:29,103 - INFO - Fixed 11 duplicate timestamps
2025-04-14 04:55:29,119 - INFO - Fixed 48 duplicate timestamps
2025-04-14 04:55:29,125 - WARNING - Found 26 time reversals
2025-04-14 04:55:29,135 - INFO - Fixed 69 duplicate timestamps
2025-04-14 04:55:29,138 - WARNING - Found 17 time reversals
2025-04-14 04:55:29,147 - INFO - Fixed 46 duplicate timestamps
2025-04-14 04:55:29,150 - WARNING - Found 12 time reversals
2025-04-14 04:55:29,163 - INFO - Fixed 68 duplicate timestamps
2025-04-14 04:55:29,169 - WARNING - Found 28 time reversals
2025-04-14 04:55:29,175 - INFO - Fixed 14 duplicate timestamps
2025-04-14 04:55:29,177 - WARNING - Found 2 time reversals
2025-04-14 04:55:29,190 - INFO - Fixed 40 duplicate timestamps
2025-04-14 04:55:29,196 - WARNING - Found 13 time reversals
2025-04-14 04:55:29,202 - INFO - Fixed 4 duplicate timestamps
2025-04-14 04:55:29,231 - INFO - Fixed 92 duplicate timestamps
2025-04-14 04:55:29,247 - WARNING - Found 39 time reversals
2025-04-14 04:55:29,252 - INFO - Fixed 8 duplicate timestamps
2025-04-14 04:55:29,254 - WARNING - Found 1 time reversals
2025-04-14 04:55:29,260 - INFO - Fixed 9 duplicate timestamps
2025-04-14 04:55:29,272 - INFO - Fixed 54 duplicate timestamps
2025-04-14 04:55:29,277 - WARNING - Found 13 time reversals
/mmfs1/home/sww35/testWatchAcc/LightHART/utils/accelerometer_processor.py:44: UserWarning: Could not infer format, so each element will be parsed individually, falling back to `dateutil`. To ensure parsing is consistent and as-expected, please specify a format.
  timestamps = pd.to_datetime(data.iloc[:, 0], errors='coerce')
2025-04-14 04:55:29,307 - WARNING - Found 64 invalid timestamps at rows [0 1 2 3 4]...
2025-04-14 04:55:29,307 - ERROR - Error processing /mmfs1/home/sww35/testWatchAcc/LightHART/data/smartfallmm/young/accelerometer/watch/S33A03T10.csv: Insufficient valid data rows after cleaning: 0
2025-04-14 04:55:29,307 - ERROR - Error processing /mmfs1/home/sww35/testWatchAcc/LightHART/data/smartfallmm/young/accelerometer/watch/S33A03T10.csv: Insufficient valid data rows after cleaning: 0
2025-04-14 04:55:29,319 - INFO - Fixed 164 duplicate timestamps
2025-04-14 04:55:29,323 - WARNING - Found 35 time reversals
/mmfs1/home/sww35/testWatchAcc/LightHART/utils/accelerometer_processor.py:44: UserWarning: Could not infer format, so each element will be parsed individually, falling back to `dateutil`. To ensure parsing is consistent and as-expected, please specify a format.
  timestamps = pd.to_datetime(data.iloc[:, 0], errors='coerce')
2025-04-14 04:55:29,360 - WARNING - Found 472 invalid timestamps at rows [0 1 2 3 4]...
2025-04-14 04:55:29,360 - ERROR - Error processing /mmfs1/home/sww35/testWatchAcc/LightHART/data/smartfallmm/young/accelerometer/watch/S33A03T07.csv: Insufficient valid data rows after cleaning: 0
2025-04-14 04:55:29,360 - ERROR - Error processing /mmfs1/home/sww35/testWatchAcc/LightHART/data/smartfallmm/young/accelerometer/watch/S33A03T07.csv: Insufficient valid data rows after cleaning: 0
2025-04-14 04:55:29,373 - INFO - Fixed 48 duplicate timestamps
2025-04-14 04:55:29,379 - WARNING - Found 18 time reversals
2025-04-14 04:55:29,386 - INFO - Fixed 19 duplicate timestamps
2025-04-14 04:55:29,389 - WARNING - Found 3 time reversals
/mmfs1/home/sww35/testWatchAcc/LightHART/utils/accelerometer_processor.py:44: UserWarning: Could not infer format, so each element will be parsed individually, falling back to `dateutil`. To ensure parsing is consistent and as-expected, please specify a format.
  timestamps = pd.to_datetime(data.iloc[:, 0], errors='coerce')
2025-04-14 04:55:29,395 - WARNING - Found 169 invalid timestamps at rows [  0 342 343 344 345]...
2025-04-14 04:55:29,396 - ERROR - Error processing /mmfs1/home/sww35/testWatchAcc/LightHART/data/smartfallmm/young/accelerometer/watch/S33A08T01.csv: 0
2025-04-14 04:55:29,396 - ERROR - Error processing /mmfs1/home/sww35/testWatchAcc/LightHART/data/smartfallmm/young/accelerometer/watch/S33A08T01.csv: 0
/mmfs1/home/sww35/testWatchAcc/LightHART/utils/accelerometer_processor.py:44: UserWarning: Could not infer format, so each element will be parsed individually, falling back to `dateutil`. To ensure parsing is consistent and as-expected, please specify a format.
  timestamps = pd.to_datetime(data.iloc[:, 0], errors='coerce')
2025-04-14 04:55:29,424 - WARNING - Found 366 invalid timestamps at rows [0 1 2 3 4]...
2025-04-14 04:55:29,424 - ERROR - Error processing /mmfs1/home/sww35/testWatchAcc/LightHART/data/smartfallmm/young/accelerometer/watch/S33A13T08.csv: Insufficient valid data rows after cleaning: 0
2025-04-14 04:55:29,424 - ERROR - Error processing /mmfs1/home/sww35/testWatchAcc/LightHART/data/smartfallmm/young/accelerometer/watch/S33A13T08.csv: Insufficient valid data rows after cleaning: 0
2025-04-14 04:55:29,430 - INFO - Fixed 2 duplicate timestamps
2025-04-14 04:55:29,439 - INFO - Fixed 12 duplicate timestamps
2025-04-14 04:55:29,477 - INFO - Fixed 552 duplicate timestamps
2025-04-14 04:55:29,490 - WARNING - Found 233 time reversals
2025-04-14 04:55:29,496 - INFO - Fixed 1 duplicate timestamps
2025-04-14 04:55:29,503 - INFO - Fixed 5 duplicate timestamps
2025-04-14 04:55:29,515 - INFO - Fixed 14 duplicate timestamps
2025-04-14 04:55:29,520 - WARNING - Found 2 time reversals
/mmfs1/home/sww35/testWatchAcc/LightHART/utils/accelerometer_processor.py:44: UserWarning: Could not infer format, so each element will be parsed individually, falling back to `dateutil`. To ensure parsing is consistent and as-expected, please specify a format.
  timestamps = pd.to_datetime(data.iloc[:, 0], errors='coerce')
2025-04-14 04:55:29,523 - WARNING - Found 98 invalid timestamps at rows [  0 392 393 394 395]...
2025-04-14 04:55:29,524 - ERROR - Error processing /mmfs1/home/sww35/testWatchAcc/LightHART/data/smartfallmm/young/accelerometer/watch/S33A06T02.csv: 0
2025-04-14 04:55:29,524 - ERROR - Error processing /mmfs1/home/sww35/testWatchAcc/LightHART/data/smartfallmm/young/accelerometer/watch/S33A06T02.csv: 0
/mmfs1/home/sww35/testWatchAcc/LightHART/utils/accelerometer_processor.py:44: UserWarning: Could not infer format, so each element will be parsed individually, falling back to `dateutil`. To ensure parsing is consistent and as-expected, please specify a format.
  timestamps = pd.to_datetime(data.iloc[:, 0], errors='coerce')
2025-04-14 04:55:29,540 - WARNING - Found 183 invalid timestamps at rows [0 1 2 3 4]...
2025-04-14 04:55:29,540 - ERROR - Error processing /mmfs1/home/sww35/testWatchAcc/LightHART/data/smartfallmm/young/accelerometer/watch/S33A01T03.csv: Insufficient valid data rows after cleaning: 0
2025-04-14 04:55:29,540 - ERROR - Error processing /mmfs1/home/sww35/testWatchAcc/LightHART/data/smartfallmm/young/accelerometer/watch/S33A01T03.csv: Insufficient valid data rows after cleaning: 0
2025-04-14 04:55:29,546 - INFO - Fixed 11 duplicate timestamps
2025-04-14 04:55:29,548 - WARNING - Found 1 time reversals
2025-04-14 04:55:29,564 - INFO - Fixed 74 duplicate timestamps
2025-04-14 04:55:29,572 - WARNING - Found 22 time reversals
2025-04-14 04:55:29,579 - INFO - Fixed 2 duplicate timestamps
2025-04-14 04:55:29,586 - INFO - Fixed 3 duplicate timestamps
2025-04-14 04:55:29,606 - INFO - Fixed 68 duplicate timestamps
2025-04-14 04:55:29,615 - WARNING - Found 33 time reversals
/mmfs1/home/sww35/testWatchAcc/LightHART/utils/accelerometer_processor.py:44: UserWarning: Could not infer format, so each element will be parsed individually, falling back to `dateutil`. To ensure parsing is consistent and as-expected, please specify a format.
  timestamps = pd.to_datetime(data.iloc[:, 0], errors='coerce')
2025-04-14 04:55:29,652 - WARNING - Found 486 invalid timestamps at rows [0 1 2 3 4]...
2025-04-14 04:55:29,653 - ERROR - Error processing /mmfs1/home/sww35/testWatchAcc/LightHART/data/smartfallmm/young/accelerometer/watch/S33A09T09.csv: Insufficient valid data rows after cleaning: 0
2025-04-14 04:55:29,653 - ERROR - Error processing /mmfs1/home/sww35/testWatchAcc/LightHART/data/smartfallmm/young/accelerometer/watch/S33A09T09.csv: Insufficient valid data rows after cleaning: 0
/mmfs1/home/sww35/testWatchAcc/LightHART/utils/accelerometer_processor.py:44: UserWarning: Could not infer format, so each element will be parsed individually, falling back to `dateutil`. To ensure parsing is consistent and as-expected, please specify a format.
  timestamps = pd.to_datetime(data.iloc[:, 0], errors='coerce')
2025-04-14 04:55:29,659 - WARNING - Found 1 invalid timestamps at rows [0]...
2025-04-14 04:55:29,659 - ERROR - Error processing /mmfs1/home/sww35/testWatchAcc/LightHART/data/smartfallmm/young/accelerometer/watch/S33A10T02.csv: 0
2025-04-14 04:55:29,659 - ERROR - Error processing /mmfs1/home/sww35/testWatchAcc/LightHART/data/smartfallmm/young/accelerometer/watch/S33A10T02.csv: 0
2025-04-14 04:55:29,668 - INFO - Fixed 121 duplicate timestamps
2025-04-14 04:55:29,671 - WARNING - Found 41 time reversals
2025-04-14 04:55:29,706 - INFO - Fixed 755 duplicate timestamps
2025-04-14 04:55:29,720 - WARNING - Found 167 time reversals
/mmfs1/home/sww35/testWatchAcc/LightHART/utils/accelerometer_processor.py:44: UserWarning: Could not infer format, so each element will be parsed individually, falling back to `dateutil`. To ensure parsing is consistent and as-expected, please specify a format.
  timestamps = pd.to_datetime(data.iloc[:, 0], errors='coerce')
2025-04-14 04:55:29,729 - WARNING - Found 1 invalid timestamps at rows [0]...
2025-04-14 04:55:29,730 - ERROR - Error processing /mmfs1/home/sww35/testWatchAcc/LightHART/data/smartfallmm/young/accelerometer/watch/S33A09T03.csv: 0
2025-04-14 04:55:29,730 - ERROR - Error processing /mmfs1/home/sww35/testWatchAcc/LightHART/data/smartfallmm/young/accelerometer/watch/S33A09T03.csv: 0
2025-04-14 04:55:29,736 - INFO - Fixed 9 duplicate timestamps
/mmfs1/home/sww35/testWatchAcc/LightHART/utils/accelerometer_processor.py:44: UserWarning: Could not infer format, so each element will be parsed individually, falling back to `dateutil`. To ensure parsing is consistent and as-expected, please specify a format.
  timestamps = pd.to_datetime(data.iloc[:, 0], errors='coerce')
2025-04-14 04:55:29,769 - WARNING - Found 510 invalid timestamps at rows [0 1 2 3 4]...
2025-04-14 04:55:29,770 - ERROR - Error processing /mmfs1/home/sww35/testWatchAcc/LightHART/data/smartfallmm/young/accelerometer/watch/S33A02T04.csv: Insufficient valid data rows after cleaning: 0
2025-04-14 04:55:29,770 - ERROR - Error processing /mmfs1/home/sww35/testWatchAcc/LightHART/data/smartfallmm/young/accelerometer/watch/S33A02T04.csv: Insufficient valid data rows after cleaning: 0
/mmfs1/home/sww35/testWatchAcc/LightHART/utils/accelerometer_processor.py:44: UserWarning: Could not infer format, so each element will be parsed individually, falling back to `dateutil`. To ensure parsing is consistent and as-expected, please specify a format.
  timestamps = pd.to_datetime(data.iloc[:, 0], errors='coerce')
2025-04-14 04:55:29,772 - WARNING - Found 109 invalid timestamps at rows [  0 386 387 388 389]...
2025-04-14 04:55:29,773 - ERROR - Error processing /mmfs1/home/sww35/testWatchAcc/LightHART/data/smartfallmm/young/accelerometer/watch/S33A13T01.csv: 0
2025-04-14 04:55:29,773 - ERROR - Error processing /mmfs1/home/sww35/testWatchAcc/LightHART/data/smartfallmm/young/accelerometer/watch/S33A13T01.csv: 0
/mmfs1/home/sww35/testWatchAcc/LightHART/utils/accelerometer_processor.py:44: UserWarning: Could not infer format, so each element will be parsed individually, falling back to `dateutil`. To ensure parsing is consistent and as-expected, please specify a format.
  timestamps = pd.to_datetime(data.iloc[:, 0], errors='coerce')
2025-04-14 04:55:29,803 - WARNING - Found 509 invalid timestamps at rows [0 1 2 3 4]...
2025-04-14 04:55:29,804 - ERROR - Error processing /mmfs1/home/sww35/testWatchAcc/LightHART/data/smartfallmm/young/accelerometer/watch/S33A08T03.csv: Insufficient valid data rows after cleaning: 0
2025-04-14 04:55:29,804 - ERROR - Error processing /mmfs1/home/sww35/testWatchAcc/LightHART/data/smartfallmm/young/accelerometer/watch/S33A08T03.csv: Insufficient valid data rows after cleaning: 0
/mmfs1/home/sww35/testWatchAcc/LightHART/utils/accelerometer_processor.py:44: UserWarning: Could not infer format, so each element will be parsed individually, falling back to `dateutil`. To ensure parsing is consistent and as-expected, please specify a format.
  timestamps = pd.to_datetime(data.iloc[:, 0], errors='coerce')
2025-04-14 04:55:29,830 - WARNING - Found 335 invalid timestamps at rows [0 1 2 3 4]...
2025-04-14 04:55:29,830 - ERROR - Error processing /mmfs1/home/sww35/testWatchAcc/LightHART/data/smartfallmm/young/accelerometer/watch/S33A07T09.csv: Insufficient valid data rows after cleaning: 0
2025-04-14 04:55:29,830 - ERROR - Error processing /mmfs1/home/sww35/testWatchAcc/LightHART/data/smartfallmm/young/accelerometer/watch/S33A07T09.csv: Insufficient valid data rows after cleaning: 0
2025-04-14 04:55:29,844 - INFO - Fixed 12 duplicate timestamps
2025-04-14 04:55:29,849 - WARNING - Found 1 time reversals
2025-04-14 04:55:29,854 - INFO - Fixed 2 duplicate timestamps
/mmfs1/home/sww35/testWatchAcc/LightHART/utils/accelerometer_processor.py:44: UserWarning: Could not infer format, so each element will be parsed individually, falling back to `dateutil`. To ensure parsing is consistent and as-expected, please specify a format.
  timestamps = pd.to_datetime(data.iloc[:, 0], errors='coerce')
2025-04-14 04:55:29,886 - WARNING - Found 511 invalid timestamps at rows [0 1 2 3 4]...
2025-04-14 04:55:29,886 - ERROR - Error processing /mmfs1/home/sww35/testWatchAcc/LightHART/data/smartfallmm/young/accelerometer/watch/S33A03T14.csv: Insufficient valid data rows after cleaning: 0
2025-04-14 04:55:29,886 - ERROR - Error processing /mmfs1/home/sww35/testWatchAcc/LightHART/data/smartfallmm/young/accelerometer/watch/S33A03T14.csv: Insufficient valid data rows after cleaning: 0
2025-04-14 04:55:29,920 - INFO - Fixed 505 duplicate timestamps
2025-04-14 04:55:29,932 - WARNING - Found 180 time reversals
2025-04-14 04:55:29,945 - INFO - Fixed 68 duplicate timestamps
2025-04-14 04:55:29,951 - WARNING - Found 28 time reversals
2025-04-14 04:55:29,957 - INFO - Fixed 6 duplicate timestamps
2025-04-14 04:55:29,988 - INFO - Fixed 452 duplicate timestamps
2025-04-14 04:55:29,999 - WARNING - Found 132 time reversals
/mmfs1/home/sww35/testWatchAcc/LightHART/utils/accelerometer_processor.py:44: UserWarning: Could not infer format, so each element will be parsed individually, falling back to `dateutil`. To ensure parsing is consistent and as-expected, please specify a format.
  timestamps = pd.to_datetime(data.iloc[:, 0], errors='coerce')
2025-04-14 04:55:30,022 - WARNING - Found 288 invalid timestamps at rows [0 1 2 3 4]...
2025-04-14 04:55:30,022 - ERROR - Error processing /mmfs1/home/sww35/testWatchAcc/LightHART/data/smartfallmm/young/accelerometer/watch/S33A11T03.csv: Insufficient valid data rows after cleaning: 0
2025-04-14 04:55:30,023 - ERROR - Error processing /mmfs1/home/sww35/testWatchAcc/LightHART/data/smartfallmm/young/accelerometer/watch/S33A11T03.csv: Insufficient valid data rows after cleaning: 0
2025-04-14 04:55:30,032 - INFO - Fixed 7 duplicate timestamps
2025-04-14 04:55:30,033 - WARNING - Found 1 time reversals
/mmfs1/home/sww35/testWatchAcc/LightHART/utils/accelerometer_processor.py:44: UserWarning: Could not infer format, so each element will be parsed individually, falling back to `dateutil`. To ensure parsing is consistent and as-expected, please specify a format.
  timestamps = pd.to_datetime(data.iloc[:, 0], errors='coerce')
2025-04-14 04:55:30,036 - WARNING - Found 160 invalid timestamps at rows [  0 320 321 322 323]...
2025-04-14 04:55:30,037 - ERROR - Error processing /mmfs1/home/sww35/testWatchAcc/LightHART/data/smartfallmm/young/accelerometer/watch/S33A07T03.csv: 0
2025-04-14 04:55:30,037 - ERROR - Error processing /mmfs1/home/sww35/testWatchAcc/LightHART/data/smartfallmm/young/accelerometer/watch/S33A07T03.csv: 0
2025-04-14 04:55:30,064 - INFO - Fixed 120 duplicate timestamps
2025-04-14 04:55:30,079 - WARNING - Found 35 time reversals
2025-04-14 04:55:30,087 - INFO - Fixed 47 duplicate timestamps
2025-04-14 04:55:30,089 - WARNING - Found 17 time reversals
2025-04-14 04:55:30,109 - INFO - Fixed 100 duplicate timestamps
2025-04-14 04:55:30,118 - WARNING - Found 33 time reversals
2025-04-14 04:55:30,124 - INFO - Fixed 34 duplicate timestamps
2025-04-14 04:55:30,132 - INFO - Fixed 52 duplicate timestamps
2025-04-14 04:55:30,134 - WARNING - Found 9 time reversals
/mmfs1/home/sww35/testWatchAcc/LightHART/utils/accelerometer_processor.py:44: UserWarning: Could not infer format, so each element will be parsed individually, falling back to `dateutil`. To ensure parsing is consistent and as-expected, please specify a format.
  timestamps = pd.to_datetime(data.iloc[:, 0], errors='coerce')
2025-04-14 04:55:30,177 - WARNING - Found 618 invalid timestamps at rows [0 1 2 3 4]...
2025-04-14 04:55:30,177 - ERROR - Error processing /mmfs1/home/sww35/testWatchAcc/LightHART/data/smartfallmm/young/accelerometer/watch/S33A05T04.csv: Insufficient valid data rows after cleaning: 0
2025-04-14 04:55:30,177 - ERROR - Error processing /mmfs1/home/sww35/testWatchAcc/LightHART/data/smartfallmm/young/accelerometer/watch/S33A05T04.csv: Insufficient valid data rows after cleaning: 0
2025-04-14 04:55:30,183 - INFO - Fixed 1 duplicate timestamps
2025-04-14 04:55:30,191 - INFO - Fixed 38 duplicate timestamps
2025-04-14 04:55:30,193 - WARNING - Found 5 time reversals
/mmfs1/home/sww35/testWatchAcc/LightHART/utils/accelerometer_processor.py:44: UserWarning: Could not infer format, so each element will be parsed individually, falling back to `dateutil`. To ensure parsing is consistent and as-expected, please specify a format.
  timestamps = pd.to_datetime(data.iloc[:, 0], errors='coerce')
2025-04-14 04:55:30,197 - WARNING - Found 1 invalid timestamps at rows [0]...
2025-04-14 04:55:30,197 - ERROR - Error processing /mmfs1/home/sww35/testWatchAcc/LightHART/data/smartfallmm/young/accelerometer/watch/S33A05T01.csv: 0
2025-04-14 04:55:30,197 - ERROR - Error processing /mmfs1/home/sww35/testWatchAcc/LightHART/data/smartfallmm/young/accelerometer/watch/S33A05T01.csv: 0
2025-04-14 04:55:30,237 - INFO - Fixed 642 duplicate timestamps
2025-04-14 04:55:30,253 - WARNING - Found 228 time reversals
2025-04-14 04:55:30,260 - INFO - Fixed 23 duplicate timestamps
/mmfs1/home/sww35/testWatchAcc/LightHART/utils/accelerometer_processor.py:44: UserWarning: Could not infer format, so each element will be parsed individually, falling back to `dateutil`. To ensure parsing is consistent and as-expected, please specify a format.
  timestamps = pd.to_datetime(data.iloc[:, 0], errors='coerce')
2025-04-14 04:55:30,294 - WARNING - Found 495 invalid timestamps at rows [0 1 2 3 4]...
2025-04-14 04:55:30,294 - ERROR - Error processing /mmfs1/home/sww35/testWatchAcc/LightHART/data/smartfallmm/young/accelerometer/watch/S33A03T06.csv: Insufficient valid data rows after cleaning: 0
2025-04-14 04:55:30,294 - ERROR - Error processing /mmfs1/home/sww35/testWatchAcc/LightHART/data/smartfallmm/young/accelerometer/watch/S33A03T06.csv: Insufficient valid data rows after cleaning: 0
2025-04-14 04:55:30,303 - INFO - Fixed 65 duplicate timestamps
2025-04-14 04:55:30,308 - WARNING - Found 18 time reversals
2025-04-14 04:55:30,322 - INFO - Fixed 7 duplicate timestamps
2025-04-14 04:55:30,331 - WARNING - Found 1 time reversals
2025-04-14 04:55:30,387 - INFO - Fixed 733 duplicate timestamps
2025-04-14 04:55:30,405 - WARNING - Found 282 time reversals
2025-04-14 04:55:30,419 - INFO - Fixed 68 duplicate timestamps
2025-04-14 04:55:30,424 - WARNING - Found 28 time reversals
2025-04-14 04:55:30,430 - INFO - Fixed 7 duplicate timestamps
2025-04-14 04:55:30,431 - WARNING - Found 1 time reversals
2025-04-14 04:55:30,436 - INFO - Fixed 2 duplicate timestamps
2025-04-14 04:55:30,470 - INFO - Fixed 471 duplicate timestamps
2025-04-14 04:55:30,482 - WARNING - Found 147 time reversals
2025-04-14 04:55:30,489 - INFO - Fixed 11 duplicate timestamps
2025-04-14 04:55:30,492 - WARNING - Found 2 time reversals
2025-04-14 04:55:30,503 - INFO - Fixed 31 duplicate timestamps
2025-04-14 04:55:30,508 - WARNING - Found 14 time reversals
2025-04-14 04:55:30,513 - INFO - Fixed 1 duplicate timestamps
2025-04-14 04:55:30,520 - INFO - Fixed 1 duplicate timestamps
2025-04-14 04:55:30,531 - INFO - Fixed 2 duplicate timestamps
2025-04-14 04:55:30,542 - INFO - Fixed 17 duplicate timestamps
2025-04-14 04:55:30,543 - WARNING - Found 4 time reversals
2025-04-14 04:55:30,549 - INFO - Fixed 13 duplicate timestamps
2025-04-14 04:55:30,550 - WARNING - Found 2 time reversals
2025-04-14 04:55:30,556 - INFO - Fixed 41 duplicate timestamps
2025-04-14 04:55:30,558 - WARNING - Found 10 time reversals
2025-04-14 04:55:30,563 - INFO - Fixed 14 duplicate timestamps
2025-04-14 04:55:30,564 - WARNING - Found 4 time reversals
2025-04-14 04:55:30,574 - INFO - Fixed 2 duplicate timestamps
2025-04-14 04:55:30,582 - INFO - Fixed 3 duplicate timestamps
2025-04-14 04:55:30,590 - INFO - Fixed 2 duplicate timestamps
/mmfs1/home/sww35/testWatchAcc/LightHART/utils/accelerometer_processor.py:44: UserWarning: Could not infer format, so each element will be parsed individually, falling back to `dateutil`. To ensure parsing is consistent and as-expected, please specify a format.
  timestamps = pd.to_datetime(data.iloc[:, 0], errors='coerce')
2025-04-14 04:55:30,604 - WARNING - Found 157 invalid timestamps at rows [0 1 2 3 4]...
2025-04-14 04:55:30,605 - ERROR - Error processing /mmfs1/home/sww35/testWatchAcc/LightHART/data/smartfallmm/young/accelerometer/watch/S33A09T07.csv: Insufficient valid data rows after cleaning: 0
2025-04-14 04:55:30,605 - ERROR - Error processing /mmfs1/home/sww35/testWatchAcc/LightHART/data/smartfallmm/young/accelerometer/watch/S33A09T07.csv: Insufficient valid data rows after cleaning: 0
/mmfs1/home/sww35/testWatchAcc/LightHART/utils/accelerometer_processor.py:44: UserWarning: Could not infer format, so each element will be parsed individually, falling back to `dateutil`. To ensure parsing is consistent and as-expected, please specify a format.
  timestamps = pd.to_datetime(data.iloc[:, 0], errors='coerce')
2025-04-14 04:55:30,636 - WARNING - Found 510 invalid timestamps at rows [0 1 2 3 4]...
2025-04-14 04:55:30,636 - ERROR - Error processing /mmfs1/home/sww35/testWatchAcc/LightHART/data/smartfallmm/young/accelerometer/watch/S33A08T02.csv: Insufficient valid data rows after cleaning: 0
2025-04-14 04:55:30,636 - ERROR - Error processing /mmfs1/home/sww35/testWatchAcc/LightHART/data/smartfallmm/young/accelerometer/watch/S33A08T02.csv: Insufficient valid data rows after cleaning: 0
2025-04-14 04:55:30,642 - INFO - Fixed 1 duplicate timestamps
2025-04-14 04:55:30,656 - INFO - Fixed 151 duplicate timestamps
2025-04-14 04:55:30,660 - WARNING - Found 55 time reversals
2025-04-14 04:55:30,667 - INFO - Fixed 2 duplicate timestamps
2025-04-14 04:55:30,722 - INFO - Fixed 934 duplicate timestamps
2025-04-14 04:55:30,741 - WARNING - Found 430 time reversals
/mmfs1/home/sww35/testWatchAcc/LightHART/utils/accelerometer_processor.py:44: UserWarning: Could not infer format, so each element will be parsed individually, falling back to `dateutil`. To ensure parsing is consistent and as-expected, please specify a format.
  timestamps = pd.to_datetime(data.iloc[:, 0], errors='coerce')
2025-04-14 04:55:30,775 - WARNING - Found 510 invalid timestamps at rows [0 1 2 3 4]...
2025-04-14 04:55:30,775 - ERROR - Error processing /mmfs1/home/sww35/testWatchAcc/LightHART/data/smartfallmm/young/accelerometer/watch/S33A03T15.csv: Insufficient valid data rows after cleaning: 0
2025-04-14 04:55:30,775 - ERROR - Error processing /mmfs1/home/sww35/testWatchAcc/LightHART/data/smartfallmm/young/accelerometer/watch/S33A03T15.csv: Insufficient valid data rows after cleaning: 0
/mmfs1/home/sww35/testWatchAcc/LightHART/utils/accelerometer_processor.py:44: UserWarning: Could not infer format, so each element will be parsed individually, falling back to `dateutil`. To ensure parsing is consistent and as-expected, please specify a format.
  timestamps = pd.to_datetime(data.iloc[:, 0], errors='coerce')
2025-04-14 04:55:30,812 - WARNING - Found 614 invalid timestamps at rows [0 1 2 3 4]...
2025-04-14 04:55:30,812 - ERROR - Error processing /mmfs1/home/sww35/testWatchAcc/LightHART/data/smartfallmm/young/accelerometer/watch/S33A09T10.csv: Insufficient valid data rows after cleaning: 0
2025-04-14 04:55:30,812 - ERROR - Error processing /mmfs1/home/sww35/testWatchAcc/LightHART/data/smartfallmm/young/accelerometer/watch/S33A09T10.csv: Insufficient valid data rows after cleaning: 0
2025-04-14 04:55:30,819 - INFO - Fixed 36 duplicate timestamps
2025-04-14 04:55:30,822 - WARNING - Found 6 time reversals
2025-04-14 04:55:30,827 - INFO - Fixed 3 duplicate timestamps
2025-04-14 04:55:30,843 - INFO - Fixed 34 duplicate timestamps
2025-04-14 04:55:30,851 - WARNING - Found 15 time reversals
2025-04-14 04:55:30,855 - INFO - Fixed 5 duplicate timestamps
2025-04-14 04:55:30,865 - INFO - Fixed 8 duplicate timestamps
/mmfs1/home/sww35/testWatchAcc/LightHART/utils/accelerometer_processor.py:44: UserWarning: Could not infer format, so each element will be parsed individually, falling back to `dateutil`. To ensure parsing is consistent and as-expected, please specify a format.
  timestamps = pd.to_datetime(data.iloc[:, 0], errors='coerce')
2025-04-14 04:55:30,878 - WARNING - Found 114 invalid timestamps at rows [0 1 2 3 4]...
2025-04-14 04:55:30,879 - ERROR - Error processing /mmfs1/home/sww35/testWatchAcc/LightHART/data/smartfallmm/young/accelerometer/watch/S33A13T07.csv: Insufficient valid data rows after cleaning: 0
2025-04-14 04:55:30,879 - ERROR - Error processing /mmfs1/home/sww35/testWatchAcc/LightHART/data/smartfallmm/young/accelerometer/watch/S33A13T07.csv: Insufficient valid data rows after cleaning: 0
/mmfs1/home/sww35/testWatchAcc/LightHART/utils/accelerometer_processor.py:44: UserWarning: Could not infer format, so each element will be parsed individually, falling back to `dateutil`. To ensure parsing is consistent and as-expected, please specify a format.
  timestamps = pd.to_datetime(data.iloc[:, 0], errors='coerce')
2025-04-14 04:55:30,881 - WARNING - Found 1 invalid timestamps at rows [0]...
2025-04-14 04:55:30,881 - ERROR - Error processing /mmfs1/home/sww35/testWatchAcc/LightHART/data/smartfallmm/young/accelerometer/watch/S33A06T04.csv: 0
2025-04-14 04:55:30,881 - ERROR - Error processing /mmfs1/home/sww35/testWatchAcc/LightHART/data/smartfallmm/young/accelerometer/watch/S33A06T04.csv: 0
2025-04-14 04:55:30,887 - INFO - Fixed 3 duplicate timestamps
2025-04-14 04:55:30,894 - INFO - Fixed 4 duplicate timestamps
2025-04-14 04:55:30,927 - INFO - Fixed 563 duplicate timestamps
2025-04-14 04:55:30,940 - WARNING - Found 153 time reversals
2025-04-14 04:55:30,947 - INFO - Fixed 28 duplicate timestamps
2025-04-14 04:55:30,950 - WARNING - Found 3 time reversals
2025-04-14 04:55:30,955 - INFO - Fixed 2 duplicate timestamps
2025-04-14 04:55:30,965 - INFO - Fixed 37 duplicate timestamps
2025-04-14 04:55:30,967 - WARNING - Found 7 time reversals
/mmfs1/home/sww35/testWatchAcc/LightHART/utils/accelerometer_processor.py:44: UserWarning: Could not infer format, so each element will be parsed individually, falling back to `dateutil`. To ensure parsing is consistent and as-expected, please specify a format.
  timestamps = pd.to_datetime(data.iloc[:, 0], errors='coerce')
2025-04-14 04:55:30,975 - WARNING - Found 175 invalid timestamps at rows [  0 348 349 350 351]...
2025-04-14 04:55:30,975 - ERROR - Error processing /mmfs1/home/sww35/testWatchAcc/LightHART/data/smartfallmm/young/accelerometer/watch/S33A07T01.csv: 0
2025-04-14 04:55:30,976 - ERROR - Error processing /mmfs1/home/sww35/testWatchAcc/LightHART/data/smartfallmm/young/accelerometer/watch/S33A07T01.csv: 0
2025-04-14 04:55:30,980 - INFO - Fixed 28 duplicate timestamps
2025-04-14 04:55:31,024 - INFO - Fixed 732 duplicate timestamps
2025-04-14 04:55:31,039 - WARNING - Found 196 time reversals
2025-04-14 04:55:31,049 - INFO - Fixed 53 duplicate timestamps
2025-04-14 04:55:31,052 - WARNING - Found 10 time reversals
2025-04-14 04:55:31,082 - INFO - Fixed 466 duplicate timestamps
2025-04-14 04:55:31,092 - WARNING - Found 174 time reversals
2025-04-14 04:55:31,097 - INFO - Fixed 14 duplicate timestamps
2025-04-14 04:55:31,103 - INFO - Fixed 16 duplicate timestamps
2025-04-14 04:55:31,105 - WARNING - Found 1 time reversals
2025-04-14 04:55:31,112 - INFO - Fixed 41 duplicate timestamps
2025-04-14 04:55:31,113 - WARNING - Found 11 time reversals
/mmfs1/home/sww35/testWatchAcc/LightHART/utils/accelerometer_processor.py:44: UserWarning: Could not infer format, so each element will be parsed individually, falling back to `dateutil`. To ensure parsing is consistent and as-expected, please specify a format.
  timestamps = pd.to_datetime(data.iloc[:, 0], errors='coerce')
2025-04-14 04:55:31,148 - WARNING - Found 482 invalid timestamps at rows [0 1 2 3 4]...
2025-04-14 04:55:31,148 - ERROR - Error processing /mmfs1/home/sww35/testWatchAcc/LightHART/data/smartfallmm/young/accelerometer/watch/S33A01T01.csv: Insufficient valid data rows after cleaning: 0
2025-04-14 04:55:31,148 - ERROR - Error processing /mmfs1/home/sww35/testWatchAcc/LightHART/data/smartfallmm/young/accelerometer/watch/S33A01T01.csv: Insufficient valid data rows after cleaning: 0
/mmfs1/home/sww35/testWatchAcc/LightHART/utils/accelerometer_processor.py:44: UserWarning: Could not infer format, so each element will be parsed individually, falling back to `dateutil`. To ensure parsing is consistent and as-expected, please specify a format.
  timestamps = pd.to_datetime(data.iloc[:, 0], errors='coerce')
2025-04-14 04:55:31,150 - WARNING - Found 167 invalid timestamps at rows [  0 339 340 341 342]...
2025-04-14 04:55:31,151 - ERROR - Error processing /mmfs1/home/sww35/testWatchAcc/LightHART/data/smartfallmm/young/accelerometer/watch/S33A07T04.csv: 0
2025-04-14 04:55:31,151 - ERROR - Error processing /mmfs1/home/sww35/testWatchAcc/LightHART/data/smartfallmm/young/accelerometer/watch/S33A07T04.csv: 0
2025-04-14 04:55:31,183 - INFO - Fixed 505 duplicate timestamps
2025-04-14 04:55:31,195 - WARNING - Found 184 time reversals
2025-04-14 04:55:31,201 - INFO - Fixed 43 duplicate timestamps
2025-04-14 04:55:31,202 - WARNING - Found 15 time reversals
2025-04-14 04:55:31,209 - INFO - Fixed 72 duplicate timestamps
2025-04-14 04:55:31,211 - WARNING - Found 20 time reversals
/mmfs1/home/sww35/testWatchAcc/LightHART/utils/accelerometer_processor.py:44: UserWarning: Could not infer format, so each element will be parsed individually, falling back to `dateutil`. To ensure parsing is consistent and as-expected, please specify a format.
  timestamps = pd.to_datetime(data.iloc[:, 0], errors='coerce')
2025-04-14 04:55:31,214 - WARNING - Found 1 invalid timestamps at rows [0]...
2025-04-14 04:55:31,215 - ERROR - Error processing /mmfs1/home/sww35/testWatchAcc/LightHART/data/smartfallmm/young/accelerometer/watch/S33A14T01.csv: 0
2025-04-14 04:55:31,215 - ERROR - Error processing /mmfs1/home/sww35/testWatchAcc/LightHART/data/smartfallmm/young/accelerometer/watch/S33A14T01.csv: 0
/mmfs1/home/sww35/testWatchAcc/LightHART/utils/accelerometer_processor.py:44: UserWarning: Could not infer format, so each element will be parsed individually, falling back to `dateutil`. To ensure parsing is consistent and as-expected, please specify a format.
  timestamps = pd.to_datetime(data.iloc[:, 0], errors='coerce')
2025-04-14 04:55:31,218 - WARNING - Found 1 invalid timestamps at rows [0]...
2025-04-14 04:55:31,218 - ERROR - Error processing /mmfs1/home/sww35/testWatchAcc/LightHART/data/smartfallmm/young/accelerometer/watch/S33A14T04.csv: 0
2025-04-14 04:55:31,218 - ERROR - Error processing /mmfs1/home/sww35/testWatchAcc/LightHART/data/smartfallmm/young/accelerometer/watch/S33A14T04.csv: 0
2025-04-14 04:55:31,223 - INFO - Fixed 1 duplicate timestamps
2025-04-14 04:55:31,229 - INFO - Fixed 2 duplicate timestamps
2025-04-14 04:55:31,236 - INFO - Fixed 15 duplicate timestamps
2025-04-14 04:55:31,238 - WARNING - Found 3 time reversals
2025-04-14 04:55:31,244 - INFO - Fixed 6 duplicate timestamps
/mmfs1/home/sww35/testWatchAcc/LightHART/utils/accelerometer_processor.py:44: UserWarning: Could not infer format, so each element will be parsed individually, falling back to `dateutil`. To ensure parsing is consistent and as-expected, please specify a format.
  timestamps = pd.to_datetime(data.iloc[:, 0], errors='coerce')
2025-04-14 04:55:31,248 - WARNING - Found 1 invalid timestamps at rows [0]...
2025-04-14 04:55:31,249 - ERROR - Error processing /mmfs1/home/sww35/testWatchAcc/LightHART/data/smartfallmm/young/accelerometer/watch/S33A07T05.csv: 0
2025-04-14 04:55:31,249 - ERROR - Error processing /mmfs1/home/sww35/testWatchAcc/LightHART/data/smartfallmm/young/accelerometer/watch/S33A07T05.csv: 0
/mmfs1/home/sww35/testWatchAcc/LightHART/utils/accelerometer_processor.py:44: UserWarning: Could not infer format, so each element will be parsed individually, falling back to `dateutil`. To ensure parsing is consistent and as-expected, please specify a format.
  timestamps = pd.to_datetime(data.iloc[:, 0], errors='coerce')
2025-04-14 04:55:31,270 - WARNING - Found 259 invalid timestamps at rows [0 1 2 3 4]...
2025-04-14 04:55:31,270 - ERROR - Error processing /mmfs1/home/sww35/testWatchAcc/LightHART/data/smartfallmm/young/accelerometer/watch/S33A06T09.csv: Insufficient valid data rows after cleaning: 0
2025-04-14 04:55:31,271 - ERROR - Error processing /mmfs1/home/sww35/testWatchAcc/LightHART/data/smartfallmm/young/accelerometer/watch/S33A06T09.csv: Insufficient valid data rows after cleaning: 0
2025-04-14 04:55:31,274 - INFO - Fixed 6 duplicate timestamps
2025-04-14 04:55:31,290 - INFO - Fixed 68 duplicate timestamps
2025-04-14 04:55:31,298 - WARNING - Found 31 time reversals
2025-04-14 04:55:31,302 - INFO - Fixed 3 duplicate timestamps
2025-04-14 04:55:31,314 - INFO - Fixed 113 duplicate timestamps
2025-04-14 04:55:31,318 - WARNING - Found 38 time reversals
2025-04-14 04:55:31,337 - INFO - Fixed 50 duplicate timestamps
2025-04-14 04:55:31,344 - WARNING - Found 16 time reversals
/mmfs1/home/sww35/testWatchAcc/LightHART/utils/accelerometer_processor.py:44: UserWarning: Could not infer format, so each element will be parsed individually, falling back to `dateutil`. To ensure parsing is consistent and as-expected, please specify a format.
  timestamps = pd.to_datetime(data.iloc[:, 0], errors='coerce')
2025-04-14 04:55:31,348 - WARNING - Found 1 invalid timestamps at rows [0]...
2025-04-14 04:55:31,348 - ERROR - Error processing /mmfs1/home/sww35/testWatchAcc/LightHART/data/smartfallmm/young/accelerometer/watch/S33A09T04.csv: 0
2025-04-14 04:55:31,348 - ERROR - Error processing /mmfs1/home/sww35/testWatchAcc/LightHART/data/smartfallmm/young/accelerometer/watch/S33A09T04.csv: 0
2025-04-14 04:55:31,362 - INFO - Fixed 22 duplicate timestamps
2025-04-14 04:55:31,378 - WARNING - Found 11 time reversals
2025-04-14 04:55:31,394 - INFO - Fixed 62 duplicate timestamps
2025-04-14 04:55:31,399 - WARNING - Found 16 time reversals
/mmfs1/home/sww35/testWatchAcc/LightHART/utils/accelerometer_processor.py:44: UserWarning: Could not infer format, so each element will be parsed individually, falling back to `dateutil`. To ensure parsing is consistent and as-expected, please specify a format.
  timestamps = pd.to_datetime(data.iloc[:, 0], errors='coerce')
2025-04-14 04:55:31,430 - WARNING - Found 509 invalid timestamps at rows [0 1 2 3 4]...
2025-04-14 04:55:31,430 - ERROR - Error processing /mmfs1/home/sww35/testWatchAcc/LightHART/data/smartfallmm/young/accelerometer/watch/S33A14T06.csv: Insufficient valid data rows after cleaning: 0
2025-04-14 04:55:31,430 - ERROR - Error processing /mmfs1/home/sww35/testWatchAcc/LightHART/data/smartfallmm/young/accelerometer/watch/S33A14T06.csv: Insufficient valid data rows after cleaning: 0
2025-04-14 04:55:31,436 - INFO - Fixed 53 duplicate timestamps
2025-04-14 04:55:31,471 - INFO - Fixed 514 duplicate timestamps
2025-04-14 04:55:31,483 - WARNING - Found 173 time reversals
2025-04-14 04:55:31,492 - INFO - Fixed 44 duplicate timestamps
2025-04-14 04:55:31,494 - WARNING - Found 10 time reversals
2025-04-14 04:55:31,505 - INFO - Fixed 105 duplicate timestamps
2025-04-14 04:55:31,508 - WARNING - Found 27 time reversals
2025-04-14 04:55:31,556 - INFO - Fixed 750 duplicate timestamps
2025-04-14 04:55:31,576 - WARNING - Found 234 time reversals
2025-04-14 04:55:31,619 - INFO - Fixed 702 duplicate timestamps
2025-04-14 04:55:31,635 - WARNING - Found 285 time reversals
2025-04-14 04:55:31,650 - INFO - Fixed 36 duplicate timestamps
2025-04-14 04:55:31,657 - WARNING - Found 12 time reversals
2025-04-14 04:55:31,662 - INFO - Fixed 8 duplicate timestamps
2025-04-14 04:55:31,663 - WARNING - Found 1 time reversals
2025-04-14 04:55:31,674 - INFO - Fixed 73 duplicate timestamps
2025-04-14 04:55:31,679 - WARNING - Found 16 time reversals
2025-04-14 04:55:31,719 - INFO - Fixed 748 duplicate timestamps
2025-04-14 04:55:31,735 - WARNING - Found 263 time reversals
2025-04-14 04:55:31,741 - INFO - Fixed 6 duplicate timestamps
2025-04-14 04:55:31,780 - INFO - Fixed 563 duplicate timestamps
2025-04-14 04:55:31,793 - WARNING - Found 193 time reversals
2025-04-14 04:55:31,826 - INFO - Fixed 514 duplicate timestamps
2025-04-14 04:55:31,839 - WARNING - Found 142 time reversals
2025-04-14 04:55:31,846 - INFO - Fixed 9 duplicate timestamps
2025-04-14 04:55:31,848 - WARNING - Found 1 time reversals
2025-04-14 04:55:31,852 - INFO - Fixed 1 duplicate timestamps
2025-04-14 04:55:31,866 - INFO - Fixed 68 duplicate timestamps
2025-04-14 04:55:31,872 - WARNING - Found 28 time reversals
2025-04-14 04:55:31,878 - INFO - Fixed 18 duplicate timestamps
2025-04-14 04:55:31,881 - WARNING - Found 3 time reversals
/mmfs1/home/sww35/testWatchAcc/LightHART/utils/accelerometer_processor.py:44: UserWarning: Could not infer format, so each element will be parsed individually, falling back to `dateutil`. To ensure parsing is consistent and as-expected, please specify a format.
  timestamps = pd.to_datetime(data.iloc[:, 0], errors='coerce')
2025-04-14 04:55:31,907 - WARNING - Found 330 invalid timestamps at rows [0 1 2 3 4]...
2025-04-14 04:55:31,908 - ERROR - Error processing /mmfs1/home/sww35/testWatchAcc/LightHART/data/smartfallmm/young/accelerometer/watch/S33A02T08.csv: Insufficient valid data rows after cleaning: 0
2025-04-14 04:55:31,908 - ERROR - Error processing /mmfs1/home/sww35/testWatchAcc/LightHART/data/smartfallmm/young/accelerometer/watch/S33A02T08.csv: Insufficient valid data rows after cleaning: 0
2025-04-14 04:55:31,919 - INFO - Fixed 68 duplicate timestamps
2025-04-14 04:55:31,925 - WARNING - Found 28 time reversals
2025-04-14 04:55:31,931 - INFO - Fixed 22 duplicate timestamps
2025-04-14 04:55:31,985 - INFO - Fixed 964 duplicate timestamps
2025-04-14 04:55:32,004 - WARNING - Found 332 time reversals
2025-04-14 04:55:32,012 - INFO - Fixed 6 duplicate timestamps
2025-04-14 04:55:32,026 - INFO - Fixed 68 duplicate timestamps
2025-04-14 04:55:32,032 - WARNING - Found 28 time reversals
2025-04-14 04:55:32,037 - INFO - Fixed 2 duplicate timestamps
2025-04-14 04:55:32,065 - INFO - Fixed 530 duplicate timestamps
2025-04-14 04:55:32,077 - WARNING - Found 118 time reversals
2025-04-14 04:55:32,083 - INFO - Fixed 1 duplicate timestamps
/mmfs1/home/sww35/testWatchAcc/LightHART/utils/accelerometer_processor.py:44: UserWarning: Could not infer format, so each element will be parsed individually, falling back to `dateutil`. To ensure parsing is consistent and as-expected, please specify a format.
  timestamps = pd.to_datetime(data.iloc[:, 0], errors='coerce')
2025-04-14 04:55:32,089 - WARNING - Found 38 invalid timestamps at rows [0 1 2 3 4]...
2025-04-14 04:55:32,090 - ERROR - Error processing /mmfs1/home/sww35/testWatchAcc/LightHART/data/smartfallmm/young/accelerometer/watch/S33A08T06.csv: Insufficient valid data rows after cleaning: 0
2025-04-14 04:55:32,090 - ERROR - Error processing /mmfs1/home/sww35/testWatchAcc/LightHART/data/smartfallmm/young/accelerometer/watch/S33A08T06.csv: Insufficient valid data rows after cleaning: 0
2025-04-14 04:55:32,139 - INFO - Fixed 329 duplicate timestamps
2025-04-14 04:55:32,162 - WARNING - Found 165 time reversals
2025-04-14 04:55:32,187 - INFO - Fixed 96 duplicate timestamps
2025-04-14 04:55:32,198 - WARNING - Found 41 time reversals
/mmfs1/home/sww35/testWatchAcc/LightHART/utils/accelerometer_processor.py:44: UserWarning: Could not infer format, so each element will be parsed individually, falling back to `dateutil`. To ensure parsing is consistent and as-expected, please specify a format.
  timestamps = pd.to_datetime(data.iloc[:, 0], errors='coerce')
2025-04-14 04:55:32,201 - WARNING - Found 1 invalid timestamps at rows [0]...
2025-04-14 04:55:32,202 - ERROR - Error processing /mmfs1/home/sww35/testWatchAcc/LightHART/data/smartfallmm/young/accelerometer/watch/S33A12T03.csv: 0
2025-04-14 04:55:32,202 - ERROR - Error processing /mmfs1/home/sww35/testWatchAcc/LightHART/data/smartfallmm/young/accelerometer/watch/S33A12T03.csv: 0
/mmfs1/home/sww35/testWatchAcc/LightHART/utils/accelerometer_processor.py:44: UserWarning: Could not infer format, so each element will be parsed individually, falling back to `dateutil`. To ensure parsing is consistent and as-expected, please specify a format.
  timestamps = pd.to_datetime(data.iloc[:, 0], errors='coerce')
2025-04-14 04:55:32,233 - WARNING - Found 409 invalid timestamps at rows [0 1 2 3 4]...
2025-04-14 04:55:32,233 - ERROR - Error processing /mmfs1/home/sww35/testWatchAcc/LightHART/data/smartfallmm/young/accelerometer/watch/S33A07T08.csv: Insufficient valid data rows after cleaning: 0
2025-04-14 04:55:32,233 - ERROR - Error processing /mmfs1/home/sww35/testWatchAcc/LightHART/data/smartfallmm/young/accelerometer/watch/S33A07T08.csv: Insufficient valid data rows after cleaning: 0
2025-04-14 04:55:32,239 - INFO - Fixed 18 duplicate timestamps
/mmfs1/home/sww35/testWatchAcc/LightHART/utils/accelerometer_processor.py:44: UserWarning: Could not infer format, so each element will be parsed individually, falling back to `dateutil`. To ensure parsing is consistent and as-expected, please specify a format.
  timestamps = pd.to_datetime(data.iloc[:, 0], errors='coerce')
2025-04-14 04:55:32,280 - WARNING - Found 649 invalid timestamps at rows [0 1 2 3 4]...
2025-04-14 04:55:32,280 - ERROR - Error processing /mmfs1/home/sww35/testWatchAcc/LightHART/data/smartfallmm/young/accelerometer/watch/S33A08T10.csv: Insufficient valid data rows after cleaning: 0
2025-04-14 04:55:32,280 - ERROR - Error processing /mmfs1/home/sww35/testWatchAcc/LightHART/data/smartfallmm/young/accelerometer/watch/S33A08T10.csv: Insufficient valid data rows after cleaning: 0
2025-04-14 04:55:32,289 - INFO - Fixed 3 duplicate timestamps
/mmfs1/home/sww35/testWatchAcc/LightHART/utils/accelerometer_processor.py:44: UserWarning: Could not infer format, so each element will be parsed individually, falling back to `dateutil`. To ensure parsing is consistent and as-expected, please specify a format.
  timestamps = pd.to_datetime(data.iloc[:, 0], errors='coerce')
2025-04-14 04:55:32,330 - WARNING - Found 649 invalid timestamps at rows [0 1 2 3 4]...
2025-04-14 04:55:32,330 - ERROR - Error processing /mmfs1/home/sww35/testWatchAcc/LightHART/data/smartfallmm/young/accelerometer/watch/S33A02T05.csv: Insufficient valid data rows after cleaning: 0
2025-04-14 04:55:32,330 - ERROR - Error processing /mmfs1/home/sww35/testWatchAcc/LightHART/data/smartfallmm/young/accelerometer/watch/S33A02T05.csv: Insufficient valid data rows after cleaning: 0
2025-04-14 04:55:32,335 - INFO - Fixed 11 duplicate timestamps
2025-04-14 04:55:32,336 - WARNING - Found 1 time reversals
2025-04-14 04:55:32,345 - INFO - Fixed 67 duplicate timestamps
2025-04-14 04:55:32,349 - WARNING - Found 17 time reversals
/mmfs1/home/sww35/testWatchAcc/LightHART/utils/accelerometer_processor.py:44: UserWarning: Could not infer format, so each element will be parsed individually, falling back to `dateutil`. To ensure parsing is consistent and as-expected, please specify a format.
  timestamps = pd.to_datetime(data.iloc[:, 0], errors='coerce')
2025-04-14 04:55:32,366 - WARNING - Found 202 invalid timestamps at rows [0 1 2 3 4]...
2025-04-14 04:55:32,366 - ERROR - Error processing /mmfs1/home/sww35/testWatchAcc/LightHART/data/smartfallmm/young/accelerometer/watch/S33A03T13.csv: Insufficient valid data rows after cleaning: 0
2025-04-14 04:55:32,367 - ERROR - Error processing /mmfs1/home/sww35/testWatchAcc/LightHART/data/smartfallmm/young/accelerometer/watch/S33A03T13.csv: Insufficient valid data rows after cleaning: 0
/mmfs1/home/sww35/testWatchAcc/LightHART/utils/accelerometer_processor.py:44: UserWarning: Could not infer format, so each element will be parsed individually, falling back to `dateutil`. To ensure parsing is consistent and as-expected, please specify a format.
  timestamps = pd.to_datetime(data.iloc[:, 0], errors='coerce')
2025-04-14 04:55:32,410 - WARNING - Found 615 invalid timestamps at rows [0 1 2 3 4]...
2025-04-14 04:55:32,412 - ERROR - Error processing /mmfs1/home/sww35/testWatchAcc/LightHART/data/smartfallmm/young/accelerometer/watch/S33A13T06.csv: Insufficient valid data rows after cleaning: 0
2025-04-14 04:55:32,412 - ERROR - Error processing /mmfs1/home/sww35/testWatchAcc/LightHART/data/smartfallmm/young/accelerometer/watch/S33A13T06.csv: Insufficient valid data rows after cleaning: 0
/mmfs1/home/sww35/testWatchAcc/LightHART/utils/accelerometer_processor.py:44: UserWarning: Could not infer format, so each element will be parsed individually, falling back to `dateutil`. To ensure parsing is consistent and as-expected, please specify a format.
  timestamps = pd.to_datetime(data.iloc[:, 0], errors='coerce')
2025-04-14 04:55:32,429 - WARNING - Found 222 invalid timestamps at rows [0 1 2 3 4]...
2025-04-14 04:55:32,430 - ERROR - Error processing /mmfs1/home/sww35/testWatchAcc/LightHART/data/smartfallmm/young/accelerometer/watch/S33A07T07.csv: Insufficient valid data rows after cleaning: 0
2025-04-14 04:55:32,430 - ERROR - Error processing /mmfs1/home/sww35/testWatchAcc/LightHART/data/smartfallmm/young/accelerometer/watch/S33A07T07.csv: Insufficient valid data rows after cleaning: 0
2025-04-14 04:55:32,438 - INFO - Fixed 65 duplicate timestamps
2025-04-14 04:55:32,441 - WARNING - Found 19 time reversals
2025-04-14 04:55:32,447 - INFO - Fixed 2 duplicate timestamps
2025-04-14 04:55:32,462 - INFO - Fixed 68 duplicate timestamps
2025-04-14 04:55:32,467 - WARNING - Found 28 time reversals
2025-04-14 04:55:32,480 - INFO - Fixed 68 duplicate timestamps
2025-04-14 04:55:32,486 - WARNING - Found 28 time reversals
2025-04-14 04:55:32,529 - INFO - Fixed 900 duplicate timestamps
2025-04-14 04:55:32,548 - WARNING - Found 221 time reversals
2025-04-14 04:55:32,554 - INFO - Fixed 26 duplicate timestamps
2025-04-14 04:55:32,560 - INFO - Fixed 4 duplicate timestamps
2025-04-14 04:55:32,570 - INFO - Fixed 2 duplicate timestamps
/mmfs1/home/sww35/testWatchAcc/LightHART/utils/accelerometer_processor.py:44: UserWarning: Could not infer format, so each element will be parsed individually, falling back to `dateutil`. To ensure parsing is consistent and as-expected, please specify a format.
  timestamps = pd.to_datetime(data.iloc[:, 0], errors='coerce')
2025-04-14 04:55:32,592 - WARNING - Found 216 invalid timestamps at rows [0 1 2 3 4]...
2025-04-14 04:55:32,592 - ERROR - Error processing /mmfs1/home/sww35/testWatchAcc/LightHART/data/smartfallmm/young/accelerometer/watch/S33A03T08.csv: Insufficient valid data rows after cleaning: 0
2025-04-14 04:55:32,592 - ERROR - Error processing /mmfs1/home/sww35/testWatchAcc/LightHART/data/smartfallmm/young/accelerometer/watch/S33A03T08.csv: Insufficient valid data rows after cleaning: 0
2025-04-14 04:55:32,598 - INFO - Fixed 2 duplicate timestamps
/mmfs1/home/sww35/testWatchAcc/LightHART/utils/accelerometer_processor.py:44: UserWarning: Could not infer format, so each element will be parsed individually, falling back to `dateutil`. To ensure parsing is consistent and as-expected, please specify a format.
  timestamps = pd.to_datetime(data.iloc[:, 0], errors='coerce')
2025-04-14 04:55:32,603 - WARNING - Found 215 invalid timestamps at rows [  0 435 436 437 438]...
2025-04-14 04:55:32,604 - ERROR - Error processing /mmfs1/home/sww35/testWatchAcc/LightHART/data/smartfallmm/young/accelerometer/watch/S33A02T02.csv: 0
2025-04-14 04:55:32,604 - ERROR - Error processing /mmfs1/home/sww35/testWatchAcc/LightHART/data/smartfallmm/young/accelerometer/watch/S33A02T02.csv: 0
2025-04-14 04:55:32,630 - INFO - Fixed 433 duplicate timestamps
2025-04-14 04:55:32,639 - WARNING - Found 139 time reversals
2025-04-14 04:55:32,646 - INFO - Fixed 8 duplicate timestamps
/mmfs1/home/sww35/testWatchAcc/LightHART/utils/accelerometer_processor.py:44: UserWarning: Could not infer format, so each element will be parsed individually, falling back to `dateutil`. To ensure parsing is consistent and as-expected, please specify a format.
  timestamps = pd.to_datetime(data.iloc[:, 0], errors='coerce')
2025-04-14 04:55:32,679 - WARNING - Found 510 invalid timestamps at rows [0 1 2 3 4]...
2025-04-14 04:55:32,680 - ERROR - Error processing /mmfs1/home/sww35/testWatchAcc/LightHART/data/smartfallmm/young/accelerometer/watch/S33A07T11.csv: Insufficient valid data rows after cleaning: 0
2025-04-14 04:55:32,680 - ERROR - Error processing /mmfs1/home/sww35/testWatchAcc/LightHART/data/smartfallmm/young/accelerometer/watch/S33A07T11.csv: Insufficient valid data rows after cleaning: 0
2025-04-14 04:55:32,685 - INFO - Fixed 13 duplicate timestamps
2025-04-14 04:55:32,692 - INFO - Fixed 22 duplicate timestamps
/mmfs1/home/sww35/testWatchAcc/LightHART/utils/accelerometer_processor.py:44: UserWarning: Could not infer format, so each element will be parsed individually, falling back to `dateutil`. To ensure parsing is consistent and as-expected, please specify a format.
  timestamps = pd.to_datetime(data.iloc[:, 0], errors='coerce')
2025-04-14 04:55:32,723 - WARNING - Found 509 invalid timestamps at rows [0 1 2 3 4]...
2025-04-14 04:55:32,723 - ERROR - Error processing /mmfs1/home/sww35/testWatchAcc/LightHART/data/smartfallmm/young/accelerometer/watch/S33A02T06.csv: Insufficient valid data rows after cleaning: 0
2025-04-14 04:55:32,724 - ERROR - Error processing /mmfs1/home/sww35/testWatchAcc/LightHART/data/smartfallmm/young/accelerometer/watch/S33A02T06.csv: Insufficient valid data rows after cleaning: 0
2025-04-14 04:55:32,728 - INFO - Fixed 11 duplicate timestamps
2025-04-14 04:55:32,730 - WARNING - Found 1 time reversals
2025-04-14 04:55:32,736 - INFO - Fixed 26 duplicate timestamps
2025-04-14 04:55:32,737 - WARNING - Found 5 time reversals
/mmfs1/home/sww35/testWatchAcc/LightHART/utils/accelerometer_processor.py:44: UserWarning: Could not infer format, so each element will be parsed individually, falling back to `dateutil`. To ensure parsing is consistent and as-expected, please specify a format.
  timestamps = pd.to_datetime(data.iloc[:, 0], errors='coerce')
2025-04-14 04:55:32,742 - WARNING - Found 38 invalid timestamps at rows [0 1 2 3 4]...
2025-04-14 04:55:32,742 - ERROR - Error processing /mmfs1/home/sww35/testWatchAcc/LightHART/data/smartfallmm/young/accelerometer/watch/S33A11T05.csv: Insufficient valid data rows after cleaning: 0
2025-04-14 04:55:32,742 - ERROR - Error processing /mmfs1/home/sww35/testWatchAcc/LightHART/data/smartfallmm/young/accelerometer/watch/S33A11T05.csv: Insufficient valid data rows after cleaning: 0
2025-04-14 04:55:32,758 - INFO - Fixed 41 duplicate timestamps
2025-04-14 04:55:32,767 - WARNING - Found 19 time reversals
/mmfs1/home/sww35/testWatchAcc/LightHART/utils/accelerometer_processor.py:44: UserWarning: Could not infer format, so each element will be parsed individually, falling back to `dateutil`. To ensure parsing is consistent and as-expected, please specify a format.
  timestamps = pd.to_datetime(data.iloc[:, 0], errors='coerce')
2025-04-14 04:55:32,786 - WARNING - Found 221 invalid timestamps at rows [0 1 2 3 4]...
2025-04-14 04:55:32,787 - ERROR - Error processing /mmfs1/home/sww35/testWatchAcc/LightHART/data/smartfallmm/young/accelerometer/watch/S33A01T02.csv: Insufficient valid data rows after cleaning: 0
2025-04-14 04:55:32,787 - ERROR - Error processing /mmfs1/home/sww35/testWatchAcc/LightHART/data/smartfallmm/young/accelerometer/watch/S33A01T02.csv: Insufficient valid data rows after cleaning: 0
2025-04-14 04:55:32,791 - INFO - Fixed 1 duplicate timestamps
2025-04-14 04:55:32,799 - INFO - Fixed 10 duplicate timestamps
2025-04-14 04:55:32,846 - INFO - Fixed 760 duplicate timestamps
2025-04-14 04:55:32,864 - WARNING - Found 154 time reversals
2025-04-14 04:55:32,870 - INFO - Fixed 4 duplicate timestamps
2025-04-14 04:55:32,877 - INFO - Fixed 45 duplicate timestamps
2025-04-14 04:55:32,879 - WARNING - Found 13 time reversals
2025-04-14 04:55:32,884 - INFO - Fixed 9 duplicate timestamps
2025-04-14 04:55:32,887 - WARNING - Found 1 time reversals
2025-04-14 04:55:32,896 - INFO - Fixed 3 duplicate timestamps
2025-04-14 04:55:32,905 - INFO - Fixed 15 duplicate timestamps
2025-04-14 04:55:32,925 - INFO - Fixed 64 duplicate timestamps
2025-04-14 04:55:32,934 - WARNING - Found 16 time reversals
2025-04-14 04:55:32,941 - INFO - Dataset Statistics for subjects [45, 36, 29, 39, 30, 31, 33, 34, 35, 37, 43, 44]:
2025-04-14 04:55:32,941 - INFO - Total files: 565
2025-04-14 04:55:32,941 - INFO - Successfully processed: 455 (80.5%)
2025-04-14 04:55:32,941 - INFO - Errors: 110
2025-04-14 04:55:32,941 - INFO - Falls: 2031 samples
2025-04-14 04:55:32,942 - INFO - Non-falls: 3598 samples
2025-04-14 04:55:32,942 - INFO - Activities distribution:
2025-04-14 04:55:32,942 - INFO -   Activity 1 (ADL): 28 files
2025-04-14 04:55:32,942 - INFO -   Activity 2 (ADL): 39 files
2025-04-14 04:55:32,942 - INFO -   Activity 3 (ADL): 50 files
2025-04-14 04:55:32,942 - INFO -   Activity 4 (ADL): 5 files
2025-04-14 04:55:32,942 - INFO -   Activity 5 (ADL): 47 files
2025-04-14 04:55:32,942 - INFO -   Activity 6 (ADL): 41 files
2025-04-14 04:55:32,942 - INFO -   Activity 7 (ADL): 36 files
2025-04-14 04:55:32,942 - INFO -   Activity 8 (ADL): 45 files
2025-04-14 04:55:32,942 - INFO -   Activity 9 (ADL): 44 files
2025-04-14 04:55:32,942 - INFO -   Activity 10 (Fall): 49 files
2025-04-14 04:55:32,942 - INFO -   Activity 11 (Fall): 41 files
2025-04-14 04:55:32,942 - INFO -   Activity 12 (Fall): 50 files
2025-04-14 04:55:32,942 - INFO -   Activity 13 (Fall): 44 files
2025-04-14 04:55:32,942 - INFO -   Activity 14 (Fall): 46 files
2025-04-14 04:55:33,713 - INFO - Fixed 26 duplicate timestamps
2025-04-14 04:55:33,717 - WARNING - Found 4 time reversals
2025-04-14 04:55:33,727 - INFO - Fixed 94 duplicate timestamps
2025-04-14 04:55:33,730 - WARNING - Found 35 time reversals
2025-04-14 04:55:33,785 - INFO - Fixed 971 duplicate timestamps
2025-04-14 04:55:33,802 - WARNING - Found 431 time reversals
2025-04-14 04:55:33,858 - INFO - Fixed 953 duplicate timestamps
2025-04-14 04:55:33,878 - WARNING - Found 312 time reversals
2025-04-14 04:55:33,886 - INFO - Fixed 8 duplicate timestamps
2025-04-14 04:55:33,888 - WARNING - Found 1 time reversals
2025-04-14 04:55:33,947 - INFO - Fixed 953 duplicate timestamps
2025-04-14 04:55:33,967 - WARNING - Found 312 time reversals
2025-04-14 04:55:34,024 - INFO - Fixed 953 duplicate timestamps
2025-04-14 04:55:34,045 - WARNING - Found 312 time reversals
2025-04-14 04:55:34,053 - INFO - Fixed 29 duplicate timestamps
2025-04-14 04:55:34,054 - WARNING - Found 5 time reversals
2025-04-14 04:55:34,090 - INFO - Fixed 432 duplicate timestamps
2025-04-14 04:55:34,098 - WARNING - Found 186 time reversals
2025-04-14 04:55:34,153 - INFO - Fixed 953 duplicate timestamps
2025-04-14 04:55:34,174 - WARNING - Found 312 time reversals
2025-04-14 04:55:34,181 - INFO - Fixed 1 duplicate timestamps
2025-04-14 04:55:34,193 - INFO - Fixed 93 duplicate timestamps
2025-04-14 04:55:34,197 - WARNING - Found 33 time reversals
2025-04-14 04:55:34,205 - INFO - Fixed 43 duplicate timestamps
2025-04-14 04:55:34,209 - WARNING - Found 17 time reversals
2025-04-14 04:55:34,233 - INFO - Fixed 363 duplicate timestamps
2025-04-14 04:55:34,240 - WARNING - Found 141 time reversals
2025-04-14 04:55:34,246 - INFO - Fixed 2 duplicate timestamps
2025-04-14 04:55:34,260 - INFO - Fixed 75 duplicate timestamps
2025-04-14 04:55:34,265 - WARNING - Found 27 time reversals
2025-04-14 04:55:34,289 - INFO - Fixed 363 duplicate timestamps
2025-04-14 04:55:34,296 - WARNING - Found 137 time reversals
2025-04-14 04:55:34,307 - INFO - Fixed 79 duplicate timestamps
2025-04-14 04:55:34,311 - WARNING - Found 18 time reversals
2025-04-14 04:55:34,318 - INFO - Fixed 9 duplicate timestamps
2025-04-14 04:55:34,372 - INFO - Fixed 971 duplicate timestamps
2025-04-14 04:55:34,389 - WARNING - Found 431 time reversals
2025-04-14 04:55:34,446 - INFO - Fixed 953 duplicate timestamps
2025-04-14 04:55:34,468 - WARNING - Found 312 time reversals
2025-04-14 04:55:34,478 - INFO - Fixed 26 duplicate timestamps
2025-04-14 04:55:34,497 - INFO - Fixed 96 duplicate timestamps
2025-04-14 04:55:34,505 - WARNING - Found 28 time reversals
2025-04-14 04:55:34,532 - INFO - Fixed 430 duplicate timestamps
2025-04-14 04:55:34,541 - WARNING - Found 171 time reversals
2025-04-14 04:55:34,596 - INFO - Fixed 971 duplicate timestamps
2025-04-14 04:55:34,613 - WARNING - Found 431 time reversals
2025-04-14 04:55:34,634 - INFO - Fixed 123 duplicate timestamps
2025-04-14 04:55:34,643 - WARNING - Found 41 time reversals
2025-04-14 04:55:34,702 - INFO - Fixed 953 duplicate timestamps
2025-04-14 04:55:34,722 - WARNING - Found 312 time reversals
2025-04-14 04:55:34,729 - INFO - Fixed 2 duplicate timestamps
2025-04-14 04:55:34,749 - INFO - Fixed 72 duplicate timestamps
2025-04-14 04:55:34,752 - WARNING - Found 19 time reversals
2025-04-14 04:55:34,764 - INFO - Fixed 64 duplicate timestamps
2025-04-14 04:55:34,766 - WARNING - Found 14 time reversals
2025-04-14 04:55:34,770 - INFO - Fixed 6 duplicate timestamps
2025-04-14 04:55:34,826 - INFO - Fixed 953 duplicate timestamps
2025-04-14 04:55:34,846 - WARNING - Found 312 time reversals
2025-04-14 04:55:34,858 - INFO - Fixed 101 duplicate timestamps
2025-04-14 04:55:34,861 - WARNING - Found 37 time reversals
2025-04-14 04:55:34,894 - INFO - Fixed 501 duplicate timestamps
2025-04-14 04:55:34,905 - WARNING - Found 173 time reversals
2025-04-14 04:55:34,926 - INFO - Fixed 123 duplicate timestamps
2025-04-14 04:55:34,935 - WARNING - Found 41 time reversals
2025-04-14 04:55:34,995 - INFO - Fixed 953 duplicate timestamps
2025-04-14 04:55:35,016 - WARNING - Found 312 time reversals
2025-04-14 04:55:35,029 - INFO - Fixed 75 duplicate timestamps
2025-04-14 04:55:35,034 - WARNING - Found 27 time reversals
2025-04-14 04:55:35,040 - INFO - Fixed 8 duplicate timestamps
2025-04-14 04:55:35,048 - INFO - Fixed 1 duplicate timestamps
2025-04-14 04:55:35,068 - INFO - Fixed 252 duplicate timestamps
2025-04-14 04:55:35,072 - WARNING - Found 99 time reversals
2025-04-14 04:55:35,126 - INFO - Fixed 971 duplicate timestamps
2025-04-14 04:55:35,143 - WARNING - Found 431 time reversals
2025-04-14 04:55:35,199 - INFO - Fixed 953 duplicate timestamps
2025-04-14 04:55:35,219 - WARNING - Found 312 time reversals
2025-04-14 04:55:35,275 - INFO - Fixed 953 duplicate timestamps
2025-04-14 04:55:35,295 - WARNING - Found 312 time reversals
2025-04-14 04:55:35,312 - INFO - Fixed 252 duplicate timestamps
2025-04-14 04:55:35,316 - WARNING - Found 99 time reversals
2025-04-14 04:55:35,343 - INFO - Fixed 430 duplicate timestamps
2025-04-14 04:55:35,352 - WARNING - Found 171 time reversals
2025-04-14 04:55:35,360 - INFO - Fixed 51 duplicate timestamps
2025-04-14 04:55:35,377 - INFO - Fixed 252 duplicate timestamps
2025-04-14 04:55:35,381 - WARNING - Found 99 time reversals
2025-04-14 04:55:35,387 - INFO - Fixed 12 duplicate timestamps
2025-04-14 04:55:35,443 - INFO - Fixed 953 duplicate timestamps
2025-04-14 04:55:35,473 - WARNING - Found 312 time reversals
2025-04-14 04:55:35,483 - INFO - Fixed 42 duplicate timestamps
2025-04-14 04:55:35,541 - INFO - Fixed 953 duplicate timestamps
2025-04-14 04:55:35,561 - WARNING - Found 312 time reversals
2025-04-14 04:55:35,571 - INFO - Fixed 73 duplicate timestamps
2025-04-14 04:55:35,574 - WARNING - Found 18 time reversals
2025-04-14 04:55:35,601 - INFO - Fixed 430 duplicate timestamps
2025-04-14 04:55:35,610 - WARNING - Found 171 time reversals
2025-04-14 04:55:35,621 - INFO - Fixed 94 duplicate timestamps
2025-04-14 04:55:35,625 - WARNING - Found 21 time reversals
2025-04-14 04:55:35,652 - INFO - Fixed 430 duplicate timestamps
2025-04-14 04:55:35,660 - WARNING - Found 171 time reversals
2025-04-14 04:55:35,676 - INFO - Fixed 252 duplicate timestamps
2025-04-14 04:55:35,680 - WARNING - Found 99 time reversals
2025-04-14 04:55:35,707 - INFO - Fixed 443 duplicate timestamps
2025-04-14 04:55:35,717 - WARNING - Found 134 time reversals
2025-04-14 04:55:35,729 - INFO - Fixed 75 duplicate timestamps
2025-04-14 04:55:35,734 - WARNING - Found 27 time reversals
2025-04-14 04:55:35,750 - INFO - Fixed 101 duplicate timestamps
2025-04-14 04:55:35,756 - WARNING - Found 32 time reversals
2025-04-14 04:55:35,789 - INFO - Fixed 123 duplicate timestamps
2025-04-14 04:55:35,798 - WARNING - Found 41 time reversals
2025-04-14 04:55:35,805 - INFO - Fixed 28 duplicate timestamps
2025-04-14 04:55:35,807 - WARNING - Found 11 time reversals
2025-04-14 04:55:35,862 - INFO - Fixed 953 duplicate timestamps
2025-04-14 04:55:35,882 - WARNING - Found 312 time reversals
2025-04-14 04:55:35,938 - INFO - Fixed 953 duplicate timestamps
2025-04-14 04:55:35,958 - WARNING - Found 312 time reversals
2025-04-14 04:55:35,979 - INFO - Fixed 123 duplicate timestamps
2025-04-14 04:55:35,988 - WARNING - Found 41 time reversals
2025-04-14 04:55:36,043 - INFO - Fixed 953 duplicate timestamps
2025-04-14 04:55:36,063 - WARNING - Found 312 time reversals
2025-04-14 04:55:36,119 - INFO - Fixed 953 duplicate timestamps
2025-04-14 04:55:36,139 - WARNING - Found 312 time reversals
2025-04-14 04:55:36,160 - INFO - Fixed 123 duplicate timestamps
2025-04-14 04:55:36,169 - WARNING - Found 41 time reversals
2025-04-14 04:55:36,178 - INFO - Fixed 2 duplicate timestamps
2025-04-14 04:55:36,233 - INFO - Fixed 953 duplicate timestamps
2025-04-14 04:55:36,254 - WARNING - Found 312 time reversals
2025-04-14 04:55:36,310 - INFO - Fixed 953 duplicate timestamps
2025-04-14 04:55:36,330 - WARNING - Found 312 time reversals
2025-04-14 04:55:36,339 - INFO - Fixed 12 duplicate timestamps
2025-04-14 04:55:36,368 - INFO - Fixed 443 duplicate timestamps
2025-04-14 04:55:36,378 - WARNING - Found 134 time reversals
2025-04-14 04:55:36,384 - INFO - Fixed 1 duplicate timestamps
2025-04-14 04:55:36,440 - INFO - Fixed 953 duplicate timestamps
2025-04-14 04:55:36,460 - WARNING - Found 312 time reversals
2025-04-14 04:55:36,517 - INFO - Fixed 953 duplicate timestamps
2025-04-14 04:55:36,539 - WARNING - Found 312 time reversals
2025-04-14 04:55:36,546 - INFO - Fixed 9 duplicate timestamps
2025-04-14 04:55:36,564 - INFO - Fixed 252 duplicate timestamps
2025-04-14 04:55:36,568 - WARNING - Found 99 time reversals
2025-04-14 04:55:36,576 - INFO - Fixed 10 duplicate timestamps
2025-04-14 04:55:36,585 - INFO - Fixed 15 duplicate timestamps
2025-04-14 04:55:36,596 - INFO - Fixed 60 duplicate timestamps
2025-04-14 04:55:36,599 - WARNING - Found 11 time reversals
2025-04-14 04:55:36,612 - INFO - Fixed 86 duplicate timestamps
2025-04-14 04:55:36,615 - WARNING - Found 28 time reversals
2025-04-14 04:55:36,670 - INFO - Fixed 953 duplicate timestamps
2025-04-14 04:55:36,690 - WARNING - Found 312 time reversals
2025-04-14 04:55:36,746 - INFO - Fixed 953 duplicate timestamps
2025-04-14 04:55:36,767 - WARNING - Found 312 time reversals
2025-04-14 04:55:36,796 - INFO - Fixed 349 duplicate timestamps
2025-04-14 04:55:36,803 - WARNING - Found 148 time reversals
2025-04-14 04:55:36,807 - INFO - Fixed 3 duplicate timestamps
2025-04-14 04:55:36,863 - INFO - Fixed 953 duplicate timestamps
2025-04-14 04:55:36,883 - WARNING - Found 312 time reversals
2025-04-14 04:55:36,911 - INFO - Fixed 443 duplicate timestamps
2025-04-14 04:55:36,921 - WARNING - Found 134 time reversals
2025-04-14 04:55:36,948 - INFO - Fixed 443 duplicate timestamps
2025-04-14 04:55:36,958 - WARNING - Found 134 time reversals
2025-04-14 04:55:36,966 - INFO - Fixed 52 duplicate timestamps
2025-04-14 04:55:36,969 - WARNING - Found 17 time reversals
2025-04-14 04:55:36,996 - INFO - Fixed 430 duplicate timestamps
2025-04-14 04:55:37,004 - WARNING - Found 171 time reversals
2025-04-14 04:55:37,062 - INFO - Fixed 971 duplicate timestamps
2025-04-14 04:55:37,078 - WARNING - Found 431 time reversals
2025-04-14 04:55:37,105 - INFO - Fixed 397 duplicate timestamps
2025-04-14 04:55:37,113 - WARNING - Found 160 time reversals
2025-04-14 04:55:37,126 - INFO - Fixed 75 duplicate timestamps
2025-04-14 04:55:37,131 - WARNING - Found 27 time reversals
2025-04-14 04:55:37,137 - INFO - Fixed 7 duplicate timestamps
2025-04-14 04:55:37,193 - INFO - Fixed 953 duplicate timestamps
2025-04-14 04:55:37,282 - WARNING - Found 312 time reversals
2025-04-14 04:55:37,293 - INFO - Fixed 61 duplicate timestamps
2025-04-14 04:55:37,296 - WARNING - Found 15 time reversals
2025-04-14 04:55:37,352 - INFO - Fixed 953 duplicate timestamps
2025-04-14 04:55:37,372 - WARNING - Found 312 time reversals
2025-04-14 04:55:37,379 - INFO - Fixed 3 duplicate timestamps
2025-04-14 04:55:37,436 - INFO - Fixed 953 duplicate timestamps
2025-04-14 04:55:37,456 - WARNING - Found 312 time reversals
2025-04-14 04:55:37,463 - INFO - Fixed 1 duplicate timestamps
2025-04-14 04:55:37,472 - INFO - Fixed 5 duplicate timestamps
2025-04-14 04:55:37,485 - INFO - Fixed 29 duplicate timestamps
2025-04-14 04:55:37,495 - WARNING - Found 6 time reversals
2025-04-14 04:55:37,516 - INFO - Fixed 123 duplicate timestamps
2025-04-14 04:55:37,527 - WARNING - Found 41 time reversals
2025-04-14 04:55:37,552 - INFO - Fixed 369 duplicate timestamps
2025-04-14 04:55:37,560 - WARNING - Found 154 time reversals
2025-04-14 04:55:37,574 - INFO - Fixed 95 duplicate timestamps
2025-04-14 04:55:37,580 - WARNING - Found 28 time reversals
2025-04-14 04:55:37,585 - INFO - Fixed 3 duplicate timestamps
2025-04-14 04:55:37,593 - INFO - Fixed 64 duplicate timestamps
2025-04-14 04:55:37,594 - WARNING - Found 25 time reversals
2025-04-14 04:55:37,603 - INFO - Fixed 68 duplicate timestamps
2025-04-14 04:55:37,606 - WARNING - Found 17 time reversals
2025-04-14 04:55:37,665 - INFO - Fixed 953 duplicate timestamps
2025-04-14 04:55:37,686 - WARNING - Found 312 time reversals
2025-04-14 04:55:37,710 - INFO - Fixed 349 duplicate timestamps
2025-04-14 04:55:37,718 - WARNING - Found 148 time reversals
2025-04-14 04:55:37,727 - INFO - Fixed 55 duplicate timestamps
2025-04-14 04:55:37,757 - INFO - Fixed 443 duplicate timestamps
2025-04-14 04:55:37,767 - WARNING - Found 134 time reversals
2025-04-14 04:55:37,822 - INFO - Fixed 953 duplicate timestamps
2025-04-14 04:55:37,842 - WARNING - Found 312 time reversals
2025-04-14 04:55:37,875 - INFO - Fixed 468 duplicate timestamps
2025-04-14 04:55:37,886 - WARNING - Found 154 time reversals
2025-04-14 04:55:37,942 - INFO - Fixed 953 duplicate timestamps
2025-04-14 04:55:37,962 - WARNING - Found 312 time reversals
2025-04-14 04:55:37,975 - INFO - Fixed 75 duplicate timestamps
2025-04-14 04:55:37,980 - WARNING - Found 27 time reversals
2025-04-14 04:55:37,988 - INFO - Fixed 59 duplicate timestamps
2025-04-14 04:55:37,990 - WARNING - Found 22 time reversals
2025-04-14 04:55:38,045 - INFO - Fixed 953 duplicate timestamps
2025-04-14 04:55:38,066 - WARNING - Found 312 time reversals
2025-04-14 04:55:38,092 - INFO - Fixed 365 duplicate timestamps
2025-04-14 04:55:38,100 - WARNING - Found 169 time reversals
2025-04-14 04:55:38,103 - INFO - Dataset Statistics for subjects [38, 46]:
2025-04-14 04:55:38,103 - INFO - Total files: 698
2025-04-14 04:55:38,103 - INFO - Successfully processed: 588 (84.2%)
2025-04-14 04:55:38,103 - INFO - Errors: 110
2025-04-14 04:55:38,103 - INFO - Falls: 141 samples
2025-04-14 04:55:38,103 - INFO - Non-falls: 1801 samples
2025-04-14 04:55:38,103 - INFO - Activities distribution:
2025-04-14 04:55:38,103 - INFO -   Activity 1 (ADL): 38 files
2025-04-14 04:55:38,103 - INFO -   Activity 2 (ADL): 49 files
2025-04-14 04:55:38,103 - INFO -   Activity 3 (ADL): 60 files
2025-04-14 04:55:38,103 - INFO -   Activity 4 (ADL): 10 files
2025-04-14 04:55:38,103 - INFO -   Activity 5 (ADL): 57 files
2025-04-14 04:55:38,103 - INFO -   Activity 6 (ADL): 51 files
2025-04-14 04:55:38,103 - INFO -   Activity 7 (ADL): 47 files
2025-04-14 04:55:38,103 - INFO -   Activity 8 (ADL): 55 files
2025-04-14 04:55:38,103 - INFO -   Activity 9 (ADL): 54 files
2025-04-14 04:55:38,103 - INFO -   Activity 10 (Fall): 59 files
2025-04-14 04:55:38,103 - INFO -   Activity 11 (Fall): 51 files
2025-04-14 04:55:38,103 - INFO -   Activity 12 (Fall): 60 files
2025-04-14 04:55:38,103 - INFO -   Activity 13 (Fall): 52 files
2025-04-14 04:55:38,103 - INFO -   Activity 14 (Fall): 55 files
2025-04-14 04:55:40,023 - INFO - Fixed 6 duplicate timestamps
2025-04-14 04:55:40,027 - WARNING - Found 1 time reversals
2025-04-14 04:55:40,031 - INFO - Fixed 1 duplicate timestamps
2025-04-14 04:55:40,038 - INFO - Fixed 16 duplicate timestamps
2025-04-14 04:55:40,049 - INFO - Fixed 2 duplicate timestamps
2025-04-14 04:55:40,056 - INFO - Fixed 1 duplicate timestamps
2025-04-14 04:55:40,061 - INFO - Fixed 3 duplicate timestamps
2025-04-14 04:55:40,070 - INFO - Fixed 30 duplicate timestamps
2025-04-14 04:55:40,072 - WARNING - Found 3 time reversals
2025-04-14 04:55:40,077 - INFO - Fixed 8 duplicate timestamps
2025-04-14 04:55:40,079 - WARNING - Found 2 time reversals
2025-04-14 04:55:40,088 - INFO - Fixed 83 duplicate timestamps
2025-04-14 04:55:40,098 - INFO - Fixed 7 duplicate timestamps
2025-04-14 04:55:40,113 - INFO - Fixed 170 duplicate timestamps
2025-04-14 04:55:40,119 - WARNING - Found 59 time reversals
2025-04-14 04:55:40,125 - INFO - Fixed 37 duplicate timestamps
2025-04-14 04:55:40,127 - WARNING - Found 14 time reversals
2025-04-14 04:55:40,135 - INFO - Fixed 1 duplicate timestamps
2025-04-14 04:55:40,149 - INFO - Fixed 2 duplicate timestamps
2025-04-14 04:55:40,158 - INFO - Fixed 8 duplicate timestamps
2025-04-14 04:55:40,160 - WARNING - Found 1 time reversals
2025-04-14 04:55:40,166 - INFO - Fixed 33 duplicate timestamps
2025-04-14 04:55:40,173 - INFO - Fixed 2 duplicate timestamps
2025-04-14 04:55:40,180 - INFO - Fixed 2 duplicate timestamps
2025-04-14 04:55:40,189 - INFO - Fixed 51 duplicate timestamps
2025-04-14 04:55:40,200 - INFO - Fixed 2 duplicate timestamps
2025-04-14 04:55:40,206 - INFO - Fixed 6 duplicate timestamps
2025-04-14 04:55:40,208 - WARNING - Found 1 time reversals
2025-04-14 04:55:40,213 - INFO - Fixed 4 duplicate timestamps
2025-04-14 04:55:40,219 - INFO - Fixed 8 duplicate timestamps
2025-04-14 04:55:40,224 - INFO - Fixed 1 duplicate timestamps
2025-04-14 04:55:40,230 - INFO - Fixed 2 duplicate timestamps
2025-04-14 04:55:40,236 - INFO - Fixed 1 duplicate timestamps
2025-04-14 04:55:40,245 - INFO - Fixed 72 duplicate timestamps
2025-04-14 04:55:40,246 - WARNING - Found 18 time reversals
2025-04-14 04:55:40,253 - INFO - Fixed 7 duplicate timestamps
2025-04-14 04:55:40,262 - INFO - Fixed 57 duplicate timestamps
2025-04-14 04:55:40,264 - WARNING - Found 20 time reversals
2025-04-14 04:55:40,273 - INFO - Fixed 1 duplicate timestamps
2025-04-14 04:55:40,279 - INFO - Fixed 9 duplicate timestamps
2025-04-14 04:55:40,286 - INFO - Fixed 2 duplicate timestamps
2025-04-14 04:55:40,302 - INFO - Fixed 180 duplicate timestamps
2025-04-14 04:55:40,307 - WARNING - Found 59 time reversals
2025-04-14 04:55:40,316 - INFO - Fixed 1 duplicate timestamps
2025-04-14 04:55:40,322 - INFO - Dataset Statistics for subjects [32]:
2025-04-14 04:55:40,322 - INFO - Total files: 743
2025-04-14 04:55:40,322 - INFO - Successfully processed: 633 (85.2%)
2025-04-14 04:55:40,323 - INFO - Errors: 110
2025-04-14 04:55:40,323 - INFO - Falls: 21 samples
2025-04-14 04:55:40,323 - INFO - Non-falls: 39 samples
2025-04-14 04:55:40,323 - INFO - Activities distribution:
2025-04-14 04:55:40,323 - INFO -   Activity 1 (ADL): 41 files
2025-04-14 04:55:40,323 - INFO -   Activity 2 (ADL): 53 files
2025-04-14 04:55:40,323 - INFO -   Activity 3 (ADL): 65 files
2025-04-14 04:55:40,323 - INFO -   Activity 4 (ADL): 10 files
2025-04-14 04:55:40,323 - INFO -   Activity 5 (ADL): 60 files
2025-04-14 04:55:40,323 - INFO -   Activity 6 (ADL): 52 files
2025-04-14 04:55:40,323 - INFO -   Activity 7 (ADL): 50 files
2025-04-14 04:55:40,323 - INFO -   Activity 8 (ADL): 59 files
2025-04-14 04:55:40,323 - INFO -   Activity 9 (ADL): 57 files
2025-04-14 04:55:40,323 - INFO -   Activity 10 (Fall): 62 files
2025-04-14 04:55:40,323 - INFO -   Activity 11 (Fall): 54 files
2025-04-14 04:55:40,323 - INFO -   Activity 12 (Fall): 64 files
2025-04-14 04:55:40,323 - INFO -   Activity 13 (Fall): 56 files
2025-04-14 04:55:40,323 - INFO -   Activity 14 (Fall): 60 files
2025-04-14 04:55:40,498 - INFO - Data loaded - Train: 5629 samples
2025-04-14 04:55:40,498 - INFO - Val: 1942 samples
2025-04-14 04:55:40,498 - INFO - Test: 60 samples
2025-04-14 04:55:40,498 - INFO - Train class distribution - Non-falls: 3598, Falls: 2031
2025-04-14 04:55:40,498 - INFO - Val class distribution - Non-falls: 1801, Falls: 141
2025-04-14 04:55:40,498 - INFO - Test class distribution - Non-falls: 39, Falls: 21
/home/sww35/.local/lib/python3.9/site-packages/torch/optim/lr_scheduler.py:62: UserWarning: The verbose parameter is deprecated. Please use get_last_lr() to access the learning rate.
  warnings.warn(
  0%|                                                   | 0/176 [00:00<?, ?it/s]  1%|▏                                          | 1/176 [00:01<04:09,  1.43s/it]  9%|███▊                                      | 16/176 [00:01<00:11, 14.25it/s] 20%|████████▎                                 | 35/176 [00:01<00:04, 34.40it/s] 31%|████████████▉                             | 54/176 [00:01<00:02, 56.29it/s] 41%|█████████████████▍                        | 73/176 [00:01<00:01, 78.66it/s] 53%|█████████████████████▋                   | 93/176 [00:01<00:00, 101.05it/s] 64%|█████████████████████████▍              | 112/176 [00:02<00:00, 120.10it/s] 75%|██████████████████████████████          | 132/176 [00:02<00:00, 137.27it/s] 86%|██████████████████████████████████▌     | 152/176 [00:02<00:00, 151.05it/s] 98%|███████████████████████████████████████ | 172/176 [00:02<00:00, 161.67it/s]100%|█████████████████████████████████████████| 176/176 [00:02<00:00, 72.75it/s]
2025-04-14 04:55:43,704 - INFO - Epoch 0: Training Loss: 0.0350, Acc: 54.45%, F1: 46.09%, Precision: 40.22%, Recall: 53.96%, AUC: 54.34%
2025-04-14 04:55:43,704 - INFO - Time consumption: [Data]10%, [Network]89%
2025-04-14 04:55:43,705 - INFO - Eval epoch: 0
  0%|                                                    | 0/61 [00:00<?, ?it/s] 51%|█████████████████████▎                    | 31/61 [00:00<00:00, 304.10it/s]100%|██████████████████████████████████████████| 61/61 [00:00<00:00, 301.43it/s]
2025-04-14 04:55:43,912 - INFO - Val Loss: 0.0231, Acc: 55.56%, F1: 9.82%, Precision: 5.76%, Recall: 33.33%, AUC: 45.32%
2025-04-14 04:55:43,990 - INFO - Weights Saved: F1 improved to 9.82%
  0%|                                                   | 0/176 [00:00<?, ?it/s] 10%|████▏                                    | 18/176 [00:00<00:00, 177.94it/s] 21%|████████▌                                | 37/176 [00:00<00:00, 184.98it/s] 32%|█████████████                            | 56/176 [00:00<00:00, 186.99it/s] 43%|█████████████████▍                       | 75/176 [00:00<00:00, 188.14it/s] 54%|██████████████████████▏                  | 95/176 [00:00<00:00, 188.86it/s] 65%|█████████████████████████▉              | 114/176 [00:00<00:00, 187.98it/s] 76%|██████████████████████████████▏         | 133/176 [00:00<00:00, 187.50it/s] 86%|██████████████████████████████████▌     | 152/176 [00:00<00:00, 187.25it/s] 97%|██████████████████████████████████████▊ | 171/176 [00:00<00:00, 188.06it/s]100%|████████████████████████████████████████| 176/176 [00:00<00:00, 187.38it/s]
2025-04-14 04:55:44,936 - INFO - Epoch 1: Training Loss: 0.0263, Acc: 62.02%, F1: 53.96%, Precision: 47.95%, Recall: 61.69%, AUC: 61.95%
2025-04-14 04:55:44,936 - INFO - Time consumption: [Data]25%, [Network]73%
2025-04-14 04:55:44,936 - INFO - Eval epoch: 1
  0%|                                                    | 0/61 [00:00<?, ?it/s] 66%|███████████████████████████▌              | 40/61 [00:00<00:00, 398.14it/s]100%|██████████████████████████████████████████| 61/61 [00:00<00:00, 397.46it/s]
2025-04-14 04:55:45,094 - INFO - Val Loss: 0.0253, Acc: 57.67%, F1: 11.42%, Precision: 6.73%, Recall: 37.59%, AUC: 48.42%
2025-04-14 04:55:45,102 - INFO - Weights Saved: F1 improved to 11.42%
  0%|                                                   | 0/176 [00:00<?, ?it/s] 11%|████▍                                    | 19/176 [00:00<00:00, 188.37it/s] 22%|█████████                                | 39/176 [00:00<00:00, 189.79it/s] 34%|█████████████▋                           | 59/176 [00:00<00:00, 190.32it/s] 45%|██████████████████▍                      | 79/176 [00:00<00:00, 190.58it/s] 56%|███████████████████████                  | 99/176 [00:00<00:00, 190.35it/s] 68%|███████████████████████████             | 119/176 [00:00<00:00, 189.53it/s] 79%|███████████████████████████████▌        | 139/176 [00:00<00:00, 189.96it/s] 90%|████████████████████████████████████▏   | 159/176 [00:00<00:00, 190.30it/s]100%|████████████████████████████████████████| 176/176 [00:00<00:00, 190.12it/s]
2025-04-14 04:55:46,035 - INFO - Epoch 2: Training Loss: 0.0246, Acc: 65.62%, F1: 58.50%, Precision: 51.82%, Recall: 67.16%, AUC: 65.96%
2025-04-14 04:55:46,035 - INFO - Time consumption: [Data]25%, [Network]73%
2025-04-14 04:55:46,035 - INFO - Eval epoch: 2
  0%|                                                    | 0/61 [00:00<?, ?it/s] 67%|████████████████████████████▏             | 41/61 [00:00<00:00, 401.23it/s]100%|██████████████████████████████████████████| 61/61 [00:00<00:00, 401.71it/s]
2025-04-14 04:55:46,192 - INFO - Val Loss: 0.0242, Acc: 53.30%, F1: 11.17%, Precision: 6.48%, Recall: 40.43%, AUC: 47.36%
  0%|                                                   | 0/176 [00:00<?, ?it/s] 11%|████▍                                    | 19/176 [00:00<00:00, 186.68it/s] 22%|█████████                                | 39/176 [00:00<00:00, 188.86it/s] 34%|█████████████▋                           | 59/176 [00:00<00:00, 189.69it/s] 44%|██████████████████▏                      | 78/176 [00:00<00:00, 189.66it/s] 55%|██████████████████████▌                  | 97/176 [00:00<00:00, 187.32it/s] 66%|██████████████████████████▎             | 116/176 [00:00<00:00, 187.43it/s] 77%|██████████████████████████████▉         | 136/176 [00:00<00:00, 188.56it/s] 89%|███████████████████████████████████▍    | 156/176 [00:00<00:00, 189.14it/s]100%|████████████████████████████████████████| 176/176 [00:00<00:00, 189.49it/s]100%|████████████████████████████████████████| 176/176 [00:00<00:00, 188.82it/s]
2025-04-14 04:55:47,132 - INFO - Epoch 3: Training Loss: 0.0239, Acc: 68.43%, F1: 60.41%, Precision: 55.17%, Recall: 66.77%, AUC: 68.07%
2025-04-14 04:55:47,132 - INFO - Time consumption: [Data]25%, [Network]72%
2025-04-14 04:55:47,132 - INFO - Eval epoch: 3
  0%|                                                    | 0/61 [00:00<?, ?it/s] 67%|████████████████████████████▏             | 41/61 [00:00<00:00, 400.17it/s]100%|██████████████████████████████████████████| 61/61 [00:00<00:00, 400.66it/s]
2025-04-14 04:55:47,290 - INFO - Val Loss: 0.0230, Acc: 67.97%, F1: 13.13%, Precision: 8.17%, Recall: 33.33%, AUC: 52.01%
2025-04-14 04:55:47,297 - INFO - Weights Saved: F1 improved to 13.13%
  0%|                                                   | 0/176 [00:00<?, ?it/s] 11%|████▍                                    | 19/176 [00:00<00:00, 189.15it/s] 22%|█████████                                | 39/176 [00:00<00:00, 190.23it/s] 34%|█████████████▋                           | 59/176 [00:00<00:00, 190.62it/s] 45%|██████████████████▍                      | 79/176 [00:00<00:00, 190.59it/s] 56%|███████████████████████                  | 99/176 [00:00<00:00, 189.10it/s] 68%|███████████████████████████             | 119/176 [00:00<00:00, 189.64it/s] 79%|███████████████████████████████▌        | 139/176 [00:00<00:00, 190.01it/s] 90%|████████████████████████████████████▏   | 159/176 [00:00<00:00, 190.26it/s]100%|████████████████████████████████████████| 176/176 [00:00<00:00, 190.05it/s]
2025-04-14 04:55:48,231 - INFO - Epoch 4: Training Loss: 0.0224, Acc: 71.52%, F1: 63.33%, Precision: 59.15%, Recall: 68.14%, AUC: 70.79%
2025-04-14 04:55:48,231 - INFO - Time consumption: [Data]25%, [Network]73%
2025-04-14 04:55:48,232 - INFO - Eval epoch: 4
  0%|                                                    | 0/61 [00:00<?, ?it/s] 67%|████████████████████████████▏             | 41/61 [00:00<00:00, 401.49it/s]100%|██████████████████████████████████████████| 61/61 [00:00<00:00, 401.63it/s]
2025-04-14 04:55:48,388 - INFO - Val Loss: 0.0240, Acc: 61.33%, F1: 22.34%, Precision: 13.08%, Recall: 76.60%, AUC: 68.36%
2025-04-14 04:55:48,395 - INFO - Weights Saved: F1 improved to 22.34%
  0%|                                                   | 0/176 [00:00<?, ?it/s] 11%|████▍                                    | 19/176 [00:00<00:00, 188.86it/s] 22%|█████████                                | 39/176 [00:00<00:00, 189.77it/s] 33%|█████████████▌                           | 58/176 [00:00<00:00, 189.68it/s] 44%|█████████████████▉                       | 77/176 [00:00<00:00, 188.72it/s] 55%|██████████████████████▌                  | 97/176 [00:00<00:00, 189.35it/s] 66%|██████████████████████████▎             | 116/176 [00:00<00:00, 189.53it/s] 77%|██████████████████████████████▉         | 136/176 [00:00<00:00, 189.81it/s] 89%|███████████████████████████████████▍    | 156/176 [00:00<00:00, 190.09it/s]100%|████████████████████████████████████████| 176/176 [00:00<00:00, 190.19it/s]100%|████████████████████████████████████████| 176/176 [00:00<00:00, 189.73it/s]
2025-04-14 04:55:49,329 - INFO - Epoch 5: Training Loss: 0.0217, Acc: 73.26%, F1: 65.09%, Precision: 61.54%, Recall: 69.08%, AUC: 72.35%
2025-04-14 04:55:49,329 - INFO - Time consumption: [Data]25%, [Network]73%
2025-04-14 04:55:49,329 - INFO - Eval epoch: 5
  0%|                                                    | 0/61 [00:00<?, ?it/s] 67%|████████████████████████████▏             | 41/61 [00:00<00:00, 401.47it/s]100%|██████████████████████████████████████████| 61/61 [00:00<00:00, 401.82it/s]
2025-04-14 04:55:49,486 - INFO - Val Loss: 0.0224, Acc: 63.44%, F1: 18.39%, Precision: 10.97%, Recall: 56.74%, AUC: 60.35%
  0%|                                                   | 0/176 [00:00<?, ?it/s] 11%|████▍                                    | 19/176 [00:00<00:00, 188.71it/s] 22%|████████▊                                | 38/176 [00:00<00:00, 187.90it/s] 32%|█████████████▎                           | 57/176 [00:00<00:00, 187.45it/s] 44%|█████████████████▉                       | 77/176 [00:00<00:00, 188.87it/s] 55%|██████████████████████▌                  | 97/176 [00:00<00:00, 189.65it/s] 66%|██████████████████████████▌             | 117/176 [00:00<00:00, 190.12it/s] 78%|███████████████████████████████▏        | 137/176 [00:00<00:00, 190.38it/s] 89%|███████████████████████████████████▋    | 157/176 [00:00<00:00, 190.53it/s]100%|████████████████████████████████████████| 176/176 [00:00<00:00, 189.82it/s]
2025-04-14 04:55:50,419 - INFO - Epoch 6: Training Loss: 0.0212, Acc: 74.17%, F1: 66.65%, Precision: 62.39%, Recall: 71.54%, AUC: 73.60%
2025-04-14 04:55:50,419 - INFO - Time consumption: [Data]25%, [Network]73%
2025-04-14 04:55:50,419 - INFO - Eval epoch: 6
  0%|                                                    | 0/61 [00:00<?, ?it/s] 67%|████████████████████████████▏             | 41/61 [00:00<00:00, 402.22it/s]100%|██████████████████████████████████████████| 61/61 [00:00<00:00, 402.41it/s]
2025-04-14 04:55:50,576 - INFO - Val Loss: 0.0227, Acc: 60.50%, F1: 14.68%, Precision: 8.71%, Recall: 46.81%, AUC: 54.19%
  0%|                                                   | 0/176 [00:00<?, ?it/s] 11%|████▍                                    | 19/176 [00:00<00:00, 188.08it/s] 22%|████████▊                                | 38/176 [00:00<00:00, 187.96it/s] 33%|█████████████▌                           | 58/176 [00:00<00:00, 189.27it/s] 44%|██████████████████▏                      | 78/176 [00:00<00:00, 189.89it/s] 56%|██████████████████████▊                  | 98/176 [00:00<00:00, 190.33it/s] 67%|██████████████████████████▊             | 118/176 [00:00<00:00, 190.51it/s] 78%|███████████████████████████████▎        | 138/176 [00:00<00:00, 190.57it/s] 90%|███████████████████████████████████▉    | 158/176 [00:00<00:00, 190.74it/s]100%|████████████████████████████████████████| 176/176 [00:00<00:00, 190.20it/s]
2025-04-14 04:55:51,511 - INFO - Epoch 7: Training Loss: 0.0210, Acc: 73.57%, F1: 65.87%, Precision: 61.66%, Recall: 70.70%, AUC: 72.94%
2025-04-14 04:55:51,511 - INFO - Time consumption: [Data]25%, [Network]73%
2025-04-14 04:55:51,511 - INFO - Eval epoch: 7
  0%|                                                    | 0/61 [00:00<?, ?it/s] 67%|████████████████████████████▏             | 41/61 [00:00<00:00, 401.78it/s]100%|██████████████████████████████████████████| 61/61 [00:00<00:00, 402.26it/s]
2025-04-14 04:55:51,668 - INFO - Val Loss: 0.0268, Acc: 56.39%, F1: 18.01%, Precision: 10.43%, Recall: 65.96%, AUC: 60.80%
  0%|                                                   | 0/176 [00:00<?, ?it/s] 11%|████▍                                    | 19/176 [00:00<00:00, 188.19it/s] 22%|████████▊                                | 38/176 [00:00<00:00, 187.73it/s] 33%|█████████████▌                           | 58/176 [00:00<00:00, 189.19it/s] 44%|██████████████████▏                      | 78/176 [00:00<00:00, 189.90it/s] 56%|██████████████████████▊                  | 98/176 [00:00<00:00, 190.33it/s] 67%|██████████████████████████▊             | 118/176 [00:00<00:00, 190.59it/s] 78%|███████████████████████████████▎        | 138/176 [00:00<00:00, 190.76it/s] 90%|███████████████████████████████████▉    | 158/176 [00:00<00:00, 190.90it/s]100%|████████████████████████████████████████| 176/176 [00:00<00:00, 190.30it/s]
2025-04-14 04:55:52,598 - INFO - Epoch 8: Training Loss: 0.0204, Acc: 75.48%, F1: 68.23%, Precision: 64.07%, Recall: 72.97%, AUC: 74.94%
2025-04-14 04:55:52,599 - INFO - Time consumption: [Data]25%, [Network]73%
2025-04-14 04:55:52,599 - INFO - Eval epoch: 8
  0%|                                                    | 0/61 [00:00<?, ?it/s] 67%|████████████████████████████▏             | 41/61 [00:00<00:00, 401.30it/s]100%|██████████████████████████████████████████| 61/61 [00:00<00:00, 388.54it/s]
2025-04-14 04:55:52,763 - INFO - Val Loss: 0.0284, Acc: 53.35%, F1: 14.20%, Precision: 8.20%, Recall: 53.19%, AUC: 53.28%
  0%|                                                   | 0/176 [00:00<?, ?it/s] 11%|████▍                                    | 19/176 [00:00<00:00, 188.95it/s] 22%|█████████                                | 39/176 [00:00<00:00, 189.83it/s] 34%|█████████████▋                           | 59/176 [00:00<00:00, 190.15it/s] 45%|██████████████████▍                      | 79/176 [00:00<00:00, 190.32it/s] 56%|███████████████████████                  | 99/176 [00:00<00:00, 190.47it/s] 68%|███████████████████████████             | 119/176 [00:00<00:00, 190.55it/s] 79%|███████████████████████████████▌        | 139/176 [00:00<00:00, 190.58it/s] 90%|████████████████████████████████████▏   | 159/176 [00:00<00:00, 190.51it/s]100%|████████████████████████████████████████| 176/176 [00:00<00:00, 190.33it/s]
2025-04-14 04:55:53,694 - INFO - Epoch 9: Training Loss: 0.0197, Acc: 76.55%, F1: 69.63%, Precision: 65.36%, Recall: 74.50%, AUC: 76.10%
2025-04-14 04:55:53,694 - INFO - Time consumption: [Data]25%, [Network]73%
2025-04-14 04:55:53,694 - INFO - Eval epoch: 9
  0%|                                                    | 0/61 [00:00<?, ?it/s] 66%|███████████████████████████▌              | 40/61 [00:00<00:00, 397.50it/s]100%|██████████████████████████████████████████| 61/61 [00:00<00:00, 394.25it/s]
2025-04-14 04:55:53,854 - INFO - Val Loss: 0.0281, Acc: 56.80%, F1: 21.52%, Precision: 12.39%, Recall: 81.56%, AUC: 68.21%
  0%|                                                   | 0/176 [00:00<?, ?it/s] 11%|████▍                                    | 19/176 [00:00<00:00, 189.49it/s] 22%|████████▊                                | 38/176 [00:00<00:00, 189.54it/s] 33%|█████████████▌                           | 58/176 [00:00<00:00, 190.29it/s] 44%|██████████████████▏                      | 78/176 [00:00<00:00, 190.66it/s] 56%|██████████████████████▊                  | 98/176 [00:00<00:00, 190.82it/s] 67%|██████████████████████████▊             | 118/176 [00:00<00:00, 190.99it/s] 78%|███████████████████████████████▎        | 138/176 [00:00<00:00, 191.02it/s] 90%|███████████████████████████████████▉    | 158/176 [00:00<00:00, 190.01it/s]100%|████████████████████████████████████████| 176/176 [00:00<00:00, 190.30it/s]
2025-04-14 04:55:54,787 - INFO - Epoch 10: Training Loss: 0.0198, Acc: 75.22%, F1: 68.99%, Precision: 62.88%, Recall: 76.42%, AUC: 75.48%
2025-04-14 04:55:54,788 - INFO - Time consumption: [Data]25%, [Network]73%
2025-04-14 04:55:54,788 - INFO - Eval epoch: 10
  0%|                                                    | 0/61 [00:00<?, ?it/s] 67%|████████████████████████████▏             | 41/61 [00:00<00:00, 401.97it/s]100%|██████████████████████████████████████████| 61/61 [00:00<00:00, 402.46it/s]
2025-04-14 04:55:54,944 - INFO - Val Loss: 0.0293, Acc: 48.56%, F1: 16.96%, Precision: 9.60%, Recall: 72.34%, AUC: 59.52%
  0%|                                                   | 0/176 [00:00<?, ?it/s] 11%|████▍                                    | 19/176 [00:00<00:00, 189.36it/s] 22%|█████████                                | 39/176 [00:00<00:00, 190.27it/s] 34%|█████████████▋                           | 59/176 [00:00<00:00, 190.62it/s] 45%|██████████████████▍                      | 79/176 [00:00<00:00, 190.84it/s] 56%|███████████████████████                  | 99/176 [00:00<00:00, 190.94it/s] 68%|███████████████████████████             | 119/176 [00:00<00:00, 191.07it/s] 79%|███████████████████████████████▌        | 139/176 [00:00<00:00, 191.11it/s] 90%|████████████████████████████████████▏   | 159/176 [00:00<00:00, 190.98it/s]100%|████████████████████████████████████████| 176/176 [00:00<00:00, 190.46it/s]
2025-04-14 04:55:55,876 - INFO - Epoch 11: Training Loss: 0.0193, Acc: 76.91%, F1: 70.17%, Precision: 65.71%, Recall: 75.28%, AUC: 76.55%
2025-04-14 04:55:55,876 - INFO - Time consumption: [Data]25%, [Network]73%
2025-04-14 04:55:55,876 - INFO - Eval epoch: 11
  0%|                                                    | 0/61 [00:00<?, ?it/s] 67%|████████████████████████████▏             | 41/61 [00:00<00:00, 401.83it/s]100%|██████████████████████████████████████████| 61/61 [00:00<00:00, 401.89it/s]
2025-04-14 04:55:56,033 - INFO - Val Loss: 0.0235, Acc: 54.89%, F1: 17.36%, Precision: 10.01%, Recall: 65.25%, AUC: 59.66%
  0%|                                                   | 0/176 [00:00<?, ?it/s] 11%|████▍                                    | 19/176 [00:00<00:00, 189.74it/s] 22%|█████████                                | 39/176 [00:00<00:00, 190.51it/s] 34%|█████████████▋                           | 59/176 [00:00<00:00, 190.76it/s] 45%|██████████████████▍                      | 79/176 [00:00<00:00, 190.85it/s] 56%|███████████████████████                  | 99/176 [00:00<00:00, 190.88it/s] 68%|███████████████████████████             | 119/176 [00:00<00:00, 190.78it/s] 79%|███████████████████████████████▌        | 139/176 [00:00<00:00, 190.67it/s] 90%|████████████████████████████████████▏   | 159/176 [00:00<00:00, 188.84it/s]100%|████████████████████████████████████████| 176/176 [00:00<00:00, 189.66it/s]
2025-04-14 04:55:56,967 - INFO - Epoch 12: Training Loss: 0.0190, Acc: 76.44%, F1: 70.24%, Precision: 64.54%, Recall: 77.06%, AUC: 76.58%
2025-04-14 04:55:56,967 - INFO - Time consumption: [Data]25%, [Network]73%
2025-04-14 04:55:56,967 - INFO - Eval epoch: 12
  0%|                                                    | 0/61 [00:00<?, ?it/s] 67%|████████████████████████████▏             | 41/61 [00:00<00:00, 402.36it/s]100%|██████████████████████████████████████████| 61/61 [00:00<00:00, 402.28it/s]
2025-04-14 04:55:57,123 - INFO - Val Loss: 0.0289, Acc: 55.66%, F1: 19.46%, Precision: 11.21%, Recall: 73.76%, AUC: 64.00%
  0%|                                                   | 0/176 [00:00<?, ?it/s] 11%|████▍                                    | 19/176 [00:00<00:00, 189.51it/s] 22%|█████████                                | 39/176 [00:00<00:00, 190.35it/s] 34%|█████████████▋                           | 59/176 [00:00<00:00, 190.63it/s] 45%|██████████████████▍                      | 79/176 [00:00<00:00, 190.87it/s] 56%|███████████████████████                  | 99/176 [00:00<00:00, 190.92it/s] 68%|███████████████████████████             | 119/176 [00:00<00:00, 190.98it/s] 79%|███████████████████████████████▌        | 139/176 [00:00<00:00, 190.67it/s] 90%|████████████████████████████████████▏   | 159/176 [00:00<00:00, 189.71it/s]100%|████████████████████████████████████████| 176/176 [00:00<00:00, 190.28it/s]
2025-04-14 04:55:58,058 - INFO - Epoch 13: Training Loss: 0.0184, Acc: 77.40%, F1: 71.04%, Precision: 66.07%, Recall: 76.81%, AUC: 77.27%
2025-04-14 04:55:58,058 - INFO - Time consumption: [Data]25%, [Network]73%
2025-04-14 04:55:58,058 - INFO - Eval epoch: 13
  0%|                                                    | 0/61 [00:00<?, ?it/s] 67%|████████████████████████████▏             | 41/61 [00:00<00:00, 402.63it/s]100%|██████████████████████████████████████████| 61/61 [00:00<00:00, 402.83it/s]
2025-04-14 04:55:58,215 - INFO - Val Loss: 0.0329, Acc: 44.39%, F1: 17.30%, Precision: 9.70%, Recall: 80.14%, AUC: 60.86%
  0%|                                                   | 0/176 [00:00<?, ?it/s] 11%|████▍                                    | 19/176 [00:00<00:00, 189.45it/s] 22%|█████████                                | 39/176 [00:00<00:00, 190.41it/s] 34%|█████████████▋                           | 59/176 [00:00<00:00, 190.55it/s] 45%|██████████████████▍                      | 79/176 [00:00<00:00, 190.69it/s] 56%|███████████████████████                  | 99/176 [00:00<00:00, 190.89it/s] 68%|███████████████████████████             | 119/176 [00:00<00:00, 190.86it/s] 79%|███████████████████████████████▌        | 139/176 [00:00<00:00, 189.92it/s] 90%|████████████████████████████████████▏   | 159/176 [00:00<00:00, 190.02it/s]100%|████████████████████████████████████████| 176/176 [00:00<00:00, 190.29it/s]
2025-04-14 04:55:59,145 - INFO - Epoch 14: Training Loss: 0.0180, Acc: 78.97%, F1: 72.89%, Precision: 68.12%, Recall: 78.39%, AUC: 78.84%
2025-04-14 04:55:59,145 - INFO - Time consumption: [Data]25%, [Network]73%
2025-04-14 04:55:59,146 - INFO - Eval epoch: 14
  0%|                                                    | 0/61 [00:00<?, ?it/s] 67%|████████████████████████████▏             | 41/61 [00:00<00:00, 402.44it/s]100%|██████████████████████████████████████████| 61/61 [00:00<00:00, 402.70it/s]
2025-04-14 04:55:59,302 - INFO - Val Loss: 0.0306, Acc: 59.47%, F1: 18.11%, Precision: 10.61%, Recall: 61.70%, AUC: 60.50%
  0%|                                                   | 0/176 [00:00<?, ?it/s] 11%|████▍                                    | 19/176 [00:00<00:00, 189.42it/s] 22%|█████████                                | 39/176 [00:00<00:00, 190.13it/s] 34%|█████████████▋                           | 59/176 [00:00<00:00, 189.17it/s] 45%|██████████████████▍                      | 79/176 [00:00<00:00, 189.82it/s] 56%|██████████████████████▊                  | 98/176 [00:00<00:00, 189.62it/s] 66%|██████████████████████████▌             | 117/176 [00:00<00:00, 185.17it/s] 77%|██████████████████████████████▉         | 136/176 [00:00<00:00, 185.55it/s] 88%|███████████████████████████████████▏    | 155/176 [00:00<00:00, 186.42it/s] 99%|███████████████████████████████████████▌| 174/176 [00:00<00:00, 187.03it/s]100%|████████████████████████████████████████| 176/176 [00:00<00:00, 187.42it/s]
2025-04-14 04:56:00,249 - INFO - Epoch 15: Training Loss: 0.0178, Acc: 78.31%, F1: 72.09%, Precision: 67.28%, Recall: 77.65%, AUC: 78.16%
2025-04-14 04:56:00,249 - INFO - Time consumption: [Data]25%, [Network]72%
2025-04-14 04:56:00,249 - INFO - Eval epoch: 15
  0%|                                                    | 0/61 [00:00<?, ?it/s] 66%|███████████████████████████▌              | 40/61 [00:00<00:00, 398.10it/s]100%|██████████████████████████████████████████| 61/61 [00:00<00:00, 398.99it/s]
2025-04-14 04:56:00,408 - INFO - Val Loss: 0.0301, Acc: 62.51%, F1: 17.46%, Precision: 10.39%, Recall: 54.61%, AUC: 58.87%
  0%|                                                   | 0/176 [00:00<?, ?it/s] 11%|████▍                                    | 19/176 [00:00<00:00, 189.52it/s] 22%|█████████                                | 39/176 [00:00<00:00, 190.50it/s] 34%|█████████████▋                           | 59/176 [00:00<00:00, 190.91it/s] 45%|██████████████████▍                      | 79/176 [00:00<00:00, 191.05it/s] 56%|███████████████████████                  | 99/176 [00:00<00:00, 190.96it/s] 68%|███████████████████████████             | 119/176 [00:00<00:00, 188.99it/s] 79%|███████████████████████████████▌        | 139/176 [00:00<00:00, 189.73it/s] 90%|████████████████████████████████████▏   | 159/176 [00:00<00:00, 190.23it/s]100%|████████████████████████████████████████| 176/176 [00:00<00:00, 190.28it/s]
2025-04-14 04:56:01,340 - INFO - Epoch 16: Training Loss: 0.0168, Acc: 80.26%, F1: 74.11%, Precision: 70.35%, Recall: 78.29%, AUC: 79.83%
2025-04-14 04:56:01,340 - INFO - Time consumption: [Data]25%, [Network]73%
2025-04-14 04:56:01,340 - INFO - Eval epoch: 16
  0%|                                                    | 0/61 [00:00<?, ?it/s] 67%|████████████████████████████▏             | 41/61 [00:00<00:00, 402.41it/s]100%|██████████████████████████████████████████| 61/61 [00:00<00:00, 402.43it/s]
2025-04-14 04:56:01,497 - INFO - Val Loss: 0.0317, Acc: 57.52%, F1: 18.07%, Precision: 10.51%, Recall: 64.54%, AUC: 60.75%
  0%|                                                   | 0/176 [00:00<?, ?it/s] 11%|████▍                                    | 19/176 [00:00<00:00, 189.85it/s] 22%|█████████                                | 39/176 [00:00<00:00, 190.72it/s] 34%|█████████████▋                           | 59/176 [00:00<00:00, 191.08it/s] 45%|██████████████████▍                      | 79/176 [00:00<00:00, 191.18it/s] 56%|███████████████████████                  | 99/176 [00:00<00:00, 191.11it/s] 68%|███████████████████████████             | 119/176 [00:00<00:00, 191.23it/s] 79%|███████████████████████████████▌        | 139/176 [00:00<00:00, 191.32it/s] 90%|████████████████████████████████████▏   | 159/176 [00:00<00:00, 191.38it/s]100%|████████████████████████████████████████| 176/176 [00:00<00:00, 191.16it/s]
2025-04-14 04:56:02,423 - INFO - Epoch 17: Training Loss: 0.0167, Acc: 79.87%, F1: 74.41%, Precision: 68.74%, Recall: 81.09%, AUC: 80.14%
2025-04-14 04:56:02,423 - INFO - Time consumption: [Data]25%, [Network]73%
2025-04-14 04:56:02,423 - INFO - Eval epoch: 17
  0%|                                                    | 0/61 [00:00<?, ?it/s] 67%|████████████████████████████▏             | 41/61 [00:00<00:00, 401.79it/s]100%|██████████████████████████████████████████| 61/61 [00:00<00:00, 401.98it/s]
2025-04-14 04:56:02,580 - INFO - Val Loss: 0.0314, Acc: 58.86%, F1: 15.09%, Precision: 8.88%, Recall: 50.35%, AUC: 54.94%
  0%|                                                   | 0/176 [00:00<?, ?it/s] 11%|████▍                                    | 19/176 [00:00<00:00, 189.48it/s] 22%|█████████                                | 39/176 [00:00<00:00, 190.10it/s] 34%|█████████████▋                           | 59/176 [00:00<00:00, 190.29it/s] 45%|██████████████████▍                      | 79/176 [00:00<00:00, 190.38it/s] 56%|███████████████████████                  | 99/176 [00:00<00:00, 190.45it/s] 68%|███████████████████████████             | 119/176 [00:00<00:00, 190.60it/s] 79%|███████████████████████████████▌        | 139/176 [00:00<00:00, 190.70it/s] 90%|████████████████████████████████████▏   | 159/176 [00:00<00:00, 190.52it/s]100%|████████████████████████████████████████| 176/176 [00:00<00:00, 190.36it/s]
2025-04-14 04:56:03,511 - INFO - Epoch 18: Training Loss: 0.0164, Acc: 79.55%, F1: 73.86%, Precision: 68.55%, Recall: 80.06%, AUC: 79.66%
2025-04-14 04:56:03,511 - INFO - Time consumption: [Data]25%, [Network]73%
2025-04-14 04:56:03,511 - INFO - Eval epoch: 18
  0%|                                                    | 0/61 [00:00<?, ?it/s] 67%|████████████████████████████▏             | 41/61 [00:00<00:00, 401.97it/s]100%|██████████████████████████████████████████| 61/61 [00:00<00:00, 402.83it/s]
2025-04-14 04:56:03,668 - INFO - Val Loss: 0.0312, Acc: 59.63%, F1: 16.06%, Precision: 9.46%, Recall: 53.19%, AUC: 56.66%
  0%|                                                   | 0/176 [00:00<?, ?it/s] 11%|████▍                                    | 19/176 [00:00<00:00, 186.17it/s] 22%|█████████                                | 39/176 [00:00<00:00, 188.61it/s] 34%|█████████████▋                           | 59/176 [00:00<00:00, 189.44it/s] 45%|██████████████████▍                      | 79/176 [00:00<00:00, 189.74it/s] 56%|███████████████████████                  | 99/176 [00:00<00:00, 190.04it/s] 68%|███████████████████████████             | 119/176 [00:00<00:00, 190.30it/s] 79%|███████████████████████████████▌        | 139/176 [00:00<00:00, 190.50it/s] 90%|████████████████████████████████████▏   | 159/176 [00:00<00:00, 190.67it/s]100%|████████████████████████████████████████| 176/176 [00:00<00:00, 190.12it/s]
2025-04-14 04:56:04,599 - INFO - Epoch 19: Training Loss: 0.0164, Acc: 79.41%, F1: 74.05%, Precision: 67.90%, Recall: 81.44%, AUC: 79.85%
2025-04-14 04:56:04,603 - INFO - Time consumption: [Data]25%, [Network]72%
2025-04-14 04:56:04,603 - INFO - Eval epoch: 19
  0%|                                                    | 0/61 [00:00<?, ?it/s] 66%|███████████████████████████▌              | 40/61 [00:00<00:00, 395.18it/s]100%|██████████████████████████████████████████| 61/61 [00:00<00:00, 397.02it/s]
2025-04-14 04:56:04,762 - INFO - Val Loss: 0.0322, Acc: 55.25%, F1: 18.40%, Precision: 10.61%, Recall: 69.50%, AUC: 61.82%
  0%|                                                   | 0/176 [00:00<?, ?it/s] 11%|████▍                                    | 19/176 [00:00<00:00, 189.80it/s] 22%|█████████                                | 39/176 [00:00<00:00, 190.69it/s] 34%|█████████████▋                           | 59/176 [00:00<00:00, 191.04it/s] 45%|██████████████████▍                      | 79/176 [00:00<00:00, 191.09it/s] 56%|███████████████████████                  | 99/176 [00:00<00:00, 191.19it/s] 68%|███████████████████████████             | 119/176 [00:00<00:00, 191.24it/s] 79%|███████████████████████████████▌        | 139/176 [00:00<00:00, 191.33it/s] 90%|████████████████████████████████████▏   | 159/176 [00:00<00:00, 190.43it/s]100%|████████████████████████████████████████| 176/176 [00:00<00:00, 190.77it/s]
2025-04-14 04:56:05,694 - INFO - Epoch 20: Training Loss: 0.0166, Acc: 80.39%, F1: 74.90%, Precision: 69.58%, Recall: 81.09%, AUC: 80.54%
2025-04-14 04:56:05,695 - INFO - Time consumption: [Data]25%, [Network]73%
2025-04-14 04:56:05,695 - INFO - Eval epoch: 20
  0%|                                                    | 0/61 [00:00<?, ?it/s] 67%|████████████████████████████▏             | 41/61 [00:00<00:00, 401.48it/s]100%|██████████████████████████████████████████| 61/61 [00:00<00:00, 402.00it/s]
2025-04-14 04:56:05,852 - INFO - Val Loss: 0.0278, Acc: 56.08%, F1: 16.45%, Precision: 9.55%, Recall: 59.57%, AUC: 57.69%
  0%|                                                   | 0/176 [00:00<?, ?it/s] 11%|████▍                                    | 19/176 [00:00<00:00, 189.93it/s] 22%|█████████                                | 39/176 [00:00<00:00, 190.73it/s] 34%|█████████████▋                           | 59/176 [00:00<00:00, 191.03it/s] 45%|██████████████████▍                      | 79/176 [00:00<00:00, 191.17it/s] 56%|███████████████████████                  | 99/176 [00:00<00:00, 191.26it/s] 68%|███████████████████████████             | 119/176 [00:00<00:00, 191.28it/s] 79%|███████████████████████████████▌        | 139/176 [00:00<00:00, 191.37it/s] 90%|████████████████████████████████████▏   | 159/176 [00:00<00:00, 191.26it/s]100%|████████████████████████████████████████| 176/176 [00:00<00:00, 191.13it/s]
2025-04-14 04:56:06,782 - INFO - Epoch 21: Training Loss: 0.0159, Acc: 81.61%, F1: 76.21%, Precision: 71.47%, Recall: 81.63%, AUC: 81.62%
2025-04-14 04:56:06,785 - INFO - Time consumption: [Data]25%, [Network]73%
2025-04-14 04:56:06,785 - INFO - Eval epoch: 21
  0%|                                                    | 0/61 [00:00<?, ?it/s] 67%|████████████████████████████▏             | 41/61 [00:00<00:00, 400.30it/s]100%|██████████████████████████████████████████| 61/61 [00:00<00:00, 400.54it/s]
2025-04-14 04:56:06,943 - INFO - Val Loss: 0.0340, Acc: 55.92%, F1: 15.75%, Precision: 9.14%, Recall: 56.74%, AUC: 56.30%
  0%|                                                   | 0/176 [00:00<?, ?it/s] 11%|████▍                                    | 19/176 [00:00<00:00, 189.73it/s] 22%|█████████                                | 39/176 [00:00<00:00, 190.57it/s] 34%|█████████████▋                           | 59/176 [00:00<00:00, 189.68it/s] 45%|██████████████████▍                      | 79/176 [00:00<00:00, 190.36it/s] 56%|███████████████████████                  | 99/176 [00:00<00:00, 190.74it/s] 68%|███████████████████████████             | 119/176 [00:00<00:00, 190.99it/s] 79%|███████████████████████████████▌        | 139/176 [00:00<00:00, 191.19it/s] 90%|████████████████████████████████████▏   | 159/176 [00:00<00:00, 191.25it/s]100%|████████████████████████████████████████| 176/176 [00:00<00:00, 190.82it/s]
2025-04-14 04:56:07,871 - INFO - Epoch 22: Training Loss: 0.0156, Acc: 80.87%, F1: 75.32%, Precision: 70.45%, Recall: 80.90%, AUC: 80.87%
2025-04-14 04:56:07,871 - INFO - Time consumption: [Data]25%, [Network]73%
2025-04-14 04:56:07,871 - INFO - Eval epoch: 22
  0%|                                                    | 0/61 [00:00<?, ?it/s] 67%|████████████████████████████▏             | 41/61 [00:00<00:00, 402.54it/s]100%|██████████████████████████████████████████| 61/61 [00:00<00:00, 402.65it/s]
2025-04-14 04:56:08,027 - INFO - Val Loss: 0.0311, Acc: 52.52%, F1: 16.64%, Precision: 9.53%, Recall: 65.25%, AUC: 58.39%
  0%|                                                   | 0/176 [00:00<?, ?it/s] 11%|████▍                                    | 19/176 [00:00<00:00, 189.89it/s] 22%|█████████                                | 39/176 [00:00<00:00, 190.76it/s] 34%|█████████████▋                           | 59/176 [00:00<00:00, 190.98it/s] 45%|██████████████████▍                      | 79/176 [00:00<00:00, 191.20it/s] 56%|███████████████████████                  | 99/176 [00:00<00:00, 191.34it/s] 68%|███████████████████████████             | 119/176 [00:00<00:00, 191.40it/s] 79%|███████████████████████████████▌        | 139/176 [00:00<00:00, 191.44it/s] 90%|████████████████████████████████████▏   | 159/176 [00:00<00:00, 190.81it/s]100%|████████████████████████████████████████| 176/176 [00:00<00:00, 190.88it/s]
2025-04-14 04:56:08,956 - INFO - Epoch 23: Training Loss: 0.0158, Acc: 81.76%, F1: 76.63%, Precision: 71.24%, Recall: 82.91%, AUC: 82.01%
2025-04-14 04:56:08,957 - INFO - Time consumption: [Data]25%, [Network]73%
2025-04-14 04:56:08,957 - INFO - Eval epoch: 23
  0%|                                                    | 0/61 [00:00<?, ?it/s] 66%|███████████████████████████▌              | 40/61 [00:00<00:00, 395.16it/s]100%|██████████████████████████████████████████| 61/61 [00:00<00:00, 397.25it/s]
2025-04-14 04:56:09,115 - INFO - Val Loss: 0.0334, Acc: 54.58%, F1: 17.26%, Precision: 9.95%, Recall: 65.25%, AUC: 59.50%
  0%|                                                   | 0/176 [00:00<?, ?it/s] 11%|████▍                                    | 19/176 [00:00<00:00, 189.51it/s] 22%|█████████                                | 39/176 [00:00<00:00, 190.50it/s] 34%|█████████████▋                           | 59/176 [00:00<00:00, 190.97it/s] 45%|██████████████████▍                      | 79/176 [00:00<00:00, 191.25it/s] 56%|███████████████████████                  | 99/176 [00:00<00:00, 190.32it/s] 68%|███████████████████████████             | 119/176 [00:00<00:00, 190.66it/s] 79%|███████████████████████████████▌        | 139/176 [00:00<00:00, 190.96it/s] 90%|████████████████████████████████████▏   | 159/176 [00:00<00:00, 191.06it/s]100%|████████████████████████████████████████| 176/176 [00:00<00:00, 190.84it/s]
2025-04-14 04:56:10,043 - INFO - Epoch 24: Training Loss: 0.0155, Acc: 81.49%, F1: 76.11%, Precision: 71.21%, Recall: 81.73%, AUC: 81.54%
2025-04-14 04:56:10,043 - INFO - Time consumption: [Data]25%, [Network]73%
2025-04-14 04:56:10,043 - INFO - Eval epoch: 24
  0%|                                                    | 0/61 [00:00<?, ?it/s] 67%|████████████████████████████▏             | 41/61 [00:00<00:00, 402.55it/s]100%|██████████████████████████████████████████| 61/61 [00:00<00:00, 402.63it/s]
2025-04-14 04:56:10,200 - INFO - Val Loss: 0.0260, Acc: 59.84%, F1: 18.07%, Precision: 10.60%, Recall: 60.99%, AUC: 60.37%
  0%|                                                   | 0/176 [00:00<?, ?it/s] 11%|████▋                                    | 20/176 [00:00<00:00, 190.08it/s] 23%|█████████▎                               | 40/176 [00:00<00:00, 190.87it/s] 34%|█████████████▉                           | 60/176 [00:00<00:00, 191.17it/s] 45%|██████████████████▋                      | 80/176 [00:00<00:00, 191.39it/s] 57%|██████████████████████▋                 | 100/176 [00:00<00:00, 191.48it/s] 68%|███████████████████████████▎            | 120/176 [00:00<00:00, 190.85it/s] 80%|███████████████████████████████▊        | 140/176 [00:00<00:00, 191.01it/s] 91%|████████████████████████████████████▎   | 160/176 [00:00<00:00, 191.21it/s]100%|████████████████████████████████████████| 176/176 [00:00<00:00, 191.08it/s]
2025-04-14 04:56:11,126 - INFO - Epoch 25: Training Loss: 0.0157, Acc: 81.12%, F1: 75.76%, Precision: 70.56%, Recall: 81.78%, AUC: 81.26%
2025-04-14 04:56:11,126 - INFO - Time consumption: [Data]25%, [Network]73%
2025-04-14 04:56:11,127 - INFO - Eval epoch: 25
  0%|                                                    | 0/61 [00:00<?, ?it/s] 67%|████████████████████████████▏             | 41/61 [00:00<00:00, 401.49it/s]100%|██████████████████████████████████████████| 61/61 [00:00<00:00, 397.77it/s]
2025-04-14 04:56:11,285 - INFO - Val Loss: 0.0303, Acc: 58.55%, F1: 18.11%, Precision: 10.57%, Recall: 63.12%, AUC: 60.66%
  0%|                                                   | 0/176 [00:00<?, ?it/s] 11%|████▍                                    | 19/176 [00:00<00:00, 189.84it/s] 22%|█████████                                | 39/176 [00:00<00:00, 190.70it/s] 34%|█████████████▋                           | 59/176 [00:00<00:00, 191.04it/s] 45%|██████████████████▍                      | 79/176 [00:00<00:00, 191.32it/s] 56%|███████████████████████                  | 99/176 [00:00<00:00, 191.36it/s] 68%|███████████████████████████             | 119/176 [00:00<00:00, 191.47it/s] 79%|███████████████████████████████▌        | 139/176 [00:00<00:00, 191.52it/s] 90%|████████████████████████████████████▏   | 159/176 [00:00<00:00, 191.57it/s]100%|████████████████████████████████████████| 176/176 [00:00<00:00, 191.31it/s]
2025-04-14 04:56:12,210 - INFO - Epoch 26: Training Loss: 0.0154, Acc: 82.13%, F1: 76.84%, Precision: 72.16%, Recall: 82.18%, AUC: 82.14%
2025-04-14 04:56:12,211 - INFO - Time consumption: [Data]25%, [Network]73%
2025-04-14 04:56:12,211 - INFO - Eval epoch: 26
  0%|                                                    | 0/61 [00:00<?, ?it/s] 67%|████████████████████████████▏             | 41/61 [00:00<00:00, 402.57it/s]100%|██████████████████████████████████████████| 61/61 [00:00<00:00, 402.88it/s]
2025-04-14 04:56:12,367 - INFO - Val Loss: 0.0289, Acc: 61.07%, F1: 17.47%, Precision: 10.32%, Recall: 56.74%, AUC: 59.07%
  0%|                                                   | 0/176 [00:00<?, ?it/s] 11%|████▋                                    | 20/176 [00:00<00:00, 190.07it/s] 23%|█████████▎                               | 40/176 [00:00<00:00, 190.94it/s] 34%|█████████████▉                           | 60/176 [00:00<00:00, 190.53it/s] 45%|██████████████████▋                      | 80/176 [00:00<00:00, 190.92it/s] 57%|██████████████████████▋                 | 100/176 [00:00<00:00, 191.17it/s] 68%|███████████████████████████▎            | 120/176 [00:00<00:00, 191.36it/s] 80%|███████████████████████████████▊        | 140/176 [00:00<00:00, 191.44it/s] 91%|████████████████████████████████████▎   | 160/176 [00:00<00:00, 191.40it/s]100%|████████████████████████████████████████| 176/176 [00:00<00:00, 191.14it/s]
2025-04-14 04:56:13,296 - INFO - Epoch 27: Training Loss: 0.0143, Acc: 83.25%, F1: 78.40%, Precision: 73.31%, Recall: 84.24%, AUC: 83.46%
2025-04-14 04:56:13,296 - INFO - Time consumption: [Data]25%, [Network]73%
2025-04-14 04:56:13,296 - INFO - Eval epoch: 27
  0%|                                                    | 0/61 [00:00<?, ?it/s] 67%|████████████████████████████▏             | 41/61 [00:00<00:00, 401.65it/s]100%|██████████████████████████████████████████| 61/61 [00:00<00:00, 401.95it/s]
2025-04-14 04:56:13,453 - INFO - Val Loss: 0.0332, Acc: 55.82%, F1: 17.50%, Precision: 10.12%, Recall: 64.54%, AUC: 59.84%
  0%|                                                   | 0/176 [00:00<?, ?it/s] 11%|████▍                                    | 19/176 [00:00<00:00, 189.78it/s] 22%|█████████                                | 39/176 [00:00<00:00, 190.63it/s] 34%|█████████████▋                           | 59/176 [00:00<00:00, 190.94it/s] 45%|██████████████████▍                      | 79/176 [00:00<00:00, 191.15it/s] 56%|███████████████████████                  | 99/176 [00:00<00:00, 191.35it/s] 68%|███████████████████████████             | 119/176 [00:00<00:00, 190.96it/s] 79%|███████████████████████████████▌        | 139/176 [00:00<00:00, 191.15it/s] 90%|████████████████████████████████████▏   | 159/176 [00:00<00:00, 191.25it/s]100%|████████████████████████████████████████| 176/176 [00:00<00:00, 190.85it/s]
2025-04-14 04:56:14,383 - INFO - Epoch 28: Training Loss: 0.0143, Acc: 83.37%, F1: 78.22%, Precision: 74.15%, Recall: 82.77%, AUC: 83.24%
2025-04-14 04:56:14,383 - INFO - Time consumption: [Data]25%, [Network]73%
2025-04-14 04:56:14,383 - INFO - Eval epoch: 28
  0%|                                                    | 0/61 [00:00<?, ?it/s] 67%|████████████████████████████▏             | 41/61 [00:00<00:00, 401.31it/s]100%|██████████████████████████████████████████| 61/61 [00:00<00:00, 401.92it/s]
2025-04-14 04:56:14,540 - INFO - Val Loss: 0.0342, Acc: 56.54%, F1: 19.00%, Precision: 10.99%, Recall: 70.21%, AUC: 62.84%
  0%|                                                   | 0/176 [00:00<?, ?it/s] 11%|████▍                                    | 19/176 [00:00<00:00, 186.68it/s] 22%|█████████                                | 39/176 [00:00<00:00, 189.43it/s] 34%|█████████████▋                           | 59/176 [00:00<00:00, 190.35it/s] 45%|██████████████████▍                      | 79/176 [00:00<00:00, 190.82it/s] 56%|███████████████████████                  | 99/176 [00:00<00:00, 191.12it/s] 68%|███████████████████████████             | 119/176 [00:00<00:00, 191.27it/s] 79%|███████████████████████████████▌        | 139/176 [00:00<00:00, 191.28it/s] 90%|████████████████████████████████████▏   | 159/176 [00:00<00:00, 191.39it/s]100%|████████████████████████████████████████| 176/176 [00:00<00:00, 190.87it/s]
2025-04-14 04:56:15,470 - INFO - Epoch 29: Training Loss: 0.0140, Acc: 83.60%, F1: 78.60%, Precision: 74.28%, Recall: 83.46%, AUC: 83.57%
2025-04-14 04:56:15,470 - INFO - Time consumption: [Data]25%, [Network]73%
2025-04-14 04:56:15,471 - INFO - Eval epoch: 29
  0%|                                                    | 0/61 [00:00<?, ?it/s] 67%|████████████████████████████▏             | 41/61 [00:00<00:00, 402.49it/s]100%|██████████████████████████████████████████| 61/61 [00:00<00:00, 402.69it/s]
2025-04-14 04:56:15,627 - INFO - Val Loss: 0.0354, Acc: 54.99%, F1: 17.08%, Precision: 9.86%, Recall: 63.83%, AUC: 59.07%
  0%|                                                   | 0/176 [00:00<?, ?it/s] 11%|████▍                                    | 19/176 [00:00<00:00, 189.87it/s] 22%|█████████                                | 39/176 [00:00<00:00, 190.81it/s] 34%|█████████████▋                           | 59/176 [00:00<00:00, 191.08it/s] 45%|██████████████████▍                      | 79/176 [00:00<00:00, 191.18it/s] 56%|███████████████████████                  | 99/176 [00:00<00:00, 190.41it/s] 68%|███████████████████████████             | 119/176 [00:00<00:00, 190.64it/s] 79%|███████████████████████████████▌        | 139/176 [00:00<00:00, 190.79it/s] 90%|████████████████████████████████████▏   | 159/176 [00:00<00:00, 190.91it/s]100%|████████████████████████████████████████| 176/176 [00:00<00:00, 190.79it/s]
2025-04-14 04:56:16,557 - INFO - Epoch 30: Training Loss: 0.0141, Acc: 83.76%, F1: 78.95%, Precision: 74.17%, Recall: 84.39%, AUC: 83.90%
2025-04-14 04:56:16,558 - INFO - Time consumption: [Data]25%, [Network]73%
2025-04-14 04:56:16,558 - INFO - Eval epoch: 30
  0%|                                                    | 0/61 [00:00<?, ?it/s] 67%|████████████████████████████▏             | 41/61 [00:00<00:00, 401.39it/s]100%|██████████████████████████████████████████| 61/61 [00:00<00:00, 401.57it/s]
2025-04-14 04:56:16,714 - INFO - Val Loss: 0.0381, Acc: 55.66%, F1: 16.97%, Precision: 9.82%, Recall: 62.41%, AUC: 58.77%
2025-04-14 04:56:16,715 - INFO - Early stopping at epoch 30
2025-04-14 04:56:16,729 - INFO - ===== Testing Subject 32 =====
2025-04-14 04:56:17,481 - INFO - Eval epoch: 0
  0%|                                                     | 0/8 [00:00<?, ?it/s]100%|████████████████████████████████████████████| 8/8 [00:00<00:00, 183.34it/s]
2025-04-14 04:56:17,528 - INFO - Test Loss: 0.1082, Acc: 53.33%, F1: 54.84%, Precision: 41.46%, Recall: 80.95%, AUC: 59.71%
2025-04-14 04:56:18,071 - INFO - ===== Starting fold with test subject 39 =====
2025-04-14 04:56:18,071 - INFO - Train subjects: [45, 36, 29, 32, 30, 31, 33, 34, 35, 37, 43, 44]
2025-04-14 04:56:18,071 - INFO - Val subjects: [38, 46]
2025-04-14 04:56:18,075 - INFO - Model Parameters: 384828
2025-04-14 04:56:18,089 - INFO - Fixed 60 duplicate timestamps
2025-04-14 04:56:18,092 - WARNING - Found 10 time reversals
2025-04-14 04:56:18,097 - INFO - Fixed 4 duplicate timestamps
2025-04-14 04:56:18,105 - INFO - Fixed 9 duplicate timestamps
2025-04-14 04:56:18,107 - WARNING - Found 2 time reversals
2025-04-14 04:56:18,113 - INFO - Fixed 10 duplicate timestamps
/mmfs1/home/sww35/testWatchAcc/LightHART/utils/accelerometer_processor.py:44: UserWarning: Could not infer format, so each element will be parsed individually, falling back to `dateutil`. To ensure parsing is consistent and as-expected, please specify a format.
  timestamps = pd.to_datetime(data.iloc[:, 0], errors='coerce')
2025-04-14 04:56:18,122 - WARNING - Found 1 invalid timestamps at rows [0]...
2025-04-14 04:56:18,123 - ERROR - Error processing /mmfs1/home/sww35/testWatchAcc/LightHART/data/smartfallmm/young/accelerometer/watch/S33A10T04.csv: 0
2025-04-14 04:56:18,123 - ERROR - Error processing /mmfs1/home/sww35/testWatchAcc/LightHART/data/smartfallmm/young/accelerometer/watch/S33A10T04.csv: 0
2025-04-14 04:56:18,130 - INFO - Fixed 22 duplicate timestamps
2025-04-14 04:56:18,136 - INFO - Fixed 1 duplicate timestamps
2025-04-14 04:56:18,142 - INFO - Fixed 2 duplicate timestamps
2025-04-14 04:56:18,149 - INFO - Fixed 4 duplicate timestamps
2025-04-14 04:56:18,154 - INFO - Fixed 1 duplicate timestamps
2025-04-14 04:56:18,163 - INFO - Fixed 68 duplicate timestamps
2025-04-14 04:56:18,174 - INFO - Fixed 6 duplicate timestamps
2025-04-14 04:56:18,176 - WARNING - Found 1 time reversals
2025-04-14 04:56:18,206 - INFO - Fixed 471 duplicate timestamps
2025-04-14 04:56:18,219 - WARNING - Found 164 time reversals
/mmfs1/home/sww35/testWatchAcc/LightHART/utils/accelerometer_processor.py:44: UserWarning: Could not infer format, so each element will be parsed individually, falling back to `dateutil`. To ensure parsing is consistent and as-expected, please specify a format.
  timestamps = pd.to_datetime(data.iloc[:, 0], errors='coerce')
2025-04-14 04:56:18,265 - WARNING - Found 647 invalid timestamps at rows [0 1 2 3 4]...
2025-04-14 04:56:18,265 - ERROR - Error processing /mmfs1/home/sww35/testWatchAcc/LightHART/data/smartfallmm/young/accelerometer/watch/S33A06T08.csv: Insufficient valid data rows after cleaning: 0
2025-04-14 04:56:18,265 - ERROR - Error processing /mmfs1/home/sww35/testWatchAcc/LightHART/data/smartfallmm/young/accelerometer/watch/S33A06T08.csv: Insufficient valid data rows after cleaning: 0
2025-04-14 04:56:18,306 - INFO - Fixed 653 duplicate timestamps
2025-04-14 04:56:18,320 - WARNING - Found 291 time reversals
2025-04-14 04:56:18,325 - INFO - Fixed 1 duplicate timestamps
/mmfs1/home/sww35/testWatchAcc/LightHART/utils/accelerometer_processor.py:44: UserWarning: Could not infer format, so each element will be parsed individually, falling back to `dateutil`. To ensure parsing is consistent and as-expected, please specify a format.
  timestamps = pd.to_datetime(data.iloc[:, 0], errors='coerce')
2025-04-14 04:56:18,328 - WARNING - Found 1 invalid timestamps at rows [0]...
2025-04-14 04:56:18,329 - ERROR - Error processing /mmfs1/home/sww35/testWatchAcc/LightHART/data/smartfallmm/young/accelerometer/watch/S33A10T03.csv: 0
2025-04-14 04:56:18,329 - ERROR - Error processing /mmfs1/home/sww35/testWatchAcc/LightHART/data/smartfallmm/young/accelerometer/watch/S33A10T03.csv: 0
2025-04-14 04:56:18,333 - INFO - Fixed 12 duplicate timestamps
2025-04-14 04:56:18,334 - WARNING - Found 1 time reversals
2025-04-14 04:56:18,342 - INFO - Fixed 77 duplicate timestamps
2025-04-14 04:56:18,353 - INFO - Fixed 9 duplicate timestamps
2025-04-14 04:56:18,354 - WARNING - Found 1 time reversals
2025-04-14 04:56:18,388 - INFO - Fixed 496 duplicate timestamps
2025-04-14 04:56:18,400 - WARNING - Found 184 time reversals
2025-04-14 04:56:18,449 - INFO - Fixed 898 duplicate timestamps
2025-04-14 04:56:18,468 - WARNING - Found 346 time reversals
2025-04-14 04:56:18,482 - INFO - Fixed 38 duplicate timestamps
2025-04-14 04:56:18,489 - WARNING - Found 13 time reversals
/mmfs1/home/sww35/testWatchAcc/LightHART/utils/accelerometer_processor.py:44: UserWarning: Could not infer format, so each element will be parsed individually, falling back to `dateutil`. To ensure parsing is consistent and as-expected, please specify a format.
  timestamps = pd.to_datetime(data.iloc[:, 0], errors='coerce')
2025-04-14 04:56:18,521 - WARNING - Found 355 invalid timestamps at rows [0 1 2 3 4]...
2025-04-14 04:56:18,521 - ERROR - Error processing /mmfs1/home/sww35/testWatchAcc/LightHART/data/smartfallmm/young/accelerometer/watch/S33A01T05.csv: Insufficient valid data rows after cleaning: 0
2025-04-14 04:56:18,521 - ERROR - Error processing /mmfs1/home/sww35/testWatchAcc/LightHART/data/smartfallmm/young/accelerometer/watch/S33A01T05.csv: Insufficient valid data rows after cleaning: 0
2025-04-14 04:56:18,533 - INFO - Fixed 68 duplicate timestamps
2025-04-14 04:56:18,538 - WARNING - Found 28 time reversals
2025-04-14 04:56:18,547 - INFO - Fixed 46 duplicate timestamps
2025-04-14 04:56:18,557 - INFO - Fixed 33 duplicate timestamps
2025-04-14 04:56:18,565 - INFO - Fixed 35 duplicate timestamps
2025-04-14 04:56:18,573 - INFO - Fixed 1 duplicate timestamps
2025-04-14 04:56:18,581 - INFO - Fixed 16 duplicate timestamps
2025-04-14 04:56:18,596 - INFO - Fixed 86 duplicate timestamps
2025-04-14 04:56:18,602 - WARNING - Found 32 time reversals
2025-04-14 04:56:18,633 - INFO - Fixed 403 duplicate timestamps
2025-04-14 04:56:18,643 - WARNING - Found 153 time reversals
2025-04-14 04:56:18,647 - INFO - Fixed 3 duplicate timestamps
2025-04-14 04:56:18,655 - INFO - Fixed 61 duplicate timestamps
2025-04-14 04:56:18,657 - WARNING - Found 16 time reversals
2025-04-14 04:56:18,661 - INFO - Fixed 2 duplicate timestamps
2025-04-14 04:56:18,666 - INFO - Fixed 5 duplicate timestamps
2025-04-14 04:56:18,672 - INFO - Fixed 1 duplicate timestamps
2025-04-14 04:56:18,689 - INFO - Fixed 68 duplicate timestamps
2025-04-14 04:56:18,694 - WARNING - Found 28 time reversals
2025-04-14 04:56:18,707 - INFO - Fixed 68 duplicate timestamps
2025-04-14 04:56:18,713 - WARNING - Found 28 time reversals
2025-04-14 04:56:18,718 - INFO - Fixed 1 duplicate timestamps
/mmfs1/home/sww35/testWatchAcc/LightHART/utils/accelerometer_processor.py:44: UserWarning: Could not infer format, so each element will be parsed individually, falling back to `dateutil`. To ensure parsing is consistent and as-expected, please specify a format.
  timestamps = pd.to_datetime(data.iloc[:, 0], errors='coerce')
2025-04-14 04:56:18,722 - WARNING - Found 168 invalid timestamps at rows [  0 341 342 343 344]...
2025-04-14 04:56:18,723 - ERROR - Error processing /mmfs1/home/sww35/testWatchAcc/LightHART/data/smartfallmm/young/accelerometer/watch/S33A13T04.csv: 0
2025-04-14 04:56:18,723 - ERROR - Error processing /mmfs1/home/sww35/testWatchAcc/LightHART/data/smartfallmm/young/accelerometer/watch/S33A13T04.csv: 0
2025-04-14 04:56:18,835 - INFO - Fixed 505 duplicate timestamps
2025-04-14 04:56:18,905 - WARNING - Found 239 time reversals
2025-04-14 04:56:18,913 - INFO - Fixed 3 duplicate timestamps
2025-04-14 04:56:18,919 - INFO - Fixed 2 duplicate timestamps
2025-04-14 04:56:18,928 - INFO - Fixed 48 duplicate timestamps
2025-04-14 04:56:18,935 - INFO - Fixed 7 duplicate timestamps
2025-04-14 04:56:18,937 - WARNING - Found 1 time reversals
2025-04-14 04:56:18,971 - INFO - Fixed 537 duplicate timestamps
2025-04-14 04:56:18,984 - WARNING - Found 189 time reversals
2025-04-14 04:56:18,990 - INFO - Fixed 2 duplicate timestamps
/mmfs1/home/sww35/testWatchAcc/LightHART/utils/accelerometer_processor.py:44: UserWarning: Could not infer format, so each element will be parsed individually, falling back to `dateutil`. To ensure parsing is consistent and as-expected, please specify a format.
  timestamps = pd.to_datetime(data.iloc[:, 0], errors='coerce')
2025-04-14 04:56:18,997 - WARNING - Found 1 invalid timestamps at rows [0]...
2025-04-14 04:56:18,998 - ERROR - Error processing /mmfs1/home/sww35/testWatchAcc/LightHART/data/smartfallmm/young/accelerometer/watch/S33A03T01.csv: 0
2025-04-14 04:56:18,998 - ERROR - Error processing /mmfs1/home/sww35/testWatchAcc/LightHART/data/smartfallmm/young/accelerometer/watch/S33A03T01.csv: 0
2025-04-14 04:56:19,016 - INFO - Fixed 47 duplicate timestamps
2025-04-14 04:56:19,027 - WARNING - Found 21 time reversals
2025-04-14 04:56:19,071 - INFO - Fixed 751 duplicate timestamps
2025-04-14 04:56:19,087 - WARNING - Found 257 time reversals
/mmfs1/home/sww35/testWatchAcc/LightHART/utils/accelerometer_processor.py:44: UserWarning: Could not infer format, so each element will be parsed individually, falling back to `dateutil`. To ensure parsing is consistent and as-expected, please specify a format.
  timestamps = pd.to_datetime(data.iloc[:, 0], errors='coerce')
2025-04-14 04:56:19,090 - WARNING - Found 1 invalid timestamps at rows [0]...
2025-04-14 04:56:19,091 - ERROR - Error processing /mmfs1/home/sww35/testWatchAcc/LightHART/data/smartfallmm/young/accelerometer/watch/S33A09T02.csv: 0
2025-04-14 04:56:19,091 - ERROR - Error processing /mmfs1/home/sww35/testWatchAcc/LightHART/data/smartfallmm/young/accelerometer/watch/S33A09T02.csv: 0
2025-04-14 04:56:19,133 - INFO - Fixed 733 duplicate timestamps
2025-04-14 04:56:19,149 - WARNING - Found 282 time reversals
2025-04-14 04:56:19,156 - INFO - Fixed 25 duplicate timestamps
2025-04-14 04:56:19,158 - WARNING - Found 4 time reversals
2025-04-14 04:56:19,170 - INFO - Fixed 47 duplicate timestamps
2025-04-14 04:56:19,175 - WARNING - Found 10 time reversals
2025-04-14 04:56:19,191 - INFO - Fixed 48 duplicate timestamps
2025-04-14 04:56:19,199 - WARNING - Found 20 time reversals
2025-04-14 04:56:19,211 - INFO - Fixed 37 duplicate timestamps
2025-04-14 04:56:19,216 - WARNING - Found 12 time reversals
/mmfs1/home/sww35/testWatchAcc/LightHART/utils/accelerometer_processor.py:44: UserWarning: Could not infer format, so each element will be parsed individually, falling back to `dateutil`. To ensure parsing is consistent and as-expected, please specify a format.
  timestamps = pd.to_datetime(data.iloc[:, 0], errors='coerce')
2025-04-14 04:56:19,220 - WARNING - Found 110 invalid timestamps at rows [  0 503 504 505 506]...
2025-04-14 04:56:19,220 - ERROR - Error processing /mmfs1/home/sww35/testWatchAcc/LightHART/data/smartfallmm/young/accelerometer/watch/S33A14T02.csv: 0
2025-04-14 04:56:19,221 - ERROR - Error processing /mmfs1/home/sww35/testWatchAcc/LightHART/data/smartfallmm/young/accelerometer/watch/S33A14T02.csv: 0
2025-04-14 04:56:19,274 - INFO - Fixed 930 duplicate timestamps
2025-04-14 04:56:19,293 - WARNING - Found 438 time reversals
2025-04-14 04:56:19,300 - INFO - Fixed 8 duplicate timestamps
2025-04-14 04:56:19,308 - INFO - Fixed 30 duplicate timestamps
2025-04-14 04:56:19,309 - WARNING - Found 3 time reversals
2025-04-14 04:56:19,313 - INFO - Fixed 8 duplicate timestamps
2025-04-14 04:56:19,314 - WARNING - Found 1 time reversals
2025-04-14 04:56:19,318 - INFO - Fixed 15 duplicate timestamps
2025-04-14 04:56:19,320 - WARNING - Found 4 time reversals
/mmfs1/home/sww35/testWatchAcc/LightHART/utils/accelerometer_processor.py:44: UserWarning: Could not infer format, so each element will be parsed individually, falling back to `dateutil`. To ensure parsing is consistent and as-expected, please specify a format.
  timestamps = pd.to_datetime(data.iloc[:, 0], errors='coerce')
2025-04-14 04:56:19,322 - WARNING - Found 172 invalid timestamps at rows [  0 342 343 344 345]...
2025-04-14 04:56:19,323 - ERROR - Error processing /mmfs1/home/sww35/testWatchAcc/LightHART/data/smartfallmm/young/accelerometer/watch/S33A05T03.csv: 0
2025-04-14 04:56:19,323 - ERROR - Error processing /mmfs1/home/sww35/testWatchAcc/LightHART/data/smartfallmm/young/accelerometer/watch/S33A05T03.csv: 0
2025-04-14 04:56:19,361 - INFO - Fixed 530 duplicate timestamps
2025-04-14 04:56:19,373 - WARNING - Found 188 time reversals
2025-04-14 04:56:19,469 - INFO - Fixed 1762 duplicate timestamps
2025-04-14 04:56:19,508 - WARNING - Found 562 time reversals
/mmfs1/home/sww35/testWatchAcc/LightHART/utils/accelerometer_processor.py:44: UserWarning: Could not infer format, so each element will be parsed individually, falling back to `dateutil`. To ensure parsing is consistent and as-expected, please specify a format.
  timestamps = pd.to_datetime(data.iloc[:, 0], errors='coerce')
2025-04-14 04:56:19,547 - WARNING - Found 396 invalid timestamps at rows [0 1 2 3 4]...
2025-04-14 04:56:19,548 - ERROR - Error processing /mmfs1/home/sww35/testWatchAcc/LightHART/data/smartfallmm/young/accelerometer/watch/S33A03T12.csv: Insufficient valid data rows after cleaning: 0
2025-04-14 04:56:19,548 - ERROR - Error processing /mmfs1/home/sww35/testWatchAcc/LightHART/data/smartfallmm/young/accelerometer/watch/S33A03T12.csv: Insufficient valid data rows after cleaning: 0
2025-04-14 04:56:19,594 - INFO - Fixed 796 duplicate timestamps
2025-04-14 04:56:19,610 - WARNING - Found 361 time reversals
2025-04-14 04:56:19,620 - INFO - Fixed 95 duplicate timestamps
2025-04-14 04:56:19,623 - WARNING - Found 27 time reversals
2025-04-14 04:56:19,628 - INFO - Fixed 30 duplicate timestamps
2025-04-14 04:56:19,699 - INFO - Fixed 978 duplicate timestamps
2025-04-14 04:56:19,724 - WARNING - Found 338 time reversals
2025-04-14 04:56:19,731 - INFO - Fixed 8 duplicate timestamps
2025-04-14 04:56:19,733 - WARNING - Found 2 time reversals
2025-04-14 04:56:19,737 - INFO - Fixed 11 duplicate timestamps
2025-04-14 04:56:19,752 - INFO - Fixed 46 duplicate timestamps
2025-04-14 04:56:19,759 - WARNING - Found 16 time reversals
2025-04-14 04:56:19,772 - INFO - Fixed 68 duplicate timestamps
2025-04-14 04:56:19,778 - WARNING - Found 28 time reversals
2025-04-14 04:56:19,784 - INFO - Fixed 4 duplicate timestamps
2025-04-14 04:56:19,791 - INFO - Fixed 10 duplicate timestamps
2025-04-14 04:56:19,793 - WARNING - Found 1 time reversals
2025-04-14 04:56:19,830 - INFO - Fixed 568 duplicate timestamps
2025-04-14 04:56:19,844 - WARNING - Found 235 time reversals
/mmfs1/home/sww35/testWatchAcc/LightHART/utils/accelerometer_processor.py:44: UserWarning: Could not infer format, so each element will be parsed individually, falling back to `dateutil`. To ensure parsing is consistent and as-expected, please specify a format.
  timestamps = pd.to_datetime(data.iloc[:, 0], errors='coerce')
2025-04-14 04:56:19,847 - WARNING - Found 1 invalid timestamps at rows [0]...
2025-04-14 04:56:19,848 - ERROR - Error processing /mmfs1/home/sww35/testWatchAcc/LightHART/data/smartfallmm/young/accelerometer/watch/S33A13T03.csv: 0
2025-04-14 04:56:19,848 - ERROR - Error processing /mmfs1/home/sww35/testWatchAcc/LightHART/data/smartfallmm/young/accelerometer/watch/S33A13T03.csv: 0
2025-04-14 04:56:19,878 - INFO - Fixed 511 duplicate timestamps
2025-04-14 04:56:19,891 - WARNING - Found 145 time reversals
2025-04-14 04:56:19,900 - INFO - Fixed 83 duplicate timestamps
2025-04-14 04:56:19,923 - INFO - Fixed 88 duplicate timestamps
2025-04-14 04:56:19,934 - WARNING - Found 28 time reversals
2025-04-14 04:56:19,943 - INFO - Fixed 2 duplicate timestamps
2025-04-14 04:56:19,955 - INFO - Fixed 64 duplicate timestamps
2025-04-14 04:56:19,958 - WARNING - Found 12 time reversals
2025-04-14 04:56:19,963 - INFO - Fixed 7 duplicate timestamps
2025-04-14 04:56:19,965 - WARNING - Found 1 time reversals
2025-04-14 04:56:19,972 - INFO - Fixed 37 duplicate timestamps
2025-04-14 04:56:19,976 - WARNING - Found 9 time reversals
2025-04-14 04:56:20,007 - INFO - Fixed 507 duplicate timestamps
2025-04-14 04:56:20,019 - WARNING - Found 157 time reversals
2025-04-14 04:56:20,054 - INFO - Fixed 566 duplicate timestamps
2025-04-14 04:56:20,067 - WARNING - Found 204 time reversals
2025-04-14 04:56:20,079 - INFO - Fixed 68 duplicate timestamps
2025-04-14 04:56:20,085 - WARNING - Found 28 time reversals
2025-04-14 04:56:20,094 - INFO - Fixed 3 duplicate timestamps
2025-04-14 04:56:20,106 - INFO - Fixed 61 duplicate timestamps
2025-04-14 04:56:20,109 - WARNING - Found 20 time reversals
2025-04-14 04:56:20,115 - INFO - Fixed 3 duplicate timestamps
2025-04-14 04:56:20,141 - INFO - Fixed 403 duplicate timestamps
2025-04-14 04:56:20,151 - WARNING - Found 133 time reversals
/mmfs1/home/sww35/testWatchAcc/LightHART/utils/accelerometer_processor.py:44: UserWarning: Could not infer format, so each element will be parsed individually, falling back to `dateutil`. To ensure parsing is consistent and as-expected, please specify a format.
  timestamps = pd.to_datetime(data.iloc[:, 0], errors='coerce')
2025-04-14 04:56:20,163 - WARNING - Found 137 invalid timestamps at rows [0 1 2 3 4]...
2025-04-14 04:56:20,163 - ERROR - Error processing /mmfs1/home/sww35/testWatchAcc/LightHART/data/smartfallmm/young/accelerometer/watch/S33A14T05.csv: Insufficient valid data rows after cleaning: 0
2025-04-14 04:56:20,163 - ERROR - Error processing /mmfs1/home/sww35/testWatchAcc/LightHART/data/smartfallmm/young/accelerometer/watch/S33A14T05.csv: Insufficient valid data rows after cleaning: 0
2025-04-14 04:56:20,174 - INFO - Fixed 85 duplicate timestamps
2025-04-14 04:56:20,176 - WARNING - Found 26 time reversals
2025-04-14 04:56:20,185 - INFO - Fixed 3 duplicate timestamps
2025-04-14 04:56:20,192 - INFO - Fixed 2 duplicate timestamps
/mmfs1/home/sww35/testWatchAcc/LightHART/utils/accelerometer_processor.py:44: UserWarning: Could not infer format, so each element will be parsed individually, falling back to `dateutil`. To ensure parsing is consistent and as-expected, please specify a format.
  timestamps = pd.to_datetime(data.iloc[:, 0], errors='coerce')
2025-04-14 04:56:20,227 - WARNING - Found 446 invalid timestamps at rows [0 1 2 3 4]...
2025-04-14 04:56:20,228 - ERROR - Error processing /mmfs1/home/sww35/testWatchAcc/LightHART/data/smartfallmm/young/accelerometer/watch/S33A08T04.csv: Insufficient valid data rows after cleaning: 0
2025-04-14 04:56:20,228 - ERROR - Error processing /mmfs1/home/sww35/testWatchAcc/LightHART/data/smartfallmm/young/accelerometer/watch/S33A08T04.csv: Insufficient valid data rows after cleaning: 0
/mmfs1/home/sww35/testWatchAcc/LightHART/utils/accelerometer_processor.py:44: UserWarning: Could not infer format, so each element will be parsed individually, falling back to `dateutil`. To ensure parsing is consistent and as-expected, please specify a format.
  timestamps = pd.to_datetime(data.iloc[:, 0], errors='coerce')
2025-04-14 04:56:20,238 - WARNING - Found 118 invalid timestamps at rows [0 1 2 3 4]...
2025-04-14 04:56:20,238 - ERROR - Error processing /mmfs1/home/sww35/testWatchAcc/LightHART/data/smartfallmm/young/accelerometer/watch/S33A05T08.csv: Insufficient valid data rows after cleaning: 0
2025-04-14 04:56:20,238 - ERROR - Error processing /mmfs1/home/sww35/testWatchAcc/LightHART/data/smartfallmm/young/accelerometer/watch/S33A05T08.csv: Insufficient valid data rows after cleaning: 0
2025-04-14 04:56:20,249 - INFO - Fixed 94 duplicate timestamps
2025-04-14 04:56:20,254 - WARNING - Found 30 time reversals
/mmfs1/home/sww35/testWatchAcc/LightHART/utils/accelerometer_processor.py:44: UserWarning: Could not infer format, so each element will be parsed individually, falling back to `dateutil`. To ensure parsing is consistent and as-expected, please specify a format.
  timestamps = pd.to_datetime(data.iloc[:, 0], errors='coerce')
2025-04-14 04:56:20,285 - WARNING - Found 510 invalid timestamps at rows [0 1 2 3 4]...
2025-04-14 04:56:20,285 - ERROR - Error processing /mmfs1/home/sww35/testWatchAcc/LightHART/data/smartfallmm/young/accelerometer/watch/S33A06T07.csv: Insufficient valid data rows after cleaning: 0
2025-04-14 04:56:20,285 - ERROR - Error processing /mmfs1/home/sww35/testWatchAcc/LightHART/data/smartfallmm/young/accelerometer/watch/S33A06T07.csv: Insufficient valid data rows after cleaning: 0
2025-04-14 04:56:20,295 - INFO - Fixed 53 duplicate timestamps
2025-04-14 04:56:20,299 - WARNING - Found 15 time reversals
2025-04-14 04:56:20,315 - INFO - Fixed 68 duplicate timestamps
2025-04-14 04:56:20,320 - WARNING - Found 28 time reversals
2025-04-14 04:56:20,333 - INFO - Fixed 66 duplicate timestamps
2025-04-14 04:56:20,338 - WARNING - Found 28 time reversals
/mmfs1/home/sww35/testWatchAcc/LightHART/utils/accelerometer_processor.py:44: UserWarning: Could not infer format, so each element will be parsed individually, falling back to `dateutil`. To ensure parsing is consistent and as-expected, please specify a format.
  timestamps = pd.to_datetime(data.iloc[:, 0], errors='coerce')
2025-04-14 04:56:20,341 - WARNING - Found 171 invalid timestamps at rows [  0 341 342 343 344]...
2025-04-14 04:56:20,341 - ERROR - Error processing /mmfs1/home/sww35/testWatchAcc/LightHART/data/smartfallmm/young/accelerometer/watch/S33A06T01.csv: 0
2025-04-14 04:56:20,341 - ERROR - Error processing /mmfs1/home/sww35/testWatchAcc/LightHART/data/smartfallmm/young/accelerometer/watch/S33A06T01.csv: 0
/mmfs1/home/sww35/testWatchAcc/LightHART/utils/accelerometer_processor.py:44: UserWarning: Could not infer format, so each element will be parsed individually, falling back to `dateutil`. To ensure parsing is consistent and as-expected, please specify a format.
  timestamps = pd.to_datetime(data.iloc[:, 0], errors='coerce')
2025-04-14 04:56:20,343 - WARNING - Found 169 invalid timestamps at rows [  0 342 343 344 345]...
2025-04-14 04:56:20,344 - ERROR - Error processing /mmfs1/home/sww35/testWatchAcc/LightHART/data/smartfallmm/young/accelerometer/watch/S33A11T01.csv: 0
2025-04-14 04:56:20,344 - ERROR - Error processing /mmfs1/home/sww35/testWatchAcc/LightHART/data/smartfallmm/young/accelerometer/watch/S33A11T01.csv: 0
2025-04-14 04:56:20,348 - INFO - Fixed 3 duplicate timestamps
2025-04-14 04:56:20,385 - INFO - Fixed 534 duplicate timestamps
2025-04-14 04:56:20,398 - WARNING - Found 200 time reversals
/mmfs1/home/sww35/testWatchAcc/LightHART/utils/accelerometer_processor.py:44: UserWarning: Could not infer format, so each element will be parsed individually, falling back to `dateutil`. To ensure parsing is consistent and as-expected, please specify a format.
  timestamps = pd.to_datetime(data.iloc[:, 0], errors='coerce')
2025-04-14 04:56:20,430 - WARNING - Found 510 invalid timestamps at rows [0 1 2 3 4]...
2025-04-14 04:56:20,431 - ERROR - Error processing /mmfs1/home/sww35/testWatchAcc/LightHART/data/smartfallmm/young/accelerometer/watch/S33A13T05.csv: Insufficient valid data rows after cleaning: 0
2025-04-14 04:56:20,431 - ERROR - Error processing /mmfs1/home/sww35/testWatchAcc/LightHART/data/smartfallmm/young/accelerometer/watch/S33A13T05.csv: Insufficient valid data rows after cleaning: 0
/mmfs1/home/sww35/testWatchAcc/LightHART/utils/accelerometer_processor.py:44: UserWarning: Could not infer format, so each element will be parsed individually, falling back to `dateutil`. To ensure parsing is consistent and as-expected, please specify a format.
  timestamps = pd.to_datetime(data.iloc[:, 0], errors='coerce')
2025-04-14 04:56:20,456 - WARNING - Found 407 invalid timestamps at rows [0 1 2 3 4]...
2025-04-14 04:56:20,457 - ERROR - Error processing /mmfs1/home/sww35/testWatchAcc/LightHART/data/smartfallmm/young/accelerometer/watch/S33A02T09.csv: Insufficient valid data rows after cleaning: 0
2025-04-14 04:56:20,457 - ERROR - Error processing /mmfs1/home/sww35/testWatchAcc/LightHART/data/smartfallmm/young/accelerometer/watch/S33A02T09.csv: Insufficient valid data rows after cleaning: 0
2025-04-14 04:56:20,467 - INFO - Fixed 30 duplicate timestamps
2025-04-14 04:56:20,473 - WARNING - Found 23 time reversals
2025-04-14 04:56:20,525 - INFO - Fixed 890 duplicate timestamps
2025-04-14 04:56:20,544 - WARNING - Found 337 time reversals
2025-04-14 04:56:20,548 - INFO - Fixed 7 duplicate timestamps
/mmfs1/home/sww35/testWatchAcc/LightHART/utils/accelerometer_processor.py:44: UserWarning: Could not infer format, so each element will be parsed individually, falling back to `dateutil`. To ensure parsing is consistent and as-expected, please specify a format.
  timestamps = pd.to_datetime(data.iloc[:, 0], errors='coerce')
2025-04-14 04:56:20,551 - WARNING - Found 61 invalid timestamps at rows [  0 406 407 408 409]...
2025-04-14 04:56:20,552 - ERROR - Error processing /mmfs1/home/sww35/testWatchAcc/LightHART/data/smartfallmm/young/accelerometer/watch/S33A03T02.csv: 0
2025-04-14 04:56:20,552 - ERROR - Error processing /mmfs1/home/sww35/testWatchAcc/LightHART/data/smartfallmm/young/accelerometer/watch/S33A03T02.csv: 0
2025-04-14 04:56:20,584 - INFO - Fixed 493 duplicate timestamps
2025-04-14 04:56:20,596 - WARNING - Found 191 time reversals
2025-04-14 04:56:20,602 - INFO - Fixed 29 duplicate timestamps
2025-04-14 04:56:20,604 - WARNING - Found 6 time reversals
2025-04-14 04:56:20,614 - INFO - Fixed 19 duplicate timestamps
2025-04-14 04:56:20,619 - WARNING - Found 1 time reversals
2025-04-14 04:56:20,633 - INFO - Fixed 170 duplicate timestamps
2025-04-14 04:56:20,639 - WARNING - Found 59 time reversals
2025-04-14 04:56:20,644 - INFO - Fixed 3 duplicate timestamps
2025-04-14 04:56:20,657 - INFO - Fixed 88 duplicate timestamps
2025-04-14 04:56:20,661 - WARNING - Found 22 time reversals
/mmfs1/home/sww35/testWatchAcc/LightHART/utils/accelerometer_processor.py:44: UserWarning: Could not infer format, so each element will be parsed individually, falling back to `dateutil`. To ensure parsing is consistent and as-expected, please specify a format.
  timestamps = pd.to_datetime(data.iloc[:, 0], errors='coerce')
2025-04-14 04:56:20,664 - WARNING - Found 216 invalid timestamps at rows [  0 435 436 437 438]...
2025-04-14 04:56:20,664 - ERROR - Error processing /mmfs1/home/sww35/testWatchAcc/LightHART/data/smartfallmm/young/accelerometer/watch/S33A13T02.csv: 0
2025-04-14 04:56:20,664 - ERROR - Error processing /mmfs1/home/sww35/testWatchAcc/LightHART/data/smartfallmm/young/accelerometer/watch/S33A13T02.csv: 0
2025-04-14 04:56:20,668 - INFO - Fixed 12 duplicate timestamps
2025-04-14 04:56:20,670 - WARNING - Found 1 time reversals
2025-04-14 04:56:20,677 - INFO - Fixed 35 duplicate timestamps
2025-04-14 04:56:20,681 - WARNING - Found 10 time reversals
2025-04-14 04:56:20,686 - INFO - Fixed 14 duplicate timestamps
2025-04-14 04:56:20,733 - INFO - Fixed 766 duplicate timestamps
2025-04-14 04:56:20,750 - WARNING - Found 326 time reversals
2025-04-14 04:56:20,756 - INFO - Fixed 2 duplicate timestamps
2025-04-14 04:56:20,764 - INFO - Fixed 41 duplicate timestamps
2025-04-14 04:56:20,766 - WARNING - Found 11 time reversals
/mmfs1/home/sww35/testWatchAcc/LightHART/utils/accelerometer_processor.py:44: UserWarning: Could not infer format, so each element will be parsed individually, falling back to `dateutil`. To ensure parsing is consistent and as-expected, please specify a format.
  timestamps = pd.to_datetime(data.iloc[:, 0], errors='coerce')
2025-04-14 04:56:20,798 - WARNING - Found 407 invalid timestamps at rows [0 1 2 3 4]...
2025-04-14 04:56:20,798 - ERROR - Error processing /mmfs1/home/sww35/testWatchAcc/LightHART/data/smartfallmm/young/accelerometer/watch/S33A11T04.csv: Insufficient valid data rows after cleaning: 0
2025-04-14 04:56:20,798 - ERROR - Error processing /mmfs1/home/sww35/testWatchAcc/LightHART/data/smartfallmm/young/accelerometer/watch/S33A11T04.csv: Insufficient valid data rows after cleaning: 0
2025-04-14 04:56:20,803 - INFO - Fixed 37 duplicate timestamps
2025-04-14 04:56:20,805 - WARNING - Found 14 time reversals
2025-04-14 04:56:20,808 - INFO - Fixed 4 duplicate timestamps
2025-04-14 04:56:20,823 - INFO - Fixed 39 duplicate timestamps
2025-04-14 04:56:20,830 - WARNING - Found 14 time reversals
2025-04-14 04:56:20,835 - INFO - Fixed 33 duplicate timestamps
2025-04-14 04:56:20,890 - INFO - Fixed 934 duplicate timestamps
2025-04-14 04:56:20,909 - WARNING - Found 430 time reversals
2025-04-14 04:56:20,943 - INFO - Fixed 528 duplicate timestamps
2025-04-14 04:56:20,956 - WARNING - Found 181 time reversals
2025-04-14 04:56:20,995 - INFO - Fixed 692 duplicate timestamps
2025-04-14 04:56:21,010 - WARNING - Found 200 time reversals
/mmfs1/home/sww35/testWatchAcc/LightHART/utils/accelerometer_processor.py:44: UserWarning: Could not infer format, so each element will be parsed individually, falling back to `dateutil`. To ensure parsing is consistent and as-expected, please specify a format.
  timestamps = pd.to_datetime(data.iloc[:, 0], errors='coerce')
2025-04-14 04:56:21,032 - WARNING - Found 281 invalid timestamps at rows [0 1 2 3 4]...
2025-04-14 04:56:21,033 - ERROR - Error processing /mmfs1/home/sww35/testWatchAcc/LightHART/data/smartfallmm/young/accelerometer/watch/S33A07T06.csv: Insufficient valid data rows after cleaning: 0
2025-04-14 04:56:21,033 - ERROR - Error processing /mmfs1/home/sww35/testWatchAcc/LightHART/data/smartfallmm/young/accelerometer/watch/S33A07T06.csv: Insufficient valid data rows after cleaning: 0
2025-04-14 04:56:21,038 - INFO - Fixed 4 duplicate timestamps
2025-04-14 04:56:21,134 - INFO - Fixed 416 duplicate timestamps
2025-04-14 04:56:21,192 - WARNING - Found 162 time reversals
2025-04-14 04:56:21,207 - INFO - Fixed 68 duplicate timestamps
2025-04-14 04:56:21,213 - WARNING - Found 28 time reversals
2025-04-14 04:56:21,218 - INFO - Fixed 3 duplicate timestamps
2025-04-14 04:56:21,226 - INFO - Fixed 28 duplicate timestamps
2025-04-14 04:56:21,230 - WARNING - Found 5 time reversals
2025-04-14 04:56:21,234 - INFO - Fixed 9 duplicate timestamps
2025-04-14 04:56:21,261 - INFO - Fixed 435 duplicate timestamps
2025-04-14 04:56:21,271 - WARNING - Found 148 time reversals
2025-04-14 04:56:21,277 - INFO - Fixed 13 duplicate timestamps
/mmfs1/home/sww35/testWatchAcc/LightHART/utils/accelerometer_processor.py:44: UserWarning: Could not infer format, so each element will be parsed individually, falling back to `dateutil`. To ensure parsing is consistent and as-expected, please specify a format.
  timestamps = pd.to_datetime(data.iloc[:, 0], errors='coerce')
2025-04-14 04:56:21,310 - WARNING - Found 507 invalid timestamps at rows [0 1 2 3 4]...
2025-04-14 04:56:21,310 - ERROR - Error processing /mmfs1/home/sww35/testWatchAcc/LightHART/data/smartfallmm/young/accelerometer/watch/S33A08T07.csv: Insufficient valid data rows after cleaning: 0
2025-04-14 04:56:21,310 - ERROR - Error processing /mmfs1/home/sww35/testWatchAcc/LightHART/data/smartfallmm/young/accelerometer/watch/S33A08T07.csv: Insufficient valid data rows after cleaning: 0
/mmfs1/home/sww35/testWatchAcc/LightHART/utils/accelerometer_processor.py:44: UserWarning: Could not infer format, so each element will be parsed individually, falling back to `dateutil`. To ensure parsing is consistent and as-expected, please specify a format.
  timestamps = pd.to_datetime(data.iloc[:, 0], errors='coerce')
2025-04-14 04:56:21,334 - WARNING - Found 304 invalid timestamps at rows [0 1 2 3 4]...
2025-04-14 04:56:21,334 - ERROR - Error processing /mmfs1/home/sww35/testWatchAcc/LightHART/data/smartfallmm/young/accelerometer/watch/S33A13T09.csv: Insufficient valid data rows after cleaning: 0
2025-04-14 04:56:21,334 - ERROR - Error processing /mmfs1/home/sww35/testWatchAcc/LightHART/data/smartfallmm/young/accelerometer/watch/S33A13T09.csv: Insufficient valid data rows after cleaning: 0
2025-04-14 04:56:21,373 - INFO - Fixed 701 duplicate timestamps
2025-04-14 04:56:21,387 - WARNING - Found 247 time reversals
2025-04-14 04:56:21,422 - INFO - Fixed 119 duplicate timestamps
2025-04-14 04:56:21,442 - WARNING - Found 45 time reversals
2025-04-14 04:56:21,454 - INFO - Fixed 52 duplicate timestamps
2025-04-14 04:56:21,457 - WARNING - Found 13 time reversals
/mmfs1/home/sww35/testWatchAcc/LightHART/utils/accelerometer_processor.py:44: UserWarning: Could not infer format, so each element will be parsed individually, falling back to `dateutil`. To ensure parsing is consistent and as-expected, please specify a format.
  timestamps = pd.to_datetime(data.iloc[:, 0], errors='coerce')
2025-04-14 04:56:21,460 - WARNING - Found 182 invalid timestamps at rows [  0 366 367 368 369]...
2025-04-14 04:56:21,461 - ERROR - Error processing /mmfs1/home/sww35/testWatchAcc/LightHART/data/smartfallmm/young/accelerometer/watch/S33A07T02.csv: 0
2025-04-14 04:56:21,461 - ERROR - Error processing /mmfs1/home/sww35/testWatchAcc/LightHART/data/smartfallmm/young/accelerometer/watch/S33A07T02.csv: 0
/mmfs1/home/sww35/testWatchAcc/LightHART/utils/accelerometer_processor.py:44: UserWarning: Could not infer format, so each element will be parsed individually, falling back to `dateutil`. To ensure parsing is consistent and as-expected, please specify a format.
  timestamps = pd.to_datetime(data.iloc[:, 0], errors='coerce')
2025-04-14 04:56:21,463 - WARNING - Found 170 invalid timestamps at rows [  0 341 342 343 344]...
2025-04-14 04:56:21,463 - ERROR - Error processing /mmfs1/home/sww35/testWatchAcc/LightHART/data/smartfallmm/young/accelerometer/watch/S33A02T01.csv: 0
2025-04-14 04:56:21,463 - ERROR - Error processing /mmfs1/home/sww35/testWatchAcc/LightHART/data/smartfallmm/young/accelerometer/watch/S33A02T01.csv: 0
2025-04-14 04:56:21,490 - INFO - Fixed 430 duplicate timestamps
2025-04-14 04:56:21,501 - WARNING - Found 98 time reversals
2025-04-14 04:56:21,516 - INFO - Fixed 47 duplicate timestamps
2025-04-14 04:56:21,523 - WARNING - Found 16 time reversals
2025-04-14 04:56:21,547 - INFO - Fixed 471 duplicate timestamps
2025-04-14 04:56:21,557 - WARNING - Found 97 time reversals
/mmfs1/home/sww35/testWatchAcc/LightHART/utils/accelerometer_processor.py:44: UserWarning: Could not infer format, so each element will be parsed individually, falling back to `dateutil`. To ensure parsing is consistent and as-expected, please specify a format.
  timestamps = pd.to_datetime(data.iloc[:, 0], errors='coerce')
2025-04-14 04:56:21,591 - WARNING - Found 491 invalid timestamps at rows [0 1 2 3 4]...
2025-04-14 04:56:21,591 - ERROR - Error processing /mmfs1/home/sww35/testWatchAcc/LightHART/data/smartfallmm/young/accelerometer/watch/S33A07T12.csv: Insufficient valid data rows after cleaning: 0
2025-04-14 04:56:21,591 - ERROR - Error processing /mmfs1/home/sww35/testWatchAcc/LightHART/data/smartfallmm/young/accelerometer/watch/S33A07T12.csv: Insufficient valid data rows after cleaning: 0
2025-04-14 04:56:21,614 - INFO - Fixed 468 duplicate timestamps
2025-04-14 04:56:21,625 - WARNING - Found 79 time reversals
2025-04-14 04:56:21,637 - INFO - Fixed 44 duplicate timestamps
2025-04-14 04:56:21,643 - WARNING - Found 16 time reversals
/mmfs1/home/sww35/testWatchAcc/LightHART/utils/accelerometer_processor.py:44: UserWarning: Could not infer format, so each element will be parsed individually, falling back to `dateutil`. To ensure parsing is consistent and as-expected, please specify a format.
  timestamps = pd.to_datetime(data.iloc[:, 0], errors='coerce')
2025-04-14 04:56:21,674 - WARNING - Found 309 invalid timestamps at rows [0 1 2 3 4]...
2025-04-14 04:56:21,674 - ERROR - Error processing /mmfs1/home/sww35/testWatchAcc/LightHART/data/smartfallmm/young/accelerometer/watch/S33A01T04.csv: Insufficient valid data rows after cleaning: 0
2025-04-14 04:56:21,674 - ERROR - Error processing /mmfs1/home/sww35/testWatchAcc/LightHART/data/smartfallmm/young/accelerometer/watch/S33A01T04.csv: Insufficient valid data rows after cleaning: 0
/mmfs1/home/sww35/testWatchAcc/LightHART/utils/accelerometer_processor.py:44: UserWarning: Could not infer format, so each element will be parsed individually, falling back to `dateutil`. To ensure parsing is consistent and as-expected, please specify a format.
  timestamps = pd.to_datetime(data.iloc[:, 0], errors='coerce')
2025-04-14 04:56:21,709 - WARNING - Found 486 invalid timestamps at rows [0 1 2 3 4]...
2025-04-14 04:56:21,709 - ERROR - Error processing /mmfs1/home/sww35/testWatchAcc/LightHART/data/smartfallmm/young/accelerometer/watch/S33A02T07.csv: Insufficient valid data rows after cleaning: 0
2025-04-14 04:56:21,709 - ERROR - Error processing /mmfs1/home/sww35/testWatchAcc/LightHART/data/smartfallmm/young/accelerometer/watch/S33A02T07.csv: Insufficient valid data rows after cleaning: 0
/mmfs1/home/sww35/testWatchAcc/LightHART/utils/accelerometer_processor.py:44: UserWarning: Could not infer format, so each element will be parsed individually, falling back to `dateutil`. To ensure parsing is consistent and as-expected, please specify a format.
  timestamps = pd.to_datetime(data.iloc[:, 0], errors='coerce')
2025-04-14 04:56:21,743 - WARNING - Found 448 invalid timestamps at rows [0 1 2 3 4]...
2025-04-14 04:56:21,743 - ERROR - Error processing /mmfs1/home/sww35/testWatchAcc/LightHART/data/smartfallmm/young/accelerometer/watch/S33A10T05.csv: Insufficient valid data rows after cleaning: 0
2025-04-14 04:56:21,743 - ERROR - Error processing /mmfs1/home/sww35/testWatchAcc/LightHART/data/smartfallmm/young/accelerometer/watch/S33A10T05.csv: Insufficient valid data rows after cleaning: 0
2025-04-14 04:56:21,756 - INFO - Fixed 91 duplicate timestamps
2025-04-14 04:56:21,761 - WARNING - Found 35 time reversals
2025-04-14 04:56:21,809 - INFO - Fixed 786 duplicate timestamps
2025-04-14 04:56:21,828 - WARNING - Found 284 time reversals
2025-04-14 04:56:21,832 - INFO - Fixed 2 duplicate timestamps
2025-04-14 04:56:21,837 - INFO - Fixed 1 duplicate timestamps
2025-04-14 04:56:21,856 - INFO - Fixed 13 duplicate timestamps
2025-04-14 04:56:21,874 - INFO - Fixed 31 duplicate timestamps
2025-04-14 04:56:21,879 - WARNING - Found 10 time reversals
2025-04-14 04:56:21,886 - INFO - Fixed 7 duplicate timestamps
2025-04-14 04:56:21,887 - WARNING - Found 1 time reversals
/mmfs1/home/sww35/testWatchAcc/LightHART/utils/accelerometer_processor.py:44: UserWarning: Could not infer format, so each element will be parsed individually, falling back to `dateutil`. To ensure parsing is consistent and as-expected, please specify a format.
  timestamps = pd.to_datetime(data.iloc[:, 0], errors='coerce')
2025-04-14 04:56:21,909 - WARNING - Found 259 invalid timestamps at rows [0 1 2 3 4]...
2025-04-14 04:56:21,909 - ERROR - Error processing /mmfs1/home/sww35/testWatchAcc/LightHART/data/smartfallmm/young/accelerometer/watch/S33A03T09.csv: Insufficient valid data rows after cleaning: 0
2025-04-14 04:56:21,909 - ERROR - Error processing /mmfs1/home/sww35/testWatchAcc/LightHART/data/smartfallmm/young/accelerometer/watch/S33A03T09.csv: Insufficient valid data rows after cleaning: 0
2025-04-14 04:56:21,920 - INFO - Fixed 5 duplicate timestamps
2025-04-14 04:56:21,937 - INFO - Fixed 68 duplicate timestamps
2025-04-14 04:56:21,942 - WARNING - Found 28 time reversals
2025-04-14 04:56:21,976 - INFO - Fixed 547 duplicate timestamps
2025-04-14 04:56:21,990 - WARNING - Found 139 time reversals
2025-04-14 04:56:21,997 - INFO - Fixed 37 duplicate timestamps
2025-04-14 04:56:21,999 - WARNING - Found 7 time reversals
2025-04-14 04:56:22,007 - INFO - Fixed 73 duplicate timestamps
/mmfs1/home/sww35/testWatchAcc/LightHART/utils/accelerometer_processor.py:44: UserWarning: Could not infer format, so each element will be parsed individually, falling back to `dateutil`. To ensure parsing is consistent and as-expected, please specify a format.
  timestamps = pd.to_datetime(data.iloc[:, 0], errors='coerce')
2025-04-14 04:56:22,012 - WARNING - Found 1 invalid timestamps at rows [0]...
2025-04-14 04:56:22,013 - ERROR - Error processing /mmfs1/home/sww35/testWatchAcc/LightHART/data/smartfallmm/young/accelerometer/watch/S33A10T01.csv: 0
2025-04-14 04:56:22,013 - ERROR - Error processing /mmfs1/home/sww35/testWatchAcc/LightHART/data/smartfallmm/young/accelerometer/watch/S33A10T01.csv: 0
2025-04-14 04:56:22,018 - INFO - Fixed 55 duplicate timestamps
2025-04-14 04:56:22,019 - WARNING - Found 16 time reversals
/mmfs1/home/sww35/testWatchAcc/LightHART/utils/accelerometer_processor.py:44: UserWarning: Could not infer format, so each element will be parsed individually, falling back to `dateutil`. To ensure parsing is consistent and as-expected, please specify a format.
  timestamps = pd.to_datetime(data.iloc[:, 0], errors='coerce')
2025-04-14 04:56:22,024 - WARNING - Found 1 invalid timestamps at rows [0]...
2025-04-14 04:56:22,024 - ERROR - Error processing /mmfs1/home/sww35/testWatchAcc/LightHART/data/smartfallmm/young/accelerometer/watch/S33A03T03.csv: 0
2025-04-14 04:56:22,025 - ERROR - Error processing /mmfs1/home/sww35/testWatchAcc/LightHART/data/smartfallmm/young/accelerometer/watch/S33A03T03.csv: 0
2025-04-14 04:56:22,053 - INFO - Fixed 447 duplicate timestamps
2025-04-14 04:56:22,064 - WARNING - Found 180 time reversals
2025-04-14 04:56:22,070 - INFO - Fixed 3 duplicate timestamps
2025-04-14 04:56:22,083 - INFO - Fixed 70 duplicate timestamps
2025-04-14 04:56:22,085 - WARNING - Found 7 time reversals
2025-04-14 04:56:22,097 - INFO - Fixed 68 duplicate timestamps
2025-04-14 04:56:22,103 - WARNING - Found 28 time reversals
2025-04-14 04:56:22,109 - INFO - Fixed 50 duplicate timestamps
2025-04-14 04:56:22,111 - WARNING - Found 13 time reversals
2025-04-14 04:56:22,118 - INFO - Fixed 1 duplicate timestamps
2025-04-14 04:56:22,126 - INFO - Fixed 56 duplicate timestamps
2025-04-14 04:56:22,128 - WARNING - Found 14 time reversals
2025-04-14 04:56:22,134 - INFO - Fixed 17 duplicate timestamps
2025-04-14 04:56:22,137 - WARNING - Found 5 time reversals
/mmfs1/home/sww35/testWatchAcc/LightHART/utils/accelerometer_processor.py:44: UserWarning: Could not infer format, so each element will be parsed individually, falling back to `dateutil`. To ensure parsing is consistent and as-expected, please specify a format.
  timestamps = pd.to_datetime(data.iloc[:, 0], errors='coerce')
2025-04-14 04:56:22,163 - WARNING - Found 407 invalid timestamps at rows [0 1 2 3 4]...
2025-04-14 04:56:22,164 - ERROR - Error processing /mmfs1/home/sww35/testWatchAcc/LightHART/data/smartfallmm/young/accelerometer/watch/S33A13T10.csv: Insufficient valid data rows after cleaning: 0
2025-04-14 04:56:22,164 - ERROR - Error processing /mmfs1/home/sww35/testWatchAcc/LightHART/data/smartfallmm/young/accelerometer/watch/S33A13T10.csv: Insufficient valid data rows after cleaning: 0
2025-04-14 04:56:22,169 - INFO - Fixed 16 duplicate timestamps
2025-04-14 04:56:22,184 - INFO - Fixed 164 duplicate timestamps
2025-04-14 04:56:22,189 - WARNING - Found 68 time reversals
/mmfs1/home/sww35/testWatchAcc/LightHART/utils/accelerometer_processor.py:44: UserWarning: Could not infer format, so each element will be parsed individually, falling back to `dateutil`. To ensure parsing is consistent and as-expected, please specify a format.
  timestamps = pd.to_datetime(data.iloc[:, 0], errors='coerce')
2025-04-14 04:56:22,219 - WARNING - Found 382 invalid timestamps at rows [0 1 2 3 4]...
2025-04-14 04:56:22,219 - ERROR - Error processing /mmfs1/home/sww35/testWatchAcc/LightHART/data/smartfallmm/young/accelerometer/watch/S33A09T06.csv: Insufficient valid data rows after cleaning: 0
2025-04-14 04:56:22,219 - ERROR - Error processing /mmfs1/home/sww35/testWatchAcc/LightHART/data/smartfallmm/young/accelerometer/watch/S33A09T06.csv: Insufficient valid data rows after cleaning: 0
2025-04-14 04:56:22,228 - INFO - Fixed 91 duplicate timestamps
2025-04-14 04:56:22,231 - WARNING - Found 30 time reversals
/mmfs1/home/sww35/testWatchAcc/LightHART/utils/accelerometer_processor.py:44: UserWarning: Could not infer format, so each element will be parsed individually, falling back to `dateutil`. To ensure parsing is consistent and as-expected, please specify a format.
  timestamps = pd.to_datetime(data.iloc[:, 0], errors='coerce')
2025-04-14 04:56:22,270 - WARNING - Found 649 invalid timestamps at rows [0 1 2 3 4]...
2025-04-14 04:56:22,270 - ERROR - Error processing /mmfs1/home/sww35/testWatchAcc/LightHART/data/smartfallmm/young/accelerometer/watch/S33A14T07.csv: Insufficient valid data rows after cleaning: 0
2025-04-14 04:56:22,270 - ERROR - Error processing /mmfs1/home/sww35/testWatchAcc/LightHART/data/smartfallmm/young/accelerometer/watch/S33A14T07.csv: Insufficient valid data rows after cleaning: 0
2025-04-14 04:56:22,277 - INFO - Fixed 44 duplicate timestamps
2025-04-14 04:56:22,280 - WARNING - Found 12 time reversals
2025-04-14 04:56:22,307 - INFO - Fixed 410 duplicate timestamps
2025-04-14 04:56:22,316 - WARNING - Found 162 time reversals
2025-04-14 04:56:22,338 - INFO - Fixed 396 duplicate timestamps
2025-04-14 04:56:22,347 - WARNING - Found 66 time reversals
2025-04-14 04:56:22,353 - INFO - Fixed 2 duplicate timestamps
2025-04-14 04:56:22,361 - INFO - Fixed 54 duplicate timestamps
2025-04-14 04:56:22,364 - WARNING - Found 16 time reversals
2025-04-14 04:56:22,367 - INFO - Fixed 1 duplicate timestamps
2025-04-14 04:56:22,372 - INFO - Fixed 3 duplicate timestamps
2025-04-14 04:56:22,417 - INFO - Fixed 772 duplicate timestamps
2025-04-14 04:56:22,432 - WARNING - Found 387 time reversals
/mmfs1/home/sww35/testWatchAcc/LightHART/utils/accelerometer_processor.py:44: UserWarning: Could not infer format, so each element will be parsed individually, falling back to `dateutil`. To ensure parsing is consistent and as-expected, please specify a format.
  timestamps = pd.to_datetime(data.iloc[:, 0], errors='coerce')
2025-04-14 04:56:22,457 - WARNING - Found 328 invalid timestamps at rows [0 1 2 3 4]...
2025-04-14 04:56:22,458 - ERROR - Error processing /mmfs1/home/sww35/testWatchAcc/LightHART/data/smartfallmm/young/accelerometer/watch/S33A08T05.csv: Insufficient valid data rows after cleaning: 0
2025-04-14 04:56:22,458 - ERROR - Error processing /mmfs1/home/sww35/testWatchAcc/LightHART/data/smartfallmm/young/accelerometer/watch/S33A08T05.csv: Insufficient valid data rows after cleaning: 0
2025-04-14 04:56:22,475 - INFO - Fixed 93 duplicate timestamps
2025-04-14 04:56:22,484 - WARNING - Found 29 time reversals
2025-04-14 04:56:22,489 - INFO - Fixed 4 duplicate timestamps
/mmfs1/home/sww35/testWatchAcc/LightHART/utils/accelerometer_processor.py:44: UserWarning: Could not infer format, so each element will be parsed individually, falling back to `dateutil`. To ensure parsing is consistent and as-expected, please specify a format.
  timestamps = pd.to_datetime(data.iloc[:, 0], errors='coerce')
2025-04-14 04:56:22,530 - WARNING - Found 681 invalid timestamps at rows [0 1 2 3 4]...
2025-04-14 04:56:22,531 - ERROR - Error processing /mmfs1/home/sww35/testWatchAcc/LightHART/data/smartfallmm/young/accelerometer/watch/S33A09T08.csv: Insufficient valid data rows after cleaning: 0
2025-04-14 04:56:22,531 - ERROR - Error processing /mmfs1/home/sww35/testWatchAcc/LightHART/data/smartfallmm/young/accelerometer/watch/S33A09T08.csv: Insufficient valid data rows after cleaning: 0
2025-04-14 04:56:22,537 - INFO - Fixed 64 duplicate timestamps
2025-04-14 04:56:22,538 - WARNING - Found 26 time reversals
2025-04-14 04:56:22,544 - INFO - Fixed 8 duplicate timestamps
2025-04-14 04:56:22,547 - WARNING - Found 1 time reversals
/mmfs1/home/sww35/testWatchAcc/LightHART/utils/accelerometer_processor.py:44: UserWarning: Could not infer format, so each element will be parsed individually, falling back to `dateutil`. To ensure parsing is consistent and as-expected, please specify a format.
  timestamps = pd.to_datetime(data.iloc[:, 0], errors='coerce')
2025-04-14 04:56:22,581 - WARNING - Found 468 invalid timestamps at rows [0 1 2 3 4]...
2025-04-14 04:56:22,581 - ERROR - Error processing /mmfs1/home/sww35/testWatchAcc/LightHART/data/smartfallmm/young/accelerometer/watch/S33A05T05.csv: Insufficient valid data rows after cleaning: 0
2025-04-14 04:56:22,581 - ERROR - Error processing /mmfs1/home/sww35/testWatchAcc/LightHART/data/smartfallmm/young/accelerometer/watch/S33A05T05.csv: Insufficient valid data rows after cleaning: 0
2025-04-14 04:56:22,586 - INFO - Fixed 33 duplicate timestamps
2025-04-14 04:56:22,592 - INFO - Fixed 10 duplicate timestamps
2025-04-14 04:56:22,595 - WARNING - Found 1 time reversals
/mmfs1/home/sww35/testWatchAcc/LightHART/utils/accelerometer_processor.py:44: UserWarning: Could not infer format, so each element will be parsed individually, falling back to `dateutil`. To ensure parsing is consistent and as-expected, please specify a format.
  timestamps = pd.to_datetime(data.iloc[:, 0], errors='coerce')
2025-04-14 04:56:22,625 - WARNING - Found 508 invalid timestamps at rows [0 1 2 3 4]...
2025-04-14 04:56:22,625 - ERROR - Error processing /mmfs1/home/sww35/testWatchAcc/LightHART/data/smartfallmm/young/accelerometer/watch/S33A02T10.csv: Insufficient valid data rows after cleaning: 0
2025-04-14 04:56:22,625 - ERROR - Error processing /mmfs1/home/sww35/testWatchAcc/LightHART/data/smartfallmm/young/accelerometer/watch/S33A02T10.csv: Insufficient valid data rows after cleaning: 0
/mmfs1/home/sww35/testWatchAcc/LightHART/utils/accelerometer_processor.py:44: UserWarning: Could not infer format, so each element will be parsed individually, falling back to `dateutil`. To ensure parsing is consistent and as-expected, please specify a format.
  timestamps = pd.to_datetime(data.iloc[:, 0], errors='coerce')
2025-04-14 04:56:22,628 - WARNING - Found 1 invalid timestamps at rows [0]...
2025-04-14 04:56:22,628 - ERROR - Error processing /mmfs1/home/sww35/testWatchAcc/LightHART/data/smartfallmm/young/accelerometer/watch/S33A09T01.csv: 0
2025-04-14 04:56:22,628 - ERROR - Error processing /mmfs1/home/sww35/testWatchAcc/LightHART/data/smartfallmm/young/accelerometer/watch/S33A09T01.csv: 0
2025-04-14 04:56:22,633 - INFO - Fixed 3 duplicate timestamps
2025-04-14 04:56:22,640 - INFO - Fixed 14 duplicate timestamps
/mmfs1/home/sww35/testWatchAcc/LightHART/utils/accelerometer_processor.py:44: UserWarning: Could not infer format, so each element will be parsed individually, falling back to `dateutil`. To ensure parsing is consistent and as-expected, please specify a format.
  timestamps = pd.to_datetime(data.iloc[:, 0], errors='coerce')
2025-04-14 04:56:22,671 - WARNING - Found 363 invalid timestamps at rows [0 1 2 3 4]...
2025-04-14 04:56:22,671 - ERROR - Error processing /mmfs1/home/sww35/testWatchAcc/LightHART/data/smartfallmm/young/accelerometer/watch/S33A05T07.csv: Insufficient valid data rows after cleaning: 0
2025-04-14 04:56:22,671 - ERROR - Error processing /mmfs1/home/sww35/testWatchAcc/LightHART/data/smartfallmm/young/accelerometer/watch/S33A05T07.csv: Insufficient valid data rows after cleaning: 0
2025-04-14 04:56:22,683 - INFO - Fixed 68 duplicate timestamps
2025-04-14 04:56:22,689 - WARNING - Found 28 time reversals
2025-04-14 04:56:22,957 - INFO - Fixed 1269 duplicate timestamps
2025-04-14 04:56:23,230 - WARNING - Found 515 time reversals
2025-04-14 04:56:23,261 - INFO - Fixed 68 duplicate timestamps
2025-04-14 04:56:23,267 - WARNING - Found 28 time reversals
2025-04-14 04:56:23,296 - INFO - Fixed 444 duplicate timestamps
2025-04-14 04:56:23,307 - WARNING - Found 149 time reversals
2025-04-14 04:56:23,337 - INFO - Fixed 567 duplicate timestamps
2025-04-14 04:56:23,349 - WARNING - Found 108 time reversals
2025-04-14 04:56:23,364 - INFO - Fixed 103 duplicate timestamps
2025-04-14 04:56:23,378 - INFO - Fixed 22 duplicate timestamps
2025-04-14 04:56:23,380 - WARNING - Found 3 time reversals
2025-04-14 04:56:23,387 - INFO - Fixed 53 duplicate timestamps
2025-04-14 04:56:23,390 - WARNING - Found 12 time reversals
/mmfs1/home/sww35/testWatchAcc/LightHART/utils/accelerometer_processor.py:44: UserWarning: Could not infer format, so each element will be parsed individually, falling back to `dateutil`. To ensure parsing is consistent and as-expected, please specify a format.
  timestamps = pd.to_datetime(data.iloc[:, 0], errors='coerce')
2025-04-14 04:56:23,424 - WARNING - Found 484 invalid timestamps at rows [0 1 2 3 4]...
2025-04-14 04:56:23,425 - ERROR - Error processing /mmfs1/home/sww35/testWatchAcc/LightHART/data/smartfallmm/young/accelerometer/watch/S33A07T10.csv: Insufficient valid data rows after cleaning: 0
2025-04-14 04:56:23,425 - ERROR - Error processing /mmfs1/home/sww35/testWatchAcc/LightHART/data/smartfallmm/young/accelerometer/watch/S33A07T10.csv: Insufficient valid data rows after cleaning: 0
/mmfs1/home/sww35/testWatchAcc/LightHART/utils/accelerometer_processor.py:44: UserWarning: Could not infer format, so each element will be parsed individually, falling back to `dateutil`. To ensure parsing is consistent and as-expected, please specify a format.
  timestamps = pd.to_datetime(data.iloc[:, 0], errors='coerce')
2025-04-14 04:56:23,455 - WARNING - Found 509 invalid timestamps at rows [0 1 2 3 4]...
2025-04-14 04:56:23,455 - ERROR - Error processing /mmfs1/home/sww35/testWatchAcc/LightHART/data/smartfallmm/young/accelerometer/watch/S33A08T08.csv: Insufficient valid data rows after cleaning: 0
2025-04-14 04:56:23,455 - ERROR - Error processing /mmfs1/home/sww35/testWatchAcc/LightHART/data/smartfallmm/young/accelerometer/watch/S33A08T08.csv: Insufficient valid data rows after cleaning: 0
/mmfs1/home/sww35/testWatchAcc/LightHART/utils/accelerometer_processor.py:44: UserWarning: Could not infer format, so each element will be parsed individually, falling back to `dateutil`. To ensure parsing is consistent and as-expected, please specify a format.
  timestamps = pd.to_datetime(data.iloc[:, 0], errors='coerce')
2025-04-14 04:56:23,457 - WARNING - Found 1 invalid timestamps at rows [0]...
2025-04-14 04:56:23,458 - ERROR - Error processing /mmfs1/home/sww35/testWatchAcc/LightHART/data/smartfallmm/young/accelerometer/watch/S33A03T04.csv: 0
2025-04-14 04:56:23,458 - ERROR - Error processing /mmfs1/home/sww35/testWatchAcc/LightHART/data/smartfallmm/young/accelerometer/watch/S33A03T04.csv: 0
2025-04-14 04:56:23,469 - INFO - Fixed 99 duplicate timestamps
2025-04-14 04:56:23,473 - WARNING - Found 31 time reversals
2025-04-14 04:56:23,478 - INFO - Fixed 1 duplicate timestamps
2025-04-14 04:56:23,492 - INFO - Fixed 56 duplicate timestamps
2025-04-14 04:56:23,537 - INFO - Fixed 630 duplicate timestamps
2025-04-14 04:56:23,554 - WARNING - Found 192 time reversals
2025-04-14 04:56:23,559 - INFO - Fixed 1 duplicate timestamps
2025-04-14 04:56:23,600 - INFO - Fixed 576 duplicate timestamps
2025-04-14 04:56:23,615 - WARNING - Found 228 time reversals
2025-04-14 04:56:23,663 - INFO - Fixed 800 duplicate timestamps
2025-04-14 04:56:23,679 - WARNING - Found 423 time reversals
2025-04-14 04:56:23,686 - INFO - Fixed 29 duplicate timestamps
2025-04-14 04:56:23,688 - WARNING - Found 10 time reversals
/mmfs1/home/sww35/testWatchAcc/LightHART/utils/accelerometer_processor.py:44: UserWarning: Could not infer format, so each element will be parsed individually, falling back to `dateutil`. To ensure parsing is consistent and as-expected, please specify a format.
  timestamps = pd.to_datetime(data.iloc[:, 0], errors='coerce')
2025-04-14 04:56:23,728 - WARNING - Found 469 invalid timestamps at rows [0 1 2 3 4]...
2025-04-14 04:56:23,728 - ERROR - Error processing /mmfs1/home/sww35/testWatchAcc/LightHART/data/smartfallmm/young/accelerometer/watch/S33A06T06.csv: Insufficient valid data rows after cleaning: 0
2025-04-14 04:56:23,728 - ERROR - Error processing /mmfs1/home/sww35/testWatchAcc/LightHART/data/smartfallmm/young/accelerometer/watch/S33A06T06.csv: Insufficient valid data rows after cleaning: 0
2025-04-14 04:56:23,738 - INFO - Fixed 19 duplicate timestamps
2025-04-14 04:56:23,743 - WARNING - Found 9 time reversals
2025-04-14 04:56:23,748 - INFO - Fixed 2 duplicate timestamps
2025-04-14 04:56:23,759 - INFO - Fixed 16 duplicate timestamps
/mmfs1/home/sww35/testWatchAcc/LightHART/utils/accelerometer_processor.py:44: UserWarning: Could not infer format, so each element will be parsed individually, falling back to `dateutil`. To ensure parsing is consistent and as-expected, please specify a format.
  timestamps = pd.to_datetime(data.iloc[:, 0], errors='coerce')
2025-04-14 04:56:23,788 - WARNING - Found 337 invalid timestamps at rows [0 1 2 3 4]...
2025-04-14 04:56:23,788 - ERROR - Error processing /mmfs1/home/sww35/testWatchAcc/LightHART/data/smartfallmm/young/accelerometer/watch/S33A03T11.csv: Insufficient valid data rows after cleaning: 0
2025-04-14 04:56:23,788 - ERROR - Error processing /mmfs1/home/sww35/testWatchAcc/LightHART/data/smartfallmm/young/accelerometer/watch/S33A03T11.csv: Insufficient valid data rows after cleaning: 0
2025-04-14 04:56:23,792 - INFO - Fixed 9 duplicate timestamps
2025-04-14 04:56:23,794 - WARNING - Found 1 time reversals
2025-04-14 04:56:23,799 - INFO - Fixed 11 duplicate timestamps
2025-04-14 04:56:23,806 - INFO - Fixed 2 duplicate timestamps
2025-04-14 04:56:23,813 - INFO - Fixed 8 duplicate timestamps
2025-04-14 04:56:23,826 - INFO - Fixed 68 duplicate timestamps
2025-04-14 04:56:23,832 - WARNING - Found 28 time reversals
2025-04-14 04:56:23,836 - INFO - Fixed 8 duplicate timestamps
2025-04-14 04:56:23,838 - WARNING - Found 1 time reversals
2025-04-14 04:56:23,843 - INFO - Fixed 4 duplicate timestamps
2025-04-14 04:56:23,857 - INFO - Fixed 99 duplicate timestamps
2025-04-14 04:56:23,873 - INFO - Fixed 55 duplicate timestamps
2025-04-14 04:56:23,876 - WARNING - Found 29 time reversals
/mmfs1/home/sww35/testWatchAcc/LightHART/utils/accelerometer_processor.py:44: UserWarning: Could not infer format, so each element will be parsed individually, falling back to `dateutil`. To ensure parsing is consistent and as-expected, please specify a format.
  timestamps = pd.to_datetime(data.iloc[:, 0], errors='coerce')
2025-04-14 04:56:23,912 - WARNING - Found 479 invalid timestamps at rows [0 1 2 3 4]...
2025-04-14 04:56:23,912 - ERROR - Error processing /mmfs1/home/sww35/testWatchAcc/LightHART/data/smartfallmm/young/accelerometer/watch/S33A13T11.csv: Insufficient valid data rows after cleaning: 0
2025-04-14 04:56:23,912 - ERROR - Error processing /mmfs1/home/sww35/testWatchAcc/LightHART/data/smartfallmm/young/accelerometer/watch/S33A13T11.csv: Insufficient valid data rows after cleaning: 0
2025-04-14 04:56:23,939 - INFO - Fixed 359 duplicate timestamps
2025-04-14 04:56:23,950 - WARNING - Found 123 time reversals
/mmfs1/home/sww35/testWatchAcc/LightHART/utils/accelerometer_processor.py:44: UserWarning: Could not infer format, so each element will be parsed individually, falling back to `dateutil`. To ensure parsing is consistent and as-expected, please specify a format.
  timestamps = pd.to_datetime(data.iloc[:, 0], errors='coerce')
2025-04-14 04:56:23,953 - WARNING - Found 28 invalid timestamps at rows [  0 454 455 456 457]...
2025-04-14 04:56:23,954 - ERROR - Error processing /mmfs1/home/sww35/testWatchAcc/LightHART/data/smartfallmm/young/accelerometer/watch/S33A14T03.csv: 0
2025-04-14 04:56:23,954 - ERROR - Error processing /mmfs1/home/sww35/testWatchAcc/LightHART/data/smartfallmm/young/accelerometer/watch/S33A14T03.csv: 0
2025-04-14 04:56:23,958 - INFO - Fixed 6 duplicate timestamps
2025-04-14 04:56:23,963 - INFO - Fixed 2 duplicate timestamps
/mmfs1/home/sww35/testWatchAcc/LightHART/utils/accelerometer_processor.py:44: UserWarning: Could not infer format, so each element will be parsed individually, falling back to `dateutil`. To ensure parsing is consistent and as-expected, please specify a format.
  timestamps = pd.to_datetime(data.iloc[:, 0], errors='coerce')
2025-04-14 04:56:23,967 - WARNING - Found 124 invalid timestamps at rows [  0 371 372 373 374]...
2025-04-14 04:56:23,967 - ERROR - Error processing /mmfs1/home/sww35/testWatchAcc/LightHART/data/smartfallmm/young/accelerometer/watch/S33A06T05.csv: 0
2025-04-14 04:56:23,967 - ERROR - Error processing /mmfs1/home/sww35/testWatchAcc/LightHART/data/smartfallmm/young/accelerometer/watch/S33A06T05.csv: 0
/mmfs1/home/sww35/testWatchAcc/LightHART/utils/accelerometer_processor.py:44: UserWarning: Could not infer format, so each element will be parsed individually, falling back to `dateutil`. To ensure parsing is consistent and as-expected, please specify a format.
  timestamps = pd.to_datetime(data.iloc[:, 0], errors='coerce')
2025-04-14 04:56:23,969 - WARNING - Found 1 invalid timestamps at rows [0]...
2025-04-14 04:56:23,970 - ERROR - Error processing /mmfs1/home/sww35/testWatchAcc/LightHART/data/smartfallmm/young/accelerometer/watch/S33A12T01.csv: 0
2025-04-14 04:56:23,970 - ERROR - Error processing /mmfs1/home/sww35/testWatchAcc/LightHART/data/smartfallmm/young/accelerometer/watch/S33A12T01.csv: 0
2025-04-14 04:56:23,974 - INFO - Fixed 10 duplicate timestamps
2025-04-14 04:56:23,975 - WARNING - Found 1 time reversals
2025-04-14 04:56:23,986 - INFO - Fixed 51 duplicate timestamps
/mmfs1/home/sww35/testWatchAcc/LightHART/utils/accelerometer_processor.py:44: UserWarning: Could not infer format, so each element will be parsed individually, falling back to `dateutil`. To ensure parsing is consistent and as-expected, please specify a format.
  timestamps = pd.to_datetime(data.iloc[:, 0], errors='coerce')
2025-04-14 04:56:24,019 - WARNING - Found 373 invalid timestamps at rows [0 1 2 3 4]...
2025-04-14 04:56:24,020 - ERROR - Error processing /mmfs1/home/sww35/testWatchAcc/LightHART/data/smartfallmm/young/accelerometer/watch/S33A09T05.csv: Insufficient valid data rows after cleaning: 0
2025-04-14 04:56:24,020 - ERROR - Error processing /mmfs1/home/sww35/testWatchAcc/LightHART/data/smartfallmm/young/accelerometer/watch/S33A09T05.csv: Insufficient valid data rows after cleaning: 0
2025-04-14 04:56:24,025 - INFO - Fixed 18 duplicate timestamps
/mmfs1/home/sww35/testWatchAcc/LightHART/utils/accelerometer_processor.py:44: UserWarning: Could not infer format, so each element will be parsed individually, falling back to `dateutil`. To ensure parsing is consistent and as-expected, please specify a format.
  timestamps = pd.to_datetime(data.iloc[:, 0], errors='coerce')
2025-04-14 04:56:24,029 - WARNING - Found 171 invalid timestamps at rows [  0 341 342 343 344]...
2025-04-14 04:56:24,030 - ERROR - Error processing /mmfs1/home/sww35/testWatchAcc/LightHART/data/smartfallmm/young/accelerometer/watch/S33A02T03.csv: 0
2025-04-14 04:56:24,030 - ERROR - Error processing /mmfs1/home/sww35/testWatchAcc/LightHART/data/smartfallmm/young/accelerometer/watch/S33A02T03.csv: 0
2025-04-14 04:56:24,056 - INFO - Fixed 472 duplicate timestamps
2025-04-14 04:56:24,066 - WARNING - Found 168 time reversals
2025-04-14 04:56:24,096 - INFO - Fixed 532 duplicate timestamps
2025-04-14 04:56:24,109 - WARNING - Found 126 time reversals
/mmfs1/home/sww35/testWatchAcc/LightHART/utils/accelerometer_processor.py:44: UserWarning: Could not infer format, so each element will be parsed individually, falling back to `dateutil`. To ensure parsing is consistent and as-expected, please specify a format.
  timestamps = pd.to_datetime(data.iloc[:, 0], errors='coerce')
2025-04-14 04:56:24,112 - WARNING - Found 1 invalid timestamps at rows [0]...
2025-04-14 04:56:24,113 - ERROR - Error processing /mmfs1/home/sww35/testWatchAcc/LightHART/data/smartfallmm/young/accelerometer/watch/S33A12T02.csv: 0
2025-04-14 04:56:24,113 - ERROR - Error processing /mmfs1/home/sww35/testWatchAcc/LightHART/data/smartfallmm/young/accelerometer/watch/S33A12T02.csv: 0
2025-04-14 04:56:24,117 - INFO - Fixed 1 duplicate timestamps
2025-04-14 04:56:24,124 - INFO - Fixed 34 duplicate timestamps
2025-04-14 04:56:24,140 - INFO - Fixed 44 duplicate timestamps
2025-04-14 04:56:24,148 - WARNING - Found 14 time reversals
2025-04-14 04:56:24,182 - INFO - Fixed 463 duplicate timestamps
2025-04-14 04:56:24,192 - WARNING - Found 170 time reversals
2025-04-14 04:56:24,201 - INFO - Fixed 10 duplicate timestamps
2025-04-14 04:56:24,203 - WARNING - Found 1 time reversals
2025-04-14 04:56:24,217 - INFO - Fixed 41 duplicate timestamps
2025-04-14 04:56:24,224 - WARNING - Found 17 time reversals
2025-04-14 04:56:24,230 - INFO - Fixed 9 duplicate timestamps
2025-04-14 04:56:24,238 - INFO - Fixed 30 duplicate timestamps
2025-04-14 04:56:24,271 - INFO - Fixed 454 duplicate timestamps
2025-04-14 04:56:24,283 - WARNING - Found 180 time reversals
2025-04-14 04:56:24,296 - INFO - Fixed 20 duplicate timestamps
2025-04-14 04:56:24,308 - INFO - Fixed 3 duplicate timestamps
2025-04-14 04:56:24,315 - INFO - Fixed 5 duplicate timestamps
2025-04-14 04:56:24,334 - INFO - Fixed 25 duplicate timestamps
2025-04-14 04:56:24,342 - WARNING - Found 8 time reversals
2025-04-14 04:56:24,348 - INFO - Fixed 13 duplicate timestamps
2025-04-14 04:56:24,356 - INFO - Fixed 1 duplicate timestamps
2025-04-14 04:56:24,362 - INFO - Fixed 8 duplicate timestamps
2025-04-14 04:56:24,363 - WARNING - Found 1 time reversals
2025-04-14 04:56:24,400 - INFO - Fixed 558 duplicate timestamps
2025-04-14 04:56:24,413 - WARNING - Found 206 time reversals
2025-04-14 04:56:24,425 - INFO - Fixed 68 duplicate timestamps
2025-04-14 04:56:24,431 - WARNING - Found 28 time reversals
2025-04-14 04:56:24,438 - INFO - Fixed 23 duplicate timestamps
2025-04-14 04:56:24,480 - INFO - Fixed 600 duplicate timestamps
2025-04-14 04:56:24,494 - WARNING - Found 225 time reversals
2025-04-14 04:56:24,501 - INFO - Fixed 33 duplicate timestamps
2025-04-14 04:56:24,504 - WARNING - Found 17 time reversals
2025-04-14 04:56:24,511 - INFO - Fixed 28 duplicate timestamps
2025-04-14 04:56:24,521 - INFO - Fixed 5 duplicate timestamps
2025-04-14 04:56:24,528 - INFO - Fixed 9 duplicate timestamps
2025-04-14 04:56:24,537 - INFO - Fixed 13 duplicate timestamps
2025-04-14 04:56:24,549 - INFO - Fixed 62 duplicate timestamps
2025-04-14 04:56:24,551 - WARNING - Found 22 time reversals
/mmfs1/home/sww35/testWatchAcc/LightHART/utils/accelerometer_processor.py:44: UserWarning: Could not infer format, so each element will be parsed individually, falling back to `dateutil`. To ensure parsing is consistent and as-expected, please specify a format.
  timestamps = pd.to_datetime(data.iloc[:, 0], errors='coerce')
2025-04-14 04:56:24,554 - WARNING - Found 1 invalid timestamps at rows [0]...
2025-04-14 04:56:24,555 - ERROR - Error processing /mmfs1/home/sww35/testWatchAcc/LightHART/data/smartfallmm/young/accelerometer/watch/S33A06T03.csv: 0
2025-04-14 04:56:24,555 - ERROR - Error processing /mmfs1/home/sww35/testWatchAcc/LightHART/data/smartfallmm/young/accelerometer/watch/S33A06T03.csv: 0
/mmfs1/home/sww35/testWatchAcc/LightHART/utils/accelerometer_processor.py:44: UserWarning: Could not infer format, so each element will be parsed individually, falling back to `dateutil`. To ensure parsing is consistent and as-expected, please specify a format.
  timestamps = pd.to_datetime(data.iloc[:, 0], errors='coerce')
2025-04-14 04:56:24,557 - WARNING - Found 30 invalid timestamps at rows [  0 451 452 453 454]...
2025-04-14 04:56:24,558 - ERROR - Error processing /mmfs1/home/sww35/testWatchAcc/LightHART/data/smartfallmm/young/accelerometer/watch/S33A03T05.csv: 0
2025-04-14 04:56:24,558 - ERROR - Error processing /mmfs1/home/sww35/testWatchAcc/LightHART/data/smartfallmm/young/accelerometer/watch/S33A03T05.csv: 0
2025-04-14 04:56:24,605 - INFO - Fixed 887 duplicate timestamps
2025-04-14 04:56:24,623 - WARNING - Found 351 time reversals
2025-04-14 04:56:24,631 - INFO - Fixed 27 duplicate timestamps
/mmfs1/home/sww35/testWatchAcc/LightHART/utils/accelerometer_processor.py:44: UserWarning: Could not infer format, so each element will be parsed individually, falling back to `dateutil`. To ensure parsing is consistent and as-expected, please specify a format.
  timestamps = pd.to_datetime(data.iloc[:, 0], errors='coerce')
2025-04-14 04:56:24,671 - WARNING - Found 486 invalid timestamps at rows [0 1 2 3 4]...
2025-04-14 04:56:24,671 - ERROR - Error processing /mmfs1/home/sww35/testWatchAcc/LightHART/data/smartfallmm/young/accelerometer/watch/S33A11T02.csv: Insufficient valid data rows after cleaning: 0
2025-04-14 04:56:24,671 - ERROR - Error processing /mmfs1/home/sww35/testWatchAcc/LightHART/data/smartfallmm/young/accelerometer/watch/S33A11T02.csv: Insufficient valid data rows after cleaning: 0
2025-04-14 04:56:24,746 - INFO - Fixed 1512 duplicate timestamps
2025-04-14 04:56:24,770 - WARNING - Found 535 time reversals
2025-04-14 04:56:24,776 - INFO - Fixed 7 duplicate timestamps
2025-04-14 04:56:24,782 - INFO - Fixed 2 duplicate timestamps
2025-04-14 04:56:24,788 - INFO - Fixed 6 duplicate timestamps
/mmfs1/home/sww35/testWatchAcc/LightHART/utils/accelerometer_processor.py:44: UserWarning: Could not infer format, so each element will be parsed individually, falling back to `dateutil`. To ensure parsing is consistent and as-expected, please specify a format.
  timestamps = pd.to_datetime(data.iloc[:, 0], errors='coerce')
2025-04-14 04:56:24,821 - WARNING - Found 509 invalid timestamps at rows [0 1 2 3 4]...
2025-04-14 04:56:24,821 - ERROR - Error processing /mmfs1/home/sww35/testWatchAcc/LightHART/data/smartfallmm/young/accelerometer/watch/S33A08T09.csv: Insufficient valid data rows after cleaning: 0
2025-04-14 04:56:24,821 - ERROR - Error processing /mmfs1/home/sww35/testWatchAcc/LightHART/data/smartfallmm/young/accelerometer/watch/S33A08T09.csv: Insufficient valid data rows after cleaning: 0
/mmfs1/home/sww35/testWatchAcc/LightHART/utils/accelerometer_processor.py:44: UserWarning: Could not infer format, so each element will be parsed individually, falling back to `dateutil`. To ensure parsing is consistent and as-expected, please specify a format.
  timestamps = pd.to_datetime(data.iloc[:, 0], errors='coerce')
2025-04-14 04:56:24,830 - WARNING - Found 97 invalid timestamps at rows [0 1 2 3 4]...
2025-04-14 04:56:24,831 - ERROR - Error processing /mmfs1/home/sww35/testWatchAcc/LightHART/data/smartfallmm/young/accelerometer/watch/S33A05T06.csv: Insufficient valid data rows after cleaning: 0
2025-04-14 04:56:24,831 - ERROR - Error processing /mmfs1/home/sww35/testWatchAcc/LightHART/data/smartfallmm/young/accelerometer/watch/S33A05T06.csv: Insufficient valid data rows after cleaning: 0
/mmfs1/home/sww35/testWatchAcc/LightHART/utils/accelerometer_processor.py:44: UserWarning: Could not infer format, so each element will be parsed individually, falling back to `dateutil`. To ensure parsing is consistent and as-expected, please specify a format.
  timestamps = pd.to_datetime(data.iloc[:, 0], errors='coerce')
2025-04-14 04:56:24,833 - WARNING - Found 107 invalid timestamps at rows [  0 383 384 385 386]...
2025-04-14 04:56:24,833 - ERROR - Error processing /mmfs1/home/sww35/testWatchAcc/LightHART/data/smartfallmm/young/accelerometer/watch/S33A05T02.csv: 0
2025-04-14 04:56:24,834 - ERROR - Error processing /mmfs1/home/sww35/testWatchAcc/LightHART/data/smartfallmm/young/accelerometer/watch/S33A05T02.csv: 0
2025-04-14 04:56:24,876 - INFO - Fixed 747 duplicate timestamps
2025-04-14 04:56:24,890 - WARNING - Found 371 time reversals
2025-04-14 04:56:24,897 - INFO - Fixed 10 duplicate timestamps
2025-04-14 04:56:24,905 - INFO - Fixed 9 duplicate timestamps
2025-04-14 04:56:24,907 - WARNING - Found 1 time reversals
2025-04-14 04:56:24,915 - INFO - Fixed 1 duplicate timestamps
2025-04-14 04:56:24,920 - INFO - Fixed 6 duplicate timestamps
2025-04-14 04:56:24,922 - WARNING - Found 1 time reversals
2025-04-14 04:56:24,926 - INFO - Fixed 2 duplicate timestamps
2025-04-14 04:56:24,940 - INFO - Fixed 36 duplicate timestamps
2025-04-14 04:56:24,947 - WARNING - Found 12 time reversals
2025-04-14 04:56:24,959 - INFO - Fixed 60 duplicate timestamps
2025-04-14 04:56:24,964 - WARNING - Found 19 time reversals
2025-04-14 04:56:24,969 - INFO - Fixed 4 duplicate timestamps
2025-04-14 04:56:24,983 - INFO - Fixed 68 duplicate timestamps
2025-04-14 04:56:24,989 - WARNING - Found 28 time reversals
2025-04-14 04:56:24,992 - INFO - Fixed 8 duplicate timestamps
2025-04-14 04:56:24,999 - INFO - Fixed 3 duplicate timestamps
2025-04-14 04:56:25,005 - INFO - Fixed 5 duplicate timestamps
2025-04-14 04:56:25,012 - INFO - Fixed 17 duplicate timestamps
2025-04-14 04:56:25,027 - INFO - Fixed 48 duplicate timestamps
2025-04-14 04:56:25,033 - WARNING - Found 26 time reversals
2025-04-14 04:56:25,042 - INFO - Fixed 69 duplicate timestamps
2025-04-14 04:56:25,045 - WARNING - Found 17 time reversals
2025-04-14 04:56:25,054 - INFO - Fixed 46 duplicate timestamps
2025-04-14 04:56:25,057 - WARNING - Found 12 time reversals
2025-04-14 04:56:25,069 - INFO - Fixed 68 duplicate timestamps
2025-04-14 04:56:25,075 - WARNING - Found 28 time reversals
2025-04-14 04:56:25,081 - INFO - Fixed 14 duplicate timestamps
2025-04-14 04:56:25,083 - WARNING - Found 2 time reversals
2025-04-14 04:56:25,095 - INFO - Fixed 40 duplicate timestamps
2025-04-14 04:56:25,101 - WARNING - Found 13 time reversals
2025-04-14 04:56:25,106 - INFO - Fixed 4 duplicate timestamps
2025-04-14 04:56:25,137 - INFO - Fixed 92 duplicate timestamps
2025-04-14 04:56:25,153 - WARNING - Found 39 time reversals
2025-04-14 04:56:25,158 - INFO - Fixed 8 duplicate timestamps
2025-04-14 04:56:25,159 - WARNING - Found 1 time reversals
2025-04-14 04:56:25,165 - INFO - Fixed 54 duplicate timestamps
2025-04-14 04:56:25,167 - WARNING - Found 13 time reversals
/mmfs1/home/sww35/testWatchAcc/LightHART/utils/accelerometer_processor.py:44: UserWarning: Could not infer format, so each element will be parsed individually, falling back to `dateutil`. To ensure parsing is consistent and as-expected, please specify a format.
  timestamps = pd.to_datetime(data.iloc[:, 0], errors='coerce')
2025-04-14 04:56:25,174 - WARNING - Found 64 invalid timestamps at rows [0 1 2 3 4]...
2025-04-14 04:56:25,174 - ERROR - Error processing /mmfs1/home/sww35/testWatchAcc/LightHART/data/smartfallmm/young/accelerometer/watch/S33A03T10.csv: Insufficient valid data rows after cleaning: 0
2025-04-14 04:56:25,174 - ERROR - Error processing /mmfs1/home/sww35/testWatchAcc/LightHART/data/smartfallmm/young/accelerometer/watch/S33A03T10.csv: Insufficient valid data rows after cleaning: 0
/mmfs1/home/sww35/testWatchAcc/LightHART/utils/accelerometer_processor.py:44: UserWarning: Could not infer format, so each element will be parsed individually, falling back to `dateutil`. To ensure parsing is consistent and as-expected, please specify a format.
  timestamps = pd.to_datetime(data.iloc[:, 0], errors='coerce')
2025-04-14 04:56:25,209 - WARNING - Found 472 invalid timestamps at rows [0 1 2 3 4]...
2025-04-14 04:56:25,210 - ERROR - Error processing /mmfs1/home/sww35/testWatchAcc/LightHART/data/smartfallmm/young/accelerometer/watch/S33A03T07.csv: Insufficient valid data rows after cleaning: 0
2025-04-14 04:56:25,210 - ERROR - Error processing /mmfs1/home/sww35/testWatchAcc/LightHART/data/smartfallmm/young/accelerometer/watch/S33A03T07.csv: Insufficient valid data rows after cleaning: 0
2025-04-14 04:56:25,222 - INFO - Fixed 48 duplicate timestamps
2025-04-14 04:56:25,228 - WARNING - Found 18 time reversals
2025-04-14 04:56:25,235 - INFO - Fixed 19 duplicate timestamps
2025-04-14 04:56:25,238 - WARNING - Found 3 time reversals
/mmfs1/home/sww35/testWatchAcc/LightHART/utils/accelerometer_processor.py:44: UserWarning: Could not infer format, so each element will be parsed individually, falling back to `dateutil`. To ensure parsing is consistent and as-expected, please specify a format.
  timestamps = pd.to_datetime(data.iloc[:, 0], errors='coerce')
2025-04-14 04:56:25,243 - WARNING - Found 169 invalid timestamps at rows [  0 342 343 344 345]...
2025-04-14 04:56:25,243 - ERROR - Error processing /mmfs1/home/sww35/testWatchAcc/LightHART/data/smartfallmm/young/accelerometer/watch/S33A08T01.csv: 0
2025-04-14 04:56:25,243 - ERROR - Error processing /mmfs1/home/sww35/testWatchAcc/LightHART/data/smartfallmm/young/accelerometer/watch/S33A08T01.csv: 0
/mmfs1/home/sww35/testWatchAcc/LightHART/utils/accelerometer_processor.py:44: UserWarning: Could not infer format, so each element will be parsed individually, falling back to `dateutil`. To ensure parsing is consistent and as-expected, please specify a format.
  timestamps = pd.to_datetime(data.iloc[:, 0], errors='coerce')
2025-04-14 04:56:25,271 - WARNING - Found 366 invalid timestamps at rows [0 1 2 3 4]...
2025-04-14 04:56:25,271 - ERROR - Error processing /mmfs1/home/sww35/testWatchAcc/LightHART/data/smartfallmm/young/accelerometer/watch/S33A13T08.csv: Insufficient valid data rows after cleaning: 0
2025-04-14 04:56:25,271 - ERROR - Error processing /mmfs1/home/sww35/testWatchAcc/LightHART/data/smartfallmm/young/accelerometer/watch/S33A13T08.csv: Insufficient valid data rows after cleaning: 0
2025-04-14 04:56:25,307 - INFO - Fixed 552 duplicate timestamps
2025-04-14 04:56:25,319 - WARNING - Found 233 time reversals
2025-04-14 04:56:25,325 - INFO - Fixed 1 duplicate timestamps
2025-04-14 04:56:25,332 - INFO - Fixed 5 duplicate timestamps
2025-04-14 04:56:25,343 - INFO - Fixed 14 duplicate timestamps
2025-04-14 04:56:25,348 - WARNING - Found 2 time reversals
/mmfs1/home/sww35/testWatchAcc/LightHART/utils/accelerometer_processor.py:44: UserWarning: Could not infer format, so each element will be parsed individually, falling back to `dateutil`. To ensure parsing is consistent and as-expected, please specify a format.
  timestamps = pd.to_datetime(data.iloc[:, 0], errors='coerce')
2025-04-14 04:56:25,351 - WARNING - Found 98 invalid timestamps at rows [  0 392 393 394 395]...
2025-04-14 04:56:25,351 - ERROR - Error processing /mmfs1/home/sww35/testWatchAcc/LightHART/data/smartfallmm/young/accelerometer/watch/S33A06T02.csv: 0
2025-04-14 04:56:25,352 - ERROR - Error processing /mmfs1/home/sww35/testWatchAcc/LightHART/data/smartfallmm/young/accelerometer/watch/S33A06T02.csv: 0
/mmfs1/home/sww35/testWatchAcc/LightHART/utils/accelerometer_processor.py:44: UserWarning: Could not infer format, so each element will be parsed individually, falling back to `dateutil`. To ensure parsing is consistent and as-expected, please specify a format.
  timestamps = pd.to_datetime(data.iloc[:, 0], errors='coerce')
2025-04-14 04:56:25,367 - WARNING - Found 183 invalid timestamps at rows [0 1 2 3 4]...
2025-04-14 04:56:25,367 - ERROR - Error processing /mmfs1/home/sww35/testWatchAcc/LightHART/data/smartfallmm/young/accelerometer/watch/S33A01T03.csv: Insufficient valid data rows after cleaning: 0
2025-04-14 04:56:25,367 - ERROR - Error processing /mmfs1/home/sww35/testWatchAcc/LightHART/data/smartfallmm/young/accelerometer/watch/S33A01T03.csv: Insufficient valid data rows after cleaning: 0
2025-04-14 04:56:25,372 - INFO - Fixed 11 duplicate timestamps
2025-04-14 04:56:25,374 - WARNING - Found 1 time reversals
2025-04-14 04:56:25,388 - INFO - Fixed 74 duplicate timestamps
2025-04-14 04:56:25,396 - WARNING - Found 22 time reversals
2025-04-14 04:56:25,401 - INFO - Fixed 2 duplicate timestamps
2025-04-14 04:56:25,409 - INFO - Fixed 3 duplicate timestamps
2025-04-14 04:56:25,427 - INFO - Fixed 68 duplicate timestamps
2025-04-14 04:56:25,436 - WARNING - Found 33 time reversals
/mmfs1/home/sww35/testWatchAcc/LightHART/utils/accelerometer_processor.py:44: UserWarning: Could not infer format, so each element will be parsed individually, falling back to `dateutil`. To ensure parsing is consistent and as-expected, please specify a format.
  timestamps = pd.to_datetime(data.iloc[:, 0], errors='coerce')
2025-04-14 04:56:25,473 - WARNING - Found 486 invalid timestamps at rows [0 1 2 3 4]...
2025-04-14 04:56:25,473 - ERROR - Error processing /mmfs1/home/sww35/testWatchAcc/LightHART/data/smartfallmm/young/accelerometer/watch/S33A09T09.csv: Insufficient valid data rows after cleaning: 0
2025-04-14 04:56:25,473 - ERROR - Error processing /mmfs1/home/sww35/testWatchAcc/LightHART/data/smartfallmm/young/accelerometer/watch/S33A09T09.csv: Insufficient valid data rows after cleaning: 0
/mmfs1/home/sww35/testWatchAcc/LightHART/utils/accelerometer_processor.py:44: UserWarning: Could not infer format, so each element will be parsed individually, falling back to `dateutil`. To ensure parsing is consistent and as-expected, please specify a format.
  timestamps = pd.to_datetime(data.iloc[:, 0], errors='coerce')
2025-04-14 04:56:25,478 - WARNING - Found 1 invalid timestamps at rows [0]...
2025-04-14 04:56:25,479 - ERROR - Error processing /mmfs1/home/sww35/testWatchAcc/LightHART/data/smartfallmm/young/accelerometer/watch/S33A10T02.csv: 0
2025-04-14 04:56:25,479 - ERROR - Error processing /mmfs1/home/sww35/testWatchAcc/LightHART/data/smartfallmm/young/accelerometer/watch/S33A10T02.csv: 0
2025-04-14 04:56:25,482 - INFO - Fixed 1 duplicate timestamps
2025-04-14 04:56:25,518 - INFO - Fixed 755 duplicate timestamps
2025-04-14 04:56:25,531 - WARNING - Found 167 time reversals
/mmfs1/home/sww35/testWatchAcc/LightHART/utils/accelerometer_processor.py:44: UserWarning: Could not infer format, so each element will be parsed individually, falling back to `dateutil`. To ensure parsing is consistent and as-expected, please specify a format.
  timestamps = pd.to_datetime(data.iloc[:, 0], errors='coerce')
2025-04-14 04:56:25,540 - WARNING - Found 1 invalid timestamps at rows [0]...
2025-04-14 04:56:25,540 - ERROR - Error processing /mmfs1/home/sww35/testWatchAcc/LightHART/data/smartfallmm/young/accelerometer/watch/S33A09T03.csv: 0
2025-04-14 04:56:25,540 - ERROR - Error processing /mmfs1/home/sww35/testWatchAcc/LightHART/data/smartfallmm/young/accelerometer/watch/S33A09T03.csv: 0
2025-04-14 04:56:25,546 - INFO - Fixed 9 duplicate timestamps
/mmfs1/home/sww35/testWatchAcc/LightHART/utils/accelerometer_processor.py:44: UserWarning: Could not infer format, so each element will be parsed individually, falling back to `dateutil`. To ensure parsing is consistent and as-expected, please specify a format.
  timestamps = pd.to_datetime(data.iloc[:, 0], errors='coerce')
2025-04-14 04:56:25,579 - WARNING - Found 510 invalid timestamps at rows [0 1 2 3 4]...
2025-04-14 04:56:25,579 - ERROR - Error processing /mmfs1/home/sww35/testWatchAcc/LightHART/data/smartfallmm/young/accelerometer/watch/S33A02T04.csv: Insufficient valid data rows after cleaning: 0
2025-04-14 04:56:25,579 - ERROR - Error processing /mmfs1/home/sww35/testWatchAcc/LightHART/data/smartfallmm/young/accelerometer/watch/S33A02T04.csv: Insufficient valid data rows after cleaning: 0
/mmfs1/home/sww35/testWatchAcc/LightHART/utils/accelerometer_processor.py:44: UserWarning: Could not infer format, so each element will be parsed individually, falling back to `dateutil`. To ensure parsing is consistent and as-expected, please specify a format.
  timestamps = pd.to_datetime(data.iloc[:, 0], errors='coerce')
2025-04-14 04:56:25,581 - WARNING - Found 109 invalid timestamps at rows [  0 386 387 388 389]...
2025-04-14 04:56:25,582 - ERROR - Error processing /mmfs1/home/sww35/testWatchAcc/LightHART/data/smartfallmm/young/accelerometer/watch/S33A13T01.csv: 0
2025-04-14 04:56:25,582 - ERROR - Error processing /mmfs1/home/sww35/testWatchAcc/LightHART/data/smartfallmm/young/accelerometer/watch/S33A13T01.csv: 0
/mmfs1/home/sww35/testWatchAcc/LightHART/utils/accelerometer_processor.py:44: UserWarning: Could not infer format, so each element will be parsed individually, falling back to `dateutil`. To ensure parsing is consistent and as-expected, please specify a format.
  timestamps = pd.to_datetime(data.iloc[:, 0], errors='coerce')
2025-04-14 04:56:25,612 - WARNING - Found 509 invalid timestamps at rows [0 1 2 3 4]...
2025-04-14 04:56:25,613 - ERROR - Error processing /mmfs1/home/sww35/testWatchAcc/LightHART/data/smartfallmm/young/accelerometer/watch/S33A08T03.csv: Insufficient valid data rows after cleaning: 0
2025-04-14 04:56:25,613 - ERROR - Error processing /mmfs1/home/sww35/testWatchAcc/LightHART/data/smartfallmm/young/accelerometer/watch/S33A08T03.csv: Insufficient valid data rows after cleaning: 0
2025-04-14 04:56:25,617 - INFO - Fixed 2 duplicate timestamps
/mmfs1/home/sww35/testWatchAcc/LightHART/utils/accelerometer_processor.py:44: UserWarning: Could not infer format, so each element will be parsed individually, falling back to `dateutil`. To ensure parsing is consistent and as-expected, please specify a format.
  timestamps = pd.to_datetime(data.iloc[:, 0], errors='coerce')
2025-04-14 04:56:25,644 - WARNING - Found 335 invalid timestamps at rows [0 1 2 3 4]...
2025-04-14 04:56:25,644 - ERROR - Error processing /mmfs1/home/sww35/testWatchAcc/LightHART/data/smartfallmm/young/accelerometer/watch/S33A07T09.csv: Insufficient valid data rows after cleaning: 0
2025-04-14 04:56:25,644 - ERROR - Error processing /mmfs1/home/sww35/testWatchAcc/LightHART/data/smartfallmm/young/accelerometer/watch/S33A07T09.csv: Insufficient valid data rows after cleaning: 0
2025-04-14 04:56:25,657 - INFO - Fixed 12 duplicate timestamps
2025-04-14 04:56:25,662 - WARNING - Found 1 time reversals
2025-04-14 04:56:25,666 - INFO - Fixed 2 duplicate timestamps
/mmfs1/home/sww35/testWatchAcc/LightHART/utils/accelerometer_processor.py:44: UserWarning: Could not infer format, so each element will be parsed individually, falling back to `dateutil`. To ensure parsing is consistent and as-expected, please specify a format.
  timestamps = pd.to_datetime(data.iloc[:, 0], errors='coerce')
2025-04-14 04:56:25,697 - WARNING - Found 511 invalid timestamps at rows [0 1 2 3 4]...
2025-04-14 04:56:25,698 - ERROR - Error processing /mmfs1/home/sww35/testWatchAcc/LightHART/data/smartfallmm/young/accelerometer/watch/S33A03T14.csv: Insufficient valid data rows after cleaning: 0
2025-04-14 04:56:25,698 - ERROR - Error processing /mmfs1/home/sww35/testWatchAcc/LightHART/data/smartfallmm/young/accelerometer/watch/S33A03T14.csv: Insufficient valid data rows after cleaning: 0
2025-04-14 04:56:25,731 - INFO - Fixed 505 duplicate timestamps
2025-04-14 04:56:25,743 - WARNING - Found 180 time reversals
2025-04-14 04:56:25,756 - INFO - Fixed 68 duplicate timestamps
2025-04-14 04:56:25,761 - WARNING - Found 28 time reversals
2025-04-14 04:56:25,767 - INFO - Fixed 6 duplicate timestamps
2025-04-14 04:56:25,797 - INFO - Fixed 452 duplicate timestamps
2025-04-14 04:56:25,809 - WARNING - Found 132 time reversals
/mmfs1/home/sww35/testWatchAcc/LightHART/utils/accelerometer_processor.py:44: UserWarning: Could not infer format, so each element will be parsed individually, falling back to `dateutil`. To ensure parsing is consistent and as-expected, please specify a format.
  timestamps = pd.to_datetime(data.iloc[:, 0], errors='coerce')
2025-04-14 04:56:25,831 - WARNING - Found 288 invalid timestamps at rows [0 1 2 3 4]...
2025-04-14 04:56:25,832 - ERROR - Error processing /mmfs1/home/sww35/testWatchAcc/LightHART/data/smartfallmm/young/accelerometer/watch/S33A11T03.csv: Insufficient valid data rows after cleaning: 0
2025-04-14 04:56:25,832 - ERROR - Error processing /mmfs1/home/sww35/testWatchAcc/LightHART/data/smartfallmm/young/accelerometer/watch/S33A11T03.csv: Insufficient valid data rows after cleaning: 0
2025-04-14 04:56:25,836 - INFO - Fixed 7 duplicate timestamps
2025-04-14 04:56:25,838 - WARNING - Found 1 time reversals
/mmfs1/home/sww35/testWatchAcc/LightHART/utils/accelerometer_processor.py:44: UserWarning: Could not infer format, so each element will be parsed individually, falling back to `dateutil`. To ensure parsing is consistent and as-expected, please specify a format.
  timestamps = pd.to_datetime(data.iloc[:, 0], errors='coerce')
2025-04-14 04:56:25,840 - WARNING - Found 160 invalid timestamps at rows [  0 320 321 322 323]...
2025-04-14 04:56:25,841 - ERROR - Error processing /mmfs1/home/sww35/testWatchAcc/LightHART/data/smartfallmm/young/accelerometer/watch/S33A07T03.csv: 0
2025-04-14 04:56:25,841 - ERROR - Error processing /mmfs1/home/sww35/testWatchAcc/LightHART/data/smartfallmm/young/accelerometer/watch/S33A07T03.csv: 0
2025-04-14 04:56:25,868 - INFO - Fixed 120 duplicate timestamps
2025-04-14 04:56:25,883 - WARNING - Found 35 time reversals
2025-04-14 04:56:25,891 - INFO - Fixed 47 duplicate timestamps
2025-04-14 04:56:25,892 - WARNING - Found 17 time reversals
2025-04-14 04:56:25,912 - INFO - Fixed 100 duplicate timestamps
2025-04-14 04:56:25,921 - WARNING - Found 33 time reversals
2025-04-14 04:56:25,926 - INFO - Fixed 34 duplicate timestamps
2025-04-14 04:56:25,934 - INFO - Fixed 52 duplicate timestamps
2025-04-14 04:56:25,936 - WARNING - Found 9 time reversals
/mmfs1/home/sww35/testWatchAcc/LightHART/utils/accelerometer_processor.py:44: UserWarning: Could not infer format, so each element will be parsed individually, falling back to `dateutil`. To ensure parsing is consistent and as-expected, please specify a format.
  timestamps = pd.to_datetime(data.iloc[:, 0], errors='coerce')
2025-04-14 04:56:25,978 - WARNING - Found 618 invalid timestamps at rows [0 1 2 3 4]...
2025-04-14 04:56:25,979 - ERROR - Error processing /mmfs1/home/sww35/testWatchAcc/LightHART/data/smartfallmm/young/accelerometer/watch/S33A05T04.csv: Insufficient valid data rows after cleaning: 0
2025-04-14 04:56:25,979 - ERROR - Error processing /mmfs1/home/sww35/testWatchAcc/LightHART/data/smartfallmm/young/accelerometer/watch/S33A05T04.csv: Insufficient valid data rows after cleaning: 0
2025-04-14 04:56:25,984 - INFO - Fixed 1 duplicate timestamps
2025-04-14 04:56:25,992 - INFO - Fixed 38 duplicate timestamps
2025-04-14 04:56:25,994 - WARNING - Found 5 time reversals
/mmfs1/home/sww35/testWatchAcc/LightHART/utils/accelerometer_processor.py:44: UserWarning: Could not infer format, so each element will be parsed individually, falling back to `dateutil`. To ensure parsing is consistent and as-expected, please specify a format.
  timestamps = pd.to_datetime(data.iloc[:, 0], errors='coerce')
2025-04-14 04:56:25,997 - WARNING - Found 1 invalid timestamps at rows [0]...
2025-04-14 04:56:25,997 - ERROR - Error processing /mmfs1/home/sww35/testWatchAcc/LightHART/data/smartfallmm/young/accelerometer/watch/S33A05T01.csv: 0
2025-04-14 04:56:25,997 - ERROR - Error processing /mmfs1/home/sww35/testWatchAcc/LightHART/data/smartfallmm/young/accelerometer/watch/S33A05T01.csv: 0
2025-04-14 04:56:26,037 - INFO - Fixed 642 duplicate timestamps
2025-04-14 04:56:26,053 - WARNING - Found 228 time reversals
2025-04-14 04:56:26,060 - INFO - Fixed 23 duplicate timestamps
/mmfs1/home/sww35/testWatchAcc/LightHART/utils/accelerometer_processor.py:44: UserWarning: Could not infer format, so each element will be parsed individually, falling back to `dateutil`. To ensure parsing is consistent and as-expected, please specify a format.
  timestamps = pd.to_datetime(data.iloc[:, 0], errors='coerce')
2025-04-14 04:56:26,093 - WARNING - Found 495 invalid timestamps at rows [0 1 2 3 4]...
2025-04-14 04:56:26,093 - ERROR - Error processing /mmfs1/home/sww35/testWatchAcc/LightHART/data/smartfallmm/young/accelerometer/watch/S33A03T06.csv: Insufficient valid data rows after cleaning: 0
2025-04-14 04:56:26,093 - ERROR - Error processing /mmfs1/home/sww35/testWatchAcc/LightHART/data/smartfallmm/young/accelerometer/watch/S33A03T06.csv: Insufficient valid data rows after cleaning: 0
2025-04-14 04:56:26,101 - INFO - Fixed 65 duplicate timestamps
2025-04-14 04:56:26,104 - WARNING - Found 18 time reversals
2025-04-14 04:56:26,109 - INFO - Fixed 7 duplicate timestamps
2025-04-14 04:56:26,110 - WARNING - Found 1 time reversals
2025-04-14 04:56:26,153 - INFO - Fixed 733 duplicate timestamps
2025-04-14 04:56:26,169 - WARNING - Found 282 time reversals
2025-04-14 04:56:26,183 - INFO - Fixed 68 duplicate timestamps
2025-04-14 04:56:26,188 - WARNING - Found 28 time reversals
2025-04-14 04:56:26,193 - INFO - Fixed 1 duplicate timestamps
2025-04-14 04:56:26,198 - INFO - Fixed 7 duplicate timestamps
2025-04-14 04:56:26,200 - WARNING - Found 1 time reversals
2025-04-14 04:56:26,204 - INFO - Fixed 2 duplicate timestamps
2025-04-14 04:56:26,238 - INFO - Fixed 471 duplicate timestamps
2025-04-14 04:56:26,250 - WARNING - Found 147 time reversals
2025-04-14 04:56:26,261 - INFO - Fixed 31 duplicate timestamps
2025-04-14 04:56:26,267 - WARNING - Found 14 time reversals
2025-04-14 04:56:26,271 - INFO - Fixed 1 duplicate timestamps
2025-04-14 04:56:26,277 - INFO - Fixed 1 duplicate timestamps
2025-04-14 04:56:26,285 - INFO - Fixed 2 duplicate timestamps
2025-04-14 04:56:26,294 - INFO - Fixed 17 duplicate timestamps
2025-04-14 04:56:26,295 - WARNING - Found 4 time reversals
2025-04-14 04:56:26,301 - INFO - Fixed 41 duplicate timestamps
2025-04-14 04:56:26,303 - WARNING - Found 10 time reversals
2025-04-14 04:56:26,307 - INFO - Fixed 2 duplicate timestamps
2025-04-14 04:56:26,316 - INFO - Fixed 72 duplicate timestamps
2025-04-14 04:56:26,318 - WARNING - Found 18 time reversals
2025-04-14 04:56:26,323 - INFO - Fixed 2 duplicate timestamps
/mmfs1/home/sww35/testWatchAcc/LightHART/utils/accelerometer_processor.py:44: UserWarning: Could not infer format, so each element will be parsed individually, falling back to `dateutil`. To ensure parsing is consistent and as-expected, please specify a format.
  timestamps = pd.to_datetime(data.iloc[:, 0], errors='coerce')
2025-04-14 04:56:26,337 - WARNING - Found 157 invalid timestamps at rows [0 1 2 3 4]...
2025-04-14 04:56:26,337 - ERROR - Error processing /mmfs1/home/sww35/testWatchAcc/LightHART/data/smartfallmm/young/accelerometer/watch/S33A09T07.csv: Insufficient valid data rows after cleaning: 0
2025-04-14 04:56:26,338 - ERROR - Error processing /mmfs1/home/sww35/testWatchAcc/LightHART/data/smartfallmm/young/accelerometer/watch/S33A09T07.csv: Insufficient valid data rows after cleaning: 0
/mmfs1/home/sww35/testWatchAcc/LightHART/utils/accelerometer_processor.py:44: UserWarning: Could not infer format, so each element will be parsed individually, falling back to `dateutil`. To ensure parsing is consistent and as-expected, please specify a format.
  timestamps = pd.to_datetime(data.iloc[:, 0], errors='coerce')
2025-04-14 04:56:26,368 - WARNING - Found 510 invalid timestamps at rows [0 1 2 3 4]...
2025-04-14 04:56:26,368 - ERROR - Error processing /mmfs1/home/sww35/testWatchAcc/LightHART/data/smartfallmm/young/accelerometer/watch/S33A08T02.csv: Insufficient valid data rows after cleaning: 0
2025-04-14 04:56:26,368 - ERROR - Error processing /mmfs1/home/sww35/testWatchAcc/LightHART/data/smartfallmm/young/accelerometer/watch/S33A08T02.csv: Insufficient valid data rows after cleaning: 0
2025-04-14 04:56:26,373 - INFO - Fixed 1 duplicate timestamps
2025-04-14 04:56:26,387 - INFO - Fixed 151 duplicate timestamps
2025-04-14 04:56:26,391 - WARNING - Found 55 time reversals
2025-04-14 04:56:26,398 - INFO - Fixed 2 duplicate timestamps
2025-04-14 04:56:26,452 - INFO - Fixed 934 duplicate timestamps
2025-04-14 04:56:26,471 - WARNING - Found 430 time reversals
/mmfs1/home/sww35/testWatchAcc/LightHART/utils/accelerometer_processor.py:44: UserWarning: Could not infer format, so each element will be parsed individually, falling back to `dateutil`. To ensure parsing is consistent and as-expected, please specify a format.
  timestamps = pd.to_datetime(data.iloc[:, 0], errors='coerce')
2025-04-14 04:56:26,505 - WARNING - Found 510 invalid timestamps at rows [0 1 2 3 4]...
2025-04-14 04:56:26,505 - ERROR - Error processing /mmfs1/home/sww35/testWatchAcc/LightHART/data/smartfallmm/young/accelerometer/watch/S33A03T15.csv: Insufficient valid data rows after cleaning: 0
2025-04-14 04:56:26,505 - ERROR - Error processing /mmfs1/home/sww35/testWatchAcc/LightHART/data/smartfallmm/young/accelerometer/watch/S33A03T15.csv: Insufficient valid data rows after cleaning: 0
/mmfs1/home/sww35/testWatchAcc/LightHART/utils/accelerometer_processor.py:44: UserWarning: Could not infer format, so each element will be parsed individually, falling back to `dateutil`. To ensure parsing is consistent and as-expected, please specify a format.
  timestamps = pd.to_datetime(data.iloc[:, 0], errors='coerce')
2025-04-14 04:56:26,541 - WARNING - Found 614 invalid timestamps at rows [0 1 2 3 4]...
2025-04-14 04:56:26,542 - ERROR - Error processing /mmfs1/home/sww35/testWatchAcc/LightHART/data/smartfallmm/young/accelerometer/watch/S33A09T10.csv: Insufficient valid data rows after cleaning: 0
2025-04-14 04:56:26,542 - ERROR - Error processing /mmfs1/home/sww35/testWatchAcc/LightHART/data/smartfallmm/young/accelerometer/watch/S33A09T10.csv: Insufficient valid data rows after cleaning: 0
2025-04-14 04:56:26,548 - INFO - Fixed 36 duplicate timestamps
2025-04-14 04:56:26,551 - WARNING - Found 6 time reversals
2025-04-14 04:56:26,556 - INFO - Fixed 3 duplicate timestamps
2025-04-14 04:56:26,572 - INFO - Fixed 34 duplicate timestamps
2025-04-14 04:56:26,579 - WARNING - Found 15 time reversals
2025-04-14 04:56:26,589 - INFO - Fixed 8 duplicate timestamps
/mmfs1/home/sww35/testWatchAcc/LightHART/utils/accelerometer_processor.py:44: UserWarning: Could not infer format, so each element will be parsed individually, falling back to `dateutil`. To ensure parsing is consistent and as-expected, please specify a format.
  timestamps = pd.to_datetime(data.iloc[:, 0], errors='coerce')
2025-04-14 04:56:26,601 - WARNING - Found 114 invalid timestamps at rows [0 1 2 3 4]...
2025-04-14 04:56:26,601 - ERROR - Error processing /mmfs1/home/sww35/testWatchAcc/LightHART/data/smartfallmm/young/accelerometer/watch/S33A13T07.csv: Insufficient valid data rows after cleaning: 0
2025-04-14 04:56:26,601 - ERROR - Error processing /mmfs1/home/sww35/testWatchAcc/LightHART/data/smartfallmm/young/accelerometer/watch/S33A13T07.csv: Insufficient valid data rows after cleaning: 0
/mmfs1/home/sww35/testWatchAcc/LightHART/utils/accelerometer_processor.py:44: UserWarning: Could not infer format, so each element will be parsed individually, falling back to `dateutil`. To ensure parsing is consistent and as-expected, please specify a format.
  timestamps = pd.to_datetime(data.iloc[:, 0], errors='coerce')
2025-04-14 04:56:26,603 - WARNING - Found 1 invalid timestamps at rows [0]...
2025-04-14 04:56:26,603 - ERROR - Error processing /mmfs1/home/sww35/testWatchAcc/LightHART/data/smartfallmm/young/accelerometer/watch/S33A06T04.csv: 0
2025-04-14 04:56:26,604 - ERROR - Error processing /mmfs1/home/sww35/testWatchAcc/LightHART/data/smartfallmm/young/accelerometer/watch/S33A06T04.csv: 0
2025-04-14 04:56:26,609 - INFO - Fixed 3 duplicate timestamps
2025-04-14 04:56:26,615 - INFO - Fixed 4 duplicate timestamps
2025-04-14 04:56:26,648 - INFO - Fixed 563 duplicate timestamps
2025-04-14 04:56:26,661 - WARNING - Found 153 time reversals
2025-04-14 04:56:26,667 - INFO - Fixed 28 duplicate timestamps
2025-04-14 04:56:26,670 - WARNING - Found 3 time reversals
2025-04-14 04:56:26,675 - INFO - Fixed 2 duplicate timestamps
2025-04-14 04:56:26,684 - INFO - Fixed 37 duplicate timestamps
2025-04-14 04:56:26,686 - WARNING - Found 7 time reversals
/mmfs1/home/sww35/testWatchAcc/LightHART/utils/accelerometer_processor.py:44: UserWarning: Could not infer format, so each element will be parsed individually, falling back to `dateutil`. To ensure parsing is consistent and as-expected, please specify a format.
  timestamps = pd.to_datetime(data.iloc[:, 0], errors='coerce')
2025-04-14 04:56:26,693 - WARNING - Found 175 invalid timestamps at rows [  0 348 349 350 351]...
2025-04-14 04:56:26,694 - ERROR - Error processing /mmfs1/home/sww35/testWatchAcc/LightHART/data/smartfallmm/young/accelerometer/watch/S33A07T01.csv: 0
2025-04-14 04:56:26,694 - ERROR - Error processing /mmfs1/home/sww35/testWatchAcc/LightHART/data/smartfallmm/young/accelerometer/watch/S33A07T01.csv: 0
2025-04-14 04:56:26,698 - INFO - Fixed 28 duplicate timestamps
2025-04-14 04:56:26,742 - INFO - Fixed 732 duplicate timestamps
2025-04-14 04:56:26,757 - WARNING - Found 196 time reversals
2025-04-14 04:56:26,788 - INFO - Fixed 466 duplicate timestamps
2025-04-14 04:56:26,798 - WARNING - Found 174 time reversals
2025-04-14 04:56:26,802 - INFO - Fixed 14 duplicate timestamps
2025-04-14 04:56:26,808 - INFO - Fixed 16 duplicate timestamps
2025-04-14 04:56:26,810 - WARNING - Found 1 time reversals
2025-04-14 04:56:26,816 - INFO - Fixed 41 duplicate timestamps
2025-04-14 04:56:26,817 - WARNING - Found 11 time reversals
/mmfs1/home/sww35/testWatchAcc/LightHART/utils/accelerometer_processor.py:44: UserWarning: Could not infer format, so each element will be parsed individually, falling back to `dateutil`. To ensure parsing is consistent and as-expected, please specify a format.
  timestamps = pd.to_datetime(data.iloc[:, 0], errors='coerce')
2025-04-14 04:56:26,851 - WARNING - Found 482 invalid timestamps at rows [0 1 2 3 4]...
2025-04-14 04:56:26,852 - ERROR - Error processing /mmfs1/home/sww35/testWatchAcc/LightHART/data/smartfallmm/young/accelerometer/watch/S33A01T01.csv: Insufficient valid data rows after cleaning: 0
2025-04-14 04:56:26,852 - ERROR - Error processing /mmfs1/home/sww35/testWatchAcc/LightHART/data/smartfallmm/young/accelerometer/watch/S33A01T01.csv: Insufficient valid data rows after cleaning: 0
/mmfs1/home/sww35/testWatchAcc/LightHART/utils/accelerometer_processor.py:44: UserWarning: Could not infer format, so each element will be parsed individually, falling back to `dateutil`. To ensure parsing is consistent and as-expected, please specify a format.
  timestamps = pd.to_datetime(data.iloc[:, 0], errors='coerce')
2025-04-14 04:56:26,854 - WARNING - Found 167 invalid timestamps at rows [  0 339 340 341 342]...
2025-04-14 04:56:26,854 - ERROR - Error processing /mmfs1/home/sww35/testWatchAcc/LightHART/data/smartfallmm/young/accelerometer/watch/S33A07T04.csv: 0
2025-04-14 04:56:26,854 - ERROR - Error processing /mmfs1/home/sww35/testWatchAcc/LightHART/data/smartfallmm/young/accelerometer/watch/S33A07T04.csv: 0
2025-04-14 04:56:26,886 - INFO - Fixed 505 duplicate timestamps
2025-04-14 04:56:26,898 - WARNING - Found 184 time reversals
2025-04-14 04:56:26,903 - INFO - Fixed 43 duplicate timestamps
2025-04-14 04:56:26,904 - WARNING - Found 15 time reversals
2025-04-14 04:56:26,911 - INFO - Fixed 72 duplicate timestamps
2025-04-14 04:56:26,913 - WARNING - Found 20 time reversals
/mmfs1/home/sww35/testWatchAcc/LightHART/utils/accelerometer_processor.py:44: UserWarning: Could not infer format, so each element will be parsed individually, falling back to `dateutil`. To ensure parsing is consistent and as-expected, please specify a format.
  timestamps = pd.to_datetime(data.iloc[:, 0], errors='coerce')
2025-04-14 04:56:26,915 - WARNING - Found 1 invalid timestamps at rows [0]...
2025-04-14 04:56:26,916 - ERROR - Error processing /mmfs1/home/sww35/testWatchAcc/LightHART/data/smartfallmm/young/accelerometer/watch/S33A14T01.csv: 0
2025-04-14 04:56:26,916 - ERROR - Error processing /mmfs1/home/sww35/testWatchAcc/LightHART/data/smartfallmm/young/accelerometer/watch/S33A14T01.csv: 0
/mmfs1/home/sww35/testWatchAcc/LightHART/utils/accelerometer_processor.py:44: UserWarning: Could not infer format, so each element will be parsed individually, falling back to `dateutil`. To ensure parsing is consistent and as-expected, please specify a format.
  timestamps = pd.to_datetime(data.iloc[:, 0], errors='coerce')
2025-04-14 04:56:26,918 - WARNING - Found 1 invalid timestamps at rows [0]...
2025-04-14 04:56:26,919 - ERROR - Error processing /mmfs1/home/sww35/testWatchAcc/LightHART/data/smartfallmm/young/accelerometer/watch/S33A14T04.csv: 0
2025-04-14 04:56:26,919 - ERROR - Error processing /mmfs1/home/sww35/testWatchAcc/LightHART/data/smartfallmm/young/accelerometer/watch/S33A14T04.csv: 0
2025-04-14 04:56:26,923 - INFO - Fixed 1 duplicate timestamps
2025-04-14 04:56:26,929 - INFO - Fixed 2 duplicate timestamps
2025-04-14 04:56:26,936 - INFO - Fixed 15 duplicate timestamps
2025-04-14 04:56:26,938 - WARNING - Found 3 time reversals
2025-04-14 04:56:26,943 - INFO - Fixed 6 duplicate timestamps
/mmfs1/home/sww35/testWatchAcc/LightHART/utils/accelerometer_processor.py:44: UserWarning: Could not infer format, so each element will be parsed individually, falling back to `dateutil`. To ensure parsing is consistent and as-expected, please specify a format.
  timestamps = pd.to_datetime(data.iloc[:, 0], errors='coerce')
2025-04-14 04:56:26,947 - WARNING - Found 1 invalid timestamps at rows [0]...
2025-04-14 04:56:26,948 - ERROR - Error processing /mmfs1/home/sww35/testWatchAcc/LightHART/data/smartfallmm/young/accelerometer/watch/S33A07T05.csv: 0
2025-04-14 04:56:26,948 - ERROR - Error processing /mmfs1/home/sww35/testWatchAcc/LightHART/data/smartfallmm/young/accelerometer/watch/S33A07T05.csv: 0
/mmfs1/home/sww35/testWatchAcc/LightHART/utils/accelerometer_processor.py:44: UserWarning: Could not infer format, so each element will be parsed individually, falling back to `dateutil`. To ensure parsing is consistent and as-expected, please specify a format.
  timestamps = pd.to_datetime(data.iloc[:, 0], errors='coerce')
2025-04-14 04:56:26,968 - WARNING - Found 259 invalid timestamps at rows [0 1 2 3 4]...
2025-04-14 04:56:26,968 - ERROR - Error processing /mmfs1/home/sww35/testWatchAcc/LightHART/data/smartfallmm/young/accelerometer/watch/S33A06T09.csv: Insufficient valid data rows after cleaning: 0
2025-04-14 04:56:26,968 - ERROR - Error processing /mmfs1/home/sww35/testWatchAcc/LightHART/data/smartfallmm/young/accelerometer/watch/S33A06T09.csv: Insufficient valid data rows after cleaning: 0
2025-04-14 04:56:26,971 - INFO - Fixed 6 duplicate timestamps
2025-04-14 04:56:26,987 - INFO - Fixed 68 duplicate timestamps
2025-04-14 04:56:26,995 - WARNING - Found 31 time reversals
2025-04-14 04:56:26,999 - INFO - Fixed 3 duplicate timestamps
2025-04-14 04:56:27,010 - INFO - Fixed 113 duplicate timestamps
2025-04-14 04:56:27,014 - WARNING - Found 38 time reversals
2025-04-14 04:56:27,032 - INFO - Fixed 50 duplicate timestamps
2025-04-14 04:56:27,040 - WARNING - Found 16 time reversals
2025-04-14 04:56:27,045 - INFO - Fixed 7 duplicate timestamps
/mmfs1/home/sww35/testWatchAcc/LightHART/utils/accelerometer_processor.py:44: UserWarning: Could not infer format, so each element will be parsed individually, falling back to `dateutil`. To ensure parsing is consistent and as-expected, please specify a format.
  timestamps = pd.to_datetime(data.iloc[:, 0], errors='coerce')
2025-04-14 04:56:27,050 - WARNING - Found 1 invalid timestamps at rows [0]...
2025-04-14 04:56:27,051 - ERROR - Error processing /mmfs1/home/sww35/testWatchAcc/LightHART/data/smartfallmm/young/accelerometer/watch/S33A09T04.csv: 0
2025-04-14 04:56:27,051 - ERROR - Error processing /mmfs1/home/sww35/testWatchAcc/LightHART/data/smartfallmm/young/accelerometer/watch/S33A09T04.csv: 0
2025-04-14 04:56:27,063 - INFO - Fixed 22 duplicate timestamps
2025-04-14 04:56:27,070 - WARNING - Found 11 time reversals
2025-04-14 04:56:27,079 - INFO - Fixed 62 duplicate timestamps
2025-04-14 04:56:27,083 - WARNING - Found 16 time reversals
/mmfs1/home/sww35/testWatchAcc/LightHART/utils/accelerometer_processor.py:44: UserWarning: Could not infer format, so each element will be parsed individually, falling back to `dateutil`. To ensure parsing is consistent and as-expected, please specify a format.
  timestamps = pd.to_datetime(data.iloc[:, 0], errors='coerce')
2025-04-14 04:56:27,113 - WARNING - Found 509 invalid timestamps at rows [0 1 2 3 4]...
2025-04-14 04:56:27,114 - ERROR - Error processing /mmfs1/home/sww35/testWatchAcc/LightHART/data/smartfallmm/young/accelerometer/watch/S33A14T06.csv: Insufficient valid data rows after cleaning: 0
2025-04-14 04:56:27,114 - ERROR - Error processing /mmfs1/home/sww35/testWatchAcc/LightHART/data/smartfallmm/young/accelerometer/watch/S33A14T06.csv: Insufficient valid data rows after cleaning: 0
2025-04-14 04:56:27,146 - INFO - Fixed 514 duplicate timestamps
2025-04-14 04:56:27,158 - WARNING - Found 173 time reversals
2025-04-14 04:56:27,166 - INFO - Fixed 44 duplicate timestamps
2025-04-14 04:56:27,169 - WARNING - Found 10 time reversals
2025-04-14 04:56:27,179 - INFO - Fixed 105 duplicate timestamps
2025-04-14 04:56:27,182 - WARNING - Found 27 time reversals
2025-04-14 04:56:27,229 - INFO - Fixed 750 duplicate timestamps
2025-04-14 04:56:27,249 - WARNING - Found 234 time reversals
2025-04-14 04:56:27,292 - INFO - Fixed 702 duplicate timestamps
2025-04-14 04:56:27,309 - WARNING - Found 285 time reversals
2025-04-14 04:56:27,323 - INFO - Fixed 36 duplicate timestamps
2025-04-14 04:56:27,330 - WARNING - Found 12 time reversals
2025-04-14 04:56:27,334 - INFO - Fixed 8 duplicate timestamps
2025-04-14 04:56:27,335 - WARNING - Found 1 time reversals
2025-04-14 04:56:27,375 - INFO - Fixed 748 duplicate timestamps
2025-04-14 04:56:27,391 - WARNING - Found 263 time reversals
2025-04-14 04:56:27,396 - INFO - Fixed 6 duplicate timestamps
2025-04-14 04:56:27,435 - INFO - Fixed 563 duplicate timestamps
2025-04-14 04:56:27,448 - WARNING - Found 193 time reversals
2025-04-14 04:56:27,481 - INFO - Fixed 514 duplicate timestamps
2025-04-14 04:56:27,494 - WARNING - Found 142 time reversals
2025-04-14 04:56:27,500 - INFO - Fixed 9 duplicate timestamps
2025-04-14 04:56:27,502 - WARNING - Found 1 time reversals
2025-04-14 04:56:27,508 - INFO - Fixed 57 duplicate timestamps
2025-04-14 04:56:27,511 - WARNING - Found 20 time reversals
2025-04-14 04:56:27,515 - INFO - Fixed 1 duplicate timestamps
2025-04-14 04:56:27,528 - INFO - Fixed 68 duplicate timestamps
2025-04-14 04:56:27,534 - WARNING - Found 28 time reversals
2025-04-14 04:56:27,540 - INFO - Fixed 18 duplicate timestamps
2025-04-14 04:56:27,542 - WARNING - Found 3 time reversals
/mmfs1/home/sww35/testWatchAcc/LightHART/utils/accelerometer_processor.py:44: UserWarning: Could not infer format, so each element will be parsed individually, falling back to `dateutil`. To ensure parsing is consistent and as-expected, please specify a format.
  timestamps = pd.to_datetime(data.iloc[:, 0], errors='coerce')
2025-04-14 04:56:27,568 - WARNING - Found 330 invalid timestamps at rows [0 1 2 3 4]...
2025-04-14 04:56:27,569 - ERROR - Error processing /mmfs1/home/sww35/testWatchAcc/LightHART/data/smartfallmm/young/accelerometer/watch/S33A02T08.csv: Insufficient valid data rows after cleaning: 0
2025-04-14 04:56:27,569 - ERROR - Error processing /mmfs1/home/sww35/testWatchAcc/LightHART/data/smartfallmm/young/accelerometer/watch/S33A02T08.csv: Insufficient valid data rows after cleaning: 0
2025-04-14 04:56:27,580 - INFO - Fixed 68 duplicate timestamps
2025-04-14 04:56:27,586 - WARNING - Found 28 time reversals
2025-04-14 04:56:27,591 - INFO - Fixed 22 duplicate timestamps
2025-04-14 04:56:27,648 - INFO - Fixed 964 duplicate timestamps
2025-04-14 04:56:27,667 - WARNING - Found 332 time reversals
2025-04-14 04:56:27,673 - INFO - Fixed 1 duplicate timestamps
2025-04-14 04:56:27,680 - INFO - Fixed 6 duplicate timestamps
2025-04-14 04:56:27,695 - INFO - Fixed 68 duplicate timestamps
2025-04-14 04:56:27,700 - WARNING - Found 28 time reversals
2025-04-14 04:56:27,705 - INFO - Fixed 2 duplicate timestamps
2025-04-14 04:56:27,733 - INFO - Fixed 530 duplicate timestamps
2025-04-14 04:56:27,745 - WARNING - Found 118 time reversals
2025-04-14 04:56:27,749 - INFO - Fixed 9 duplicate timestamps
2025-04-14 04:56:27,755 - INFO - Fixed 1 duplicate timestamps
/mmfs1/home/sww35/testWatchAcc/LightHART/utils/accelerometer_processor.py:44: UserWarning: Could not infer format, so each element will be parsed individually, falling back to `dateutil`. To ensure parsing is consistent and as-expected, please specify a format.
  timestamps = pd.to_datetime(data.iloc[:, 0], errors='coerce')
2025-04-14 04:56:27,761 - WARNING - Found 38 invalid timestamps at rows [0 1 2 3 4]...
2025-04-14 04:56:27,761 - ERROR - Error processing /mmfs1/home/sww35/testWatchAcc/LightHART/data/smartfallmm/young/accelerometer/watch/S33A08T06.csv: Insufficient valid data rows after cleaning: 0
2025-04-14 04:56:27,761 - ERROR - Error processing /mmfs1/home/sww35/testWatchAcc/LightHART/data/smartfallmm/young/accelerometer/watch/S33A08T06.csv: Insufficient valid data rows after cleaning: 0
2025-04-14 04:56:27,810 - INFO - Fixed 329 duplicate timestamps
2025-04-14 04:56:27,833 - WARNING - Found 165 time reversals
2025-04-14 04:56:27,857 - INFO - Fixed 96 duplicate timestamps
2025-04-14 04:56:27,868 - WARNING - Found 41 time reversals
/mmfs1/home/sww35/testWatchAcc/LightHART/utils/accelerometer_processor.py:44: UserWarning: Could not infer format, so each element will be parsed individually, falling back to `dateutil`. To ensure parsing is consistent and as-expected, please specify a format.
  timestamps = pd.to_datetime(data.iloc[:, 0], errors='coerce')
2025-04-14 04:56:27,871 - WARNING - Found 1 invalid timestamps at rows [0]...
2025-04-14 04:56:27,872 - ERROR - Error processing /mmfs1/home/sww35/testWatchAcc/LightHART/data/smartfallmm/young/accelerometer/watch/S33A12T03.csv: 0
2025-04-14 04:56:27,872 - ERROR - Error processing /mmfs1/home/sww35/testWatchAcc/LightHART/data/smartfallmm/young/accelerometer/watch/S33A12T03.csv: 0
2025-04-14 04:56:27,876 - INFO - Fixed 2 duplicate timestamps
/mmfs1/home/sww35/testWatchAcc/LightHART/utils/accelerometer_processor.py:44: UserWarning: Could not infer format, so each element will be parsed individually, falling back to `dateutil`. To ensure parsing is consistent and as-expected, please specify a format.
  timestamps = pd.to_datetime(data.iloc[:, 0], errors='coerce')
2025-04-14 04:56:27,909 - WARNING - Found 409 invalid timestamps at rows [0 1 2 3 4]...
2025-04-14 04:56:27,909 - ERROR - Error processing /mmfs1/home/sww35/testWatchAcc/LightHART/data/smartfallmm/young/accelerometer/watch/S33A07T08.csv: Insufficient valid data rows after cleaning: 0
2025-04-14 04:56:27,909 - ERROR - Error processing /mmfs1/home/sww35/testWatchAcc/LightHART/data/smartfallmm/young/accelerometer/watch/S33A07T08.csv: Insufficient valid data rows after cleaning: 0
2025-04-14 04:56:27,914 - INFO - Fixed 18 duplicate timestamps
/mmfs1/home/sww35/testWatchAcc/LightHART/utils/accelerometer_processor.py:44: UserWarning: Could not infer format, so each element will be parsed individually, falling back to `dateutil`. To ensure parsing is consistent and as-expected, please specify a format.
  timestamps = pd.to_datetime(data.iloc[:, 0], errors='coerce')
2025-04-14 04:56:27,955 - WARNING - Found 649 invalid timestamps at rows [0 1 2 3 4]...
2025-04-14 04:56:27,955 - ERROR - Error processing /mmfs1/home/sww35/testWatchAcc/LightHART/data/smartfallmm/young/accelerometer/watch/S33A08T10.csv: Insufficient valid data rows after cleaning: 0
2025-04-14 04:56:27,955 - ERROR - Error processing /mmfs1/home/sww35/testWatchAcc/LightHART/data/smartfallmm/young/accelerometer/watch/S33A08T10.csv: Insufficient valid data rows after cleaning: 0
2025-04-14 04:56:27,963 - INFO - Fixed 3 duplicate timestamps
/mmfs1/home/sww35/testWatchAcc/LightHART/utils/accelerometer_processor.py:44: UserWarning: Could not infer format, so each element will be parsed individually, falling back to `dateutil`. To ensure parsing is consistent and as-expected, please specify a format.
  timestamps = pd.to_datetime(data.iloc[:, 0], errors='coerce')
2025-04-14 04:56:28,003 - WARNING - Found 649 invalid timestamps at rows [0 1 2 3 4]...
2025-04-14 04:56:28,004 - ERROR - Error processing /mmfs1/home/sww35/testWatchAcc/LightHART/data/smartfallmm/young/accelerometer/watch/S33A02T05.csv: Insufficient valid data rows after cleaning: 0
2025-04-14 04:56:28,004 - ERROR - Error processing /mmfs1/home/sww35/testWatchAcc/LightHART/data/smartfallmm/young/accelerometer/watch/S33A02T05.csv: Insufficient valid data rows after cleaning: 0
2025-04-14 04:56:28,007 - INFO - Fixed 11 duplicate timestamps
2025-04-14 04:56:28,009 - WARNING - Found 1 time reversals
2025-04-14 04:56:28,018 - INFO - Fixed 67 duplicate timestamps
2025-04-14 04:56:28,021 - WARNING - Found 17 time reversals
/mmfs1/home/sww35/testWatchAcc/LightHART/utils/accelerometer_processor.py:44: UserWarning: Could not infer format, so each element will be parsed individually, falling back to `dateutil`. To ensure parsing is consistent and as-expected, please specify a format.
  timestamps = pd.to_datetime(data.iloc[:, 0], errors='coerce')
2025-04-14 04:56:28,038 - WARNING - Found 202 invalid timestamps at rows [0 1 2 3 4]...
2025-04-14 04:56:28,039 - ERROR - Error processing /mmfs1/home/sww35/testWatchAcc/LightHART/data/smartfallmm/young/accelerometer/watch/S33A03T13.csv: Insufficient valid data rows after cleaning: 0
2025-04-14 04:56:28,039 - ERROR - Error processing /mmfs1/home/sww35/testWatchAcc/LightHART/data/smartfallmm/young/accelerometer/watch/S33A03T13.csv: Insufficient valid data rows after cleaning: 0
2025-04-14 04:56:28,053 - INFO - Fixed 180 duplicate timestamps
2025-04-14 04:56:28,057 - WARNING - Found 59 time reversals
/mmfs1/home/sww35/testWatchAcc/LightHART/utils/accelerometer_processor.py:44: UserWarning: Could not infer format, so each element will be parsed individually, falling back to `dateutil`. To ensure parsing is consistent and as-expected, please specify a format.
  timestamps = pd.to_datetime(data.iloc[:, 0], errors='coerce')
2025-04-14 04:56:28,100 - WARNING - Found 615 invalid timestamps at rows [0 1 2 3 4]...
2025-04-14 04:56:28,100 - ERROR - Error processing /mmfs1/home/sww35/testWatchAcc/LightHART/data/smartfallmm/young/accelerometer/watch/S33A13T06.csv: Insufficient valid data rows after cleaning: 0
2025-04-14 04:56:28,100 - ERROR - Error processing /mmfs1/home/sww35/testWatchAcc/LightHART/data/smartfallmm/young/accelerometer/watch/S33A13T06.csv: Insufficient valid data rows after cleaning: 0
/mmfs1/home/sww35/testWatchAcc/LightHART/utils/accelerometer_processor.py:44: UserWarning: Could not infer format, so each element will be parsed individually, falling back to `dateutil`. To ensure parsing is consistent and as-expected, please specify a format.
  timestamps = pd.to_datetime(data.iloc[:, 0], errors='coerce')
2025-04-14 04:56:28,118 - WARNING - Found 222 invalid timestamps at rows [0 1 2 3 4]...
2025-04-14 04:56:28,118 - ERROR - Error processing /mmfs1/home/sww35/testWatchAcc/LightHART/data/smartfallmm/young/accelerometer/watch/S33A07T07.csv: Insufficient valid data rows after cleaning: 0
2025-04-14 04:56:28,118 - ERROR - Error processing /mmfs1/home/sww35/testWatchAcc/LightHART/data/smartfallmm/young/accelerometer/watch/S33A07T07.csv: Insufficient valid data rows after cleaning: 0
2025-04-14 04:56:28,126 - INFO - Fixed 65 duplicate timestamps
2025-04-14 04:56:28,129 - WARNING - Found 19 time reversals
2025-04-14 04:56:28,134 - INFO - Fixed 2 duplicate timestamps
2025-04-14 04:56:28,149 - INFO - Fixed 68 duplicate timestamps
2025-04-14 04:56:28,154 - WARNING - Found 28 time reversals
2025-04-14 04:56:28,167 - INFO - Fixed 68 duplicate timestamps
2025-04-14 04:56:28,172 - WARNING - Found 28 time reversals
2025-04-14 04:56:28,215 - INFO - Fixed 900 duplicate timestamps
2025-04-14 04:56:28,234 - WARNING - Found 221 time reversals
2025-04-14 04:56:28,240 - INFO - Fixed 26 duplicate timestamps
2025-04-14 04:56:28,246 - INFO - Fixed 4 duplicate timestamps
2025-04-14 04:56:28,255 - INFO - Fixed 2 duplicate timestamps
/mmfs1/home/sww35/testWatchAcc/LightHART/utils/accelerometer_processor.py:44: UserWarning: Could not infer format, so each element will be parsed individually, falling back to `dateutil`. To ensure parsing is consistent and as-expected, please specify a format.
  timestamps = pd.to_datetime(data.iloc[:, 0], errors='coerce')
2025-04-14 04:56:28,280 - WARNING - Found 216 invalid timestamps at rows [0 1 2 3 4]...
2025-04-14 04:56:28,280 - ERROR - Error processing /mmfs1/home/sww35/testWatchAcc/LightHART/data/smartfallmm/young/accelerometer/watch/S33A03T08.csv: Insufficient valid data rows after cleaning: 0
2025-04-14 04:56:28,280 - ERROR - Error processing /mmfs1/home/sww35/testWatchAcc/LightHART/data/smartfallmm/young/accelerometer/watch/S33A03T08.csv: Insufficient valid data rows after cleaning: 0
/mmfs1/home/sww35/testWatchAcc/LightHART/utils/accelerometer_processor.py:44: UserWarning: Could not infer format, so each element will be parsed individually, falling back to `dateutil`. To ensure parsing is consistent and as-expected, please specify a format.
  timestamps = pd.to_datetime(data.iloc[:, 0], errors='coerce')
2025-04-14 04:56:28,282 - WARNING - Found 215 invalid timestamps at rows [  0 435 436 437 438]...
2025-04-14 04:56:28,283 - ERROR - Error processing /mmfs1/home/sww35/testWatchAcc/LightHART/data/smartfallmm/young/accelerometer/watch/S33A02T02.csv: 0
2025-04-14 04:56:28,283 - ERROR - Error processing /mmfs1/home/sww35/testWatchAcc/LightHART/data/smartfallmm/young/accelerometer/watch/S33A02T02.csv: 0
2025-04-14 04:56:28,309 - INFO - Fixed 433 duplicate timestamps
2025-04-14 04:56:28,319 - WARNING - Found 139 time reversals
2025-04-14 04:56:28,325 - INFO - Fixed 8 duplicate timestamps
/mmfs1/home/sww35/testWatchAcc/LightHART/utils/accelerometer_processor.py:44: UserWarning: Could not infer format, so each element will be parsed individually, falling back to `dateutil`. To ensure parsing is consistent and as-expected, please specify a format.
  timestamps = pd.to_datetime(data.iloc[:, 0], errors='coerce')
2025-04-14 04:56:28,358 - WARNING - Found 510 invalid timestamps at rows [0 1 2 3 4]...
2025-04-14 04:56:28,358 - ERROR - Error processing /mmfs1/home/sww35/testWatchAcc/LightHART/data/smartfallmm/young/accelerometer/watch/S33A07T11.csv: Insufficient valid data rows after cleaning: 0
2025-04-14 04:56:28,358 - ERROR - Error processing /mmfs1/home/sww35/testWatchAcc/LightHART/data/smartfallmm/young/accelerometer/watch/S33A07T11.csv: Insufficient valid data rows after cleaning: 0
2025-04-14 04:56:28,363 - INFO - Fixed 13 duplicate timestamps
2025-04-14 04:56:28,369 - INFO - Fixed 22 duplicate timestamps
/mmfs1/home/sww35/testWatchAcc/LightHART/utils/accelerometer_processor.py:44: UserWarning: Could not infer format, so each element will be parsed individually, falling back to `dateutil`. To ensure parsing is consistent and as-expected, please specify a format.
  timestamps = pd.to_datetime(data.iloc[:, 0], errors='coerce')
2025-04-14 04:56:28,400 - WARNING - Found 509 invalid timestamps at rows [0 1 2 3 4]...
2025-04-14 04:56:28,400 - ERROR - Error processing /mmfs1/home/sww35/testWatchAcc/LightHART/data/smartfallmm/young/accelerometer/watch/S33A02T06.csv: Insufficient valid data rows after cleaning: 0
2025-04-14 04:56:28,400 - ERROR - Error processing /mmfs1/home/sww35/testWatchAcc/LightHART/data/smartfallmm/young/accelerometer/watch/S33A02T06.csv: Insufficient valid data rows after cleaning: 0
2025-04-14 04:56:28,405 - INFO - Fixed 11 duplicate timestamps
2025-04-14 04:56:28,407 - WARNING - Found 1 time reversals
2025-04-14 04:56:28,411 - INFO - Fixed 1 duplicate timestamps
2025-04-14 04:56:28,417 - INFO - Fixed 26 duplicate timestamps
2025-04-14 04:56:28,419 - WARNING - Found 5 time reversals
/mmfs1/home/sww35/testWatchAcc/LightHART/utils/accelerometer_processor.py:44: UserWarning: Could not infer format, so each element will be parsed individually, falling back to `dateutil`. To ensure parsing is consistent and as-expected, please specify a format.
  timestamps = pd.to_datetime(data.iloc[:, 0], errors='coerce')
2025-04-14 04:56:28,423 - WARNING - Found 38 invalid timestamps at rows [0 1 2 3 4]...
2025-04-14 04:56:28,424 - ERROR - Error processing /mmfs1/home/sww35/testWatchAcc/LightHART/data/smartfallmm/young/accelerometer/watch/S33A11T05.csv: Insufficient valid data rows after cleaning: 0
2025-04-14 04:56:28,424 - ERROR - Error processing /mmfs1/home/sww35/testWatchAcc/LightHART/data/smartfallmm/young/accelerometer/watch/S33A11T05.csv: Insufficient valid data rows after cleaning: 0
2025-04-14 04:56:28,439 - INFO - Fixed 41 duplicate timestamps
2025-04-14 04:56:28,448 - WARNING - Found 19 time reversals
/mmfs1/home/sww35/testWatchAcc/LightHART/utils/accelerometer_processor.py:44: UserWarning: Could not infer format, so each element will be parsed individually, falling back to `dateutil`. To ensure parsing is consistent and as-expected, please specify a format.
  timestamps = pd.to_datetime(data.iloc[:, 0], errors='coerce')
2025-04-14 04:56:28,467 - WARNING - Found 221 invalid timestamps at rows [0 1 2 3 4]...
2025-04-14 04:56:28,468 - ERROR - Error processing /mmfs1/home/sww35/testWatchAcc/LightHART/data/smartfallmm/young/accelerometer/watch/S33A01T02.csv: Insufficient valid data rows after cleaning: 0
2025-04-14 04:56:28,468 - ERROR - Error processing /mmfs1/home/sww35/testWatchAcc/LightHART/data/smartfallmm/young/accelerometer/watch/S33A01T02.csv: Insufficient valid data rows after cleaning: 0
2025-04-14 04:56:28,471 - INFO - Fixed 1 duplicate timestamps
2025-04-14 04:56:28,479 - INFO - Fixed 10 duplicate timestamps
2025-04-14 04:56:28,529 - INFO - Fixed 760 duplicate timestamps
2025-04-14 04:56:28,547 - WARNING - Found 154 time reversals
2025-04-14 04:56:28,552 - INFO - Fixed 4 duplicate timestamps
2025-04-14 04:56:28,558 - INFO - Fixed 9 duplicate timestamps
2025-04-14 04:56:28,561 - WARNING - Found 1 time reversals
2025-04-14 04:56:28,565 - INFO - Fixed 3 duplicate timestamps
2025-04-14 04:56:28,583 - INFO - Fixed 64 duplicate timestamps
2025-04-14 04:56:28,592 - WARNING - Found 16 time reversals
2025-04-14 04:56:28,600 - INFO - Dataset Statistics for subjects [45, 36, 29, 32, 30, 31, 33, 34, 35, 37, 43, 44]:
2025-04-14 04:56:28,600 - INFO - Total files: 556
2025-04-14 04:56:28,600 - INFO - Successfully processed: 446 (80.2%)
2025-04-14 04:56:28,600 - INFO - Errors: 110
2025-04-14 04:56:28,600 - INFO - Falls: 1976 samples
2025-04-14 04:56:28,600 - INFO - Non-falls: 3052 samples
2025-04-14 04:56:28,600 - INFO - Activities distribution:
2025-04-14 04:56:28,600 - INFO -   Activity 1 (ADL): 28 files
2025-04-14 04:56:28,600 - INFO -   Activity 2 (ADL): 38 files
2025-04-14 04:56:28,600 - INFO -   Activity 3 (ADL): 50 files
2025-04-14 04:56:28,600 - INFO -   Activity 4 (ADL): 5 files
2025-04-14 04:56:28,600 - INFO -   Activity 5 (ADL): 45 files
2025-04-14 04:56:28,600 - INFO -   Activity 6 (ADL): 37 files
2025-04-14 04:56:28,600 - INFO -   Activity 7 (ADL): 35 files
2025-04-14 04:56:28,600 - INFO -   Activity 8 (ADL): 44 files
2025-04-14 04:56:28,600 - INFO -   Activity 9 (ADL): 42 files
2025-04-14 04:56:28,600 - INFO -   Activity 10 (Fall): 50 files
2025-04-14 04:56:28,600 - INFO -   Activity 11 (Fall): 40 files
2025-04-14 04:56:28,600 - INFO -   Activity 12 (Fall): 51 files
2025-04-14 04:56:28,600 - INFO -   Activity 13 (Fall): 45 files
2025-04-14 04:56:28,600 - INFO -   Activity 14 (Fall): 46 files
2025-04-14 04:56:29,275 - INFO - Fixed 26 duplicate timestamps
2025-04-14 04:56:29,277 - WARNING - Found 4 time reversals
2025-04-14 04:56:29,287 - INFO - Fixed 94 duplicate timestamps
2025-04-14 04:56:29,290 - WARNING - Found 35 time reversals
2025-04-14 04:56:29,344 - INFO - Fixed 971 duplicate timestamps
2025-04-14 04:56:29,361 - WARNING - Found 431 time reversals
2025-04-14 04:56:29,416 - INFO - Fixed 953 duplicate timestamps
2025-04-14 04:56:29,437 - WARNING - Found 312 time reversals
2025-04-14 04:56:29,444 - INFO - Fixed 8 duplicate timestamps
2025-04-14 04:56:29,446 - WARNING - Found 1 time reversals
2025-04-14 04:56:29,505 - INFO - Fixed 953 duplicate timestamps
2025-04-14 04:56:29,526 - WARNING - Found 312 time reversals
2025-04-14 04:56:29,582 - INFO - Fixed 953 duplicate timestamps
2025-04-14 04:56:29,602 - WARNING - Found 312 time reversals
2025-04-14 04:56:29,609 - INFO - Fixed 29 duplicate timestamps
2025-04-14 04:56:29,610 - WARNING - Found 5 time reversals
2025-04-14 04:56:29,645 - INFO - Fixed 432 duplicate timestamps
2025-04-14 04:56:29,655 - WARNING - Found 186 time reversals
2025-04-14 04:56:29,711 - INFO - Fixed 953 duplicate timestamps
2025-04-14 04:56:29,731 - WARNING - Found 312 time reversals
2025-04-14 04:56:29,738 - INFO - Fixed 1 duplicate timestamps
2025-04-14 04:56:29,750 - INFO - Fixed 93 duplicate timestamps
2025-04-14 04:56:29,753 - WARNING - Found 33 time reversals
2025-04-14 04:56:29,761 - INFO - Fixed 43 duplicate timestamps
2025-04-14 04:56:29,765 - WARNING - Found 17 time reversals
2025-04-14 04:56:29,788 - INFO - Fixed 363 duplicate timestamps
2025-04-14 04:56:29,796 - WARNING - Found 141 time reversals
2025-04-14 04:56:29,801 - INFO - Fixed 2 duplicate timestamps
2025-04-14 04:56:29,815 - INFO - Fixed 75 duplicate timestamps
2025-04-14 04:56:29,820 - WARNING - Found 27 time reversals
2025-04-14 04:56:29,843 - INFO - Fixed 363 duplicate timestamps
2025-04-14 04:56:29,850 - WARNING - Found 137 time reversals
2025-04-14 04:56:29,860 - INFO - Fixed 79 duplicate timestamps
2025-04-14 04:56:29,864 - WARNING - Found 18 time reversals
2025-04-14 04:56:29,871 - INFO - Fixed 9 duplicate timestamps
2025-04-14 04:56:29,926 - INFO - Fixed 971 duplicate timestamps
2025-04-14 04:56:29,943 - WARNING - Found 431 time reversals
2025-04-14 04:56:29,999 - INFO - Fixed 953 duplicate timestamps
2025-04-14 04:56:30,020 - WARNING - Found 312 time reversals
2025-04-14 04:56:30,028 - INFO - Fixed 26 duplicate timestamps
2025-04-14 04:56:30,048 - INFO - Fixed 96 duplicate timestamps
2025-04-14 04:56:30,055 - WARNING - Found 28 time reversals
2025-04-14 04:56:30,082 - INFO - Fixed 430 duplicate timestamps
2025-04-14 04:56:30,090 - WARNING - Found 171 time reversals
2025-04-14 04:56:30,144 - INFO - Fixed 971 duplicate timestamps
2025-04-14 04:56:30,161 - WARNING - Found 431 time reversals
2025-04-14 04:56:30,181 - INFO - Fixed 123 duplicate timestamps
2025-04-14 04:56:30,191 - WARNING - Found 41 time reversals
2025-04-14 04:56:30,249 - INFO - Fixed 953 duplicate timestamps
2025-04-14 04:56:30,270 - WARNING - Found 312 time reversals
2025-04-14 04:56:30,276 - INFO - Fixed 2 duplicate timestamps
2025-04-14 04:56:30,295 - INFO - Fixed 72 duplicate timestamps
2025-04-14 04:56:30,298 - WARNING - Found 19 time reversals
2025-04-14 04:56:30,308 - INFO - Fixed 64 duplicate timestamps
2025-04-14 04:56:30,310 - WARNING - Found 14 time reversals
2025-04-14 04:56:30,314 - INFO - Fixed 6 duplicate timestamps
2025-04-14 04:56:30,369 - INFO - Fixed 953 duplicate timestamps
2025-04-14 04:56:30,389 - WARNING - Found 312 time reversals
2025-04-14 04:56:30,400 - INFO - Fixed 101 duplicate timestamps
2025-04-14 04:56:30,404 - WARNING - Found 37 time reversals
2025-04-14 04:56:30,436 - INFO - Fixed 501 duplicate timestamps
2025-04-14 04:56:30,447 - WARNING - Found 173 time reversals
2025-04-14 04:56:30,467 - INFO - Fixed 123 duplicate timestamps
2025-04-14 04:56:30,477 - WARNING - Found 41 time reversals
2025-04-14 04:56:30,536 - INFO - Fixed 953 duplicate timestamps
2025-04-14 04:56:30,557 - WARNING - Found 312 time reversals
2025-04-14 04:56:30,569 - INFO - Fixed 75 duplicate timestamps
2025-04-14 04:56:30,574 - WARNING - Found 27 time reversals
2025-04-14 04:56:30,580 - INFO - Fixed 8 duplicate timestamps
2025-04-14 04:56:30,587 - INFO - Fixed 1 duplicate timestamps
2025-04-14 04:56:30,607 - INFO - Fixed 252 duplicate timestamps
2025-04-14 04:56:30,611 - WARNING - Found 99 time reversals
2025-04-14 04:56:30,665 - INFO - Fixed 971 duplicate timestamps
2025-04-14 04:56:30,682 - WARNING - Found 431 time reversals
2025-04-14 04:56:30,737 - INFO - Fixed 953 duplicate timestamps
2025-04-14 04:56:30,758 - WARNING - Found 312 time reversals
2025-04-14 04:56:30,813 - INFO - Fixed 953 duplicate timestamps
2025-04-14 04:56:30,833 - WARNING - Found 312 time reversals
2025-04-14 04:56:30,849 - INFO - Fixed 252 duplicate timestamps
2025-04-14 04:56:30,853 - WARNING - Found 99 time reversals
2025-04-14 04:56:30,879 - INFO - Fixed 430 duplicate timestamps
2025-04-14 04:56:30,888 - WARNING - Found 171 time reversals
2025-04-14 04:56:30,895 - INFO - Fixed 51 duplicate timestamps
2025-04-14 04:56:30,912 - INFO - Fixed 252 duplicate timestamps
2025-04-14 04:56:30,916 - WARNING - Found 99 time reversals
2025-04-14 04:56:30,921 - INFO - Fixed 12 duplicate timestamps
2025-04-14 04:56:30,978 - INFO - Fixed 953 duplicate timestamps
2025-04-14 04:56:30,998 - WARNING - Found 312 time reversals
2025-04-14 04:56:31,006 - INFO - Fixed 42 duplicate timestamps
2025-04-14 04:56:31,063 - INFO - Fixed 953 duplicate timestamps
2025-04-14 04:56:31,083 - WARNING - Found 312 time reversals
2025-04-14 04:56:31,093 - INFO - Fixed 73 duplicate timestamps
2025-04-14 04:56:31,096 - WARNING - Found 18 time reversals
2025-04-14 04:56:31,122 - INFO - Fixed 430 duplicate timestamps
2025-04-14 04:56:31,131 - WARNING - Found 171 time reversals
2025-04-14 04:56:31,141 - INFO - Fixed 94 duplicate timestamps
2025-04-14 04:56:31,145 - WARNING - Found 21 time reversals
2025-04-14 04:56:31,172 - INFO - Fixed 430 duplicate timestamps
2025-04-14 04:56:31,181 - WARNING - Found 171 time reversals
2025-04-14 04:56:31,196 - INFO - Fixed 252 duplicate timestamps
2025-04-14 04:56:31,200 - WARNING - Found 99 time reversals
2025-04-14 04:56:31,226 - INFO - Fixed 443 duplicate timestamps
2025-04-14 04:56:31,236 - WARNING - Found 134 time reversals
2025-04-14 04:56:31,249 - INFO - Fixed 75 duplicate timestamps
2025-04-14 04:56:31,254 - WARNING - Found 27 time reversals
2025-04-14 04:56:31,269 - INFO - Fixed 101 duplicate timestamps
2025-04-14 04:56:31,275 - WARNING - Found 32 time reversals
2025-04-14 04:56:31,308 - INFO - Fixed 123 duplicate timestamps
2025-04-14 04:56:31,317 - WARNING - Found 41 time reversals
2025-04-14 04:56:31,324 - INFO - Fixed 28 duplicate timestamps
2025-04-14 04:56:31,326 - WARNING - Found 11 time reversals
2025-04-14 04:56:31,380 - INFO - Fixed 953 duplicate timestamps
2025-04-14 04:56:31,400 - WARNING - Found 312 time reversals
2025-04-14 04:56:31,457 - INFO - Fixed 953 duplicate timestamps
2025-04-14 04:56:31,477 - WARNING - Found 312 time reversals
2025-04-14 04:56:31,498 - INFO - Fixed 123 duplicate timestamps
2025-04-14 04:56:31,507 - WARNING - Found 41 time reversals
2025-04-14 04:56:31,562 - INFO - Fixed 953 duplicate timestamps
2025-04-14 04:56:31,582 - WARNING - Found 312 time reversals
2025-04-14 04:56:31,639 - INFO - Fixed 953 duplicate timestamps
2025-04-14 04:56:31,659 - WARNING - Found 312 time reversals
2025-04-14 04:56:31,680 - INFO - Fixed 123 duplicate timestamps
2025-04-14 04:56:31,689 - WARNING - Found 41 time reversals
2025-04-14 04:56:31,697 - INFO - Fixed 2 duplicate timestamps
2025-04-14 04:56:31,752 - INFO - Fixed 953 duplicate timestamps
2025-04-14 04:56:31,772 - WARNING - Found 312 time reversals
2025-04-14 04:56:31,828 - INFO - Fixed 953 duplicate timestamps
2025-04-14 04:56:31,848 - WARNING - Found 312 time reversals
2025-04-14 04:56:31,856 - INFO - Fixed 12 duplicate timestamps
2025-04-14 04:56:31,886 - INFO - Fixed 443 duplicate timestamps
2025-04-14 04:56:31,896 - WARNING - Found 134 time reversals
2025-04-14 04:56:31,901 - INFO - Fixed 1 duplicate timestamps
2025-04-14 04:56:31,957 - INFO - Fixed 953 duplicate timestamps
2025-04-14 04:56:31,977 - WARNING - Found 312 time reversals
2025-04-14 04:56:32,033 - INFO - Fixed 953 duplicate timestamps
2025-04-14 04:56:32,054 - WARNING - Found 312 time reversals
2025-04-14 04:56:32,061 - INFO - Fixed 9 duplicate timestamps
2025-04-14 04:56:32,078 - INFO - Fixed 252 duplicate timestamps
2025-04-14 04:56:32,082 - WARNING - Found 99 time reversals
2025-04-14 04:56:32,089 - INFO - Fixed 10 duplicate timestamps
2025-04-14 04:56:32,097 - INFO - Fixed 15 duplicate timestamps
2025-04-14 04:56:32,108 - INFO - Fixed 60 duplicate timestamps
2025-04-14 04:56:32,111 - WARNING - Found 11 time reversals
2025-04-14 04:56:32,124 - INFO - Fixed 86 duplicate timestamps
2025-04-14 04:56:32,127 - WARNING - Found 28 time reversals
2025-04-14 04:56:32,181 - INFO - Fixed 953 duplicate timestamps
2025-04-14 04:56:32,201 - WARNING - Found 312 time reversals
2025-04-14 04:56:32,257 - INFO - Fixed 953 duplicate timestamps
2025-04-14 04:56:32,277 - WARNING - Found 312 time reversals
2025-04-14 04:56:32,305 - INFO - Fixed 349 duplicate timestamps
2025-04-14 04:56:32,312 - WARNING - Found 148 time reversals
2025-04-14 04:56:32,316 - INFO - Fixed 3 duplicate timestamps
2025-04-14 04:56:32,371 - INFO - Fixed 953 duplicate timestamps
2025-04-14 04:56:32,391 - WARNING - Found 312 time reversals
2025-04-14 04:56:32,419 - INFO - Fixed 443 duplicate timestamps
2025-04-14 04:56:32,428 - WARNING - Found 134 time reversals
2025-04-14 04:56:32,455 - INFO - Fixed 443 duplicate timestamps
2025-04-14 04:56:32,465 - WARNING - Found 134 time reversals
2025-04-14 04:56:32,473 - INFO - Fixed 52 duplicate timestamps
2025-04-14 04:56:32,476 - WARNING - Found 17 time reversals
2025-04-14 04:56:32,502 - INFO - Fixed 430 duplicate timestamps
2025-04-14 04:56:32,511 - WARNING - Found 171 time reversals
2025-04-14 04:56:32,567 - INFO - Fixed 971 duplicate timestamps
2025-04-14 04:56:32,584 - WARNING - Found 431 time reversals
2025-04-14 04:56:32,610 - INFO - Fixed 397 duplicate timestamps
2025-04-14 04:56:32,618 - WARNING - Found 160 time reversals
2025-04-14 04:56:32,630 - INFO - Fixed 75 duplicate timestamps
2025-04-14 04:56:32,635 - WARNING - Found 27 time reversals
2025-04-14 04:56:32,644 - INFO - Fixed 7 duplicate timestamps
2025-04-14 04:56:32,700 - INFO - Fixed 953 duplicate timestamps
2025-04-14 04:56:32,721 - WARNING - Found 312 time reversals
2025-04-14 04:56:32,730 - INFO - Fixed 61 duplicate timestamps
2025-04-14 04:56:32,733 - WARNING - Found 15 time reversals
2025-04-14 04:56:32,787 - INFO - Fixed 953 duplicate timestamps
2025-04-14 04:56:32,808 - WARNING - Found 312 time reversals
2025-04-14 04:56:32,814 - INFO - Fixed 3 duplicate timestamps
2025-04-14 04:56:32,870 - INFO - Fixed 953 duplicate timestamps
2025-04-14 04:56:32,890 - WARNING - Found 312 time reversals
2025-04-14 04:56:32,896 - INFO - Fixed 1 duplicate timestamps
2025-04-14 04:56:32,904 - INFO - Fixed 5 duplicate timestamps
2025-04-14 04:56:32,916 - INFO - Fixed 29 duplicate timestamps
2025-04-14 04:56:32,917 - WARNING - Found 6 time reversals
2025-04-14 04:56:32,936 - INFO - Fixed 123 duplicate timestamps
2025-04-14 04:56:32,946 - WARNING - Found 41 time reversals
2025-04-14 04:56:32,970 - INFO - Fixed 369 duplicate timestamps
2025-04-14 04:56:32,978 - WARNING - Found 154 time reversals
2025-04-14 04:56:32,992 - INFO - Fixed 95 duplicate timestamps
2025-04-14 04:56:32,998 - WARNING - Found 28 time reversals
2025-04-14 04:56:33,002 - INFO - Fixed 3 duplicate timestamps
2025-04-14 04:56:33,009 - INFO - Fixed 64 duplicate timestamps
2025-04-14 04:56:33,010 - WARNING - Found 25 time reversals
2025-04-14 04:56:33,018 - INFO - Fixed 68 duplicate timestamps
2025-04-14 04:56:33,021 - WARNING - Found 17 time reversals
2025-04-14 04:56:33,080 - INFO - Fixed 953 duplicate timestamps
2025-04-14 04:56:33,100 - WARNING - Found 312 time reversals
2025-04-14 04:56:33,124 - INFO - Fixed 349 duplicate timestamps
2025-04-14 04:56:33,132 - WARNING - Found 148 time reversals
2025-04-14 04:56:33,140 - INFO - Fixed 55 duplicate timestamps
2025-04-14 04:56:33,170 - INFO - Fixed 443 duplicate timestamps
2025-04-14 04:56:33,179 - WARNING - Found 134 time reversals
2025-04-14 04:56:33,235 - INFO - Fixed 953 duplicate timestamps
2025-04-14 04:56:33,255 - WARNING - Found 312 time reversals
2025-04-14 04:56:33,288 - INFO - Fixed 468 duplicate timestamps
2025-04-14 04:56:33,299 - WARNING - Found 154 time reversals
2025-04-14 04:56:33,354 - INFO - Fixed 953 duplicate timestamps
2025-04-14 04:56:33,374 - WARNING - Found 312 time reversals
2025-04-14 04:56:33,387 - INFO - Fixed 75 duplicate timestamps
2025-04-14 04:56:33,392 - WARNING - Found 27 time reversals
2025-04-14 04:56:33,399 - INFO - Fixed 59 duplicate timestamps
2025-04-14 04:56:33,401 - WARNING - Found 22 time reversals
2025-04-14 04:56:33,455 - INFO - Fixed 953 duplicate timestamps
2025-04-14 04:56:33,475 - WARNING - Found 312 time reversals
2025-04-14 04:56:33,500 - INFO - Fixed 365 duplicate timestamps
2025-04-14 04:56:33,509 - WARNING - Found 169 time reversals
2025-04-14 04:56:33,510 - INFO - Dataset Statistics for subjects [38, 46]:
2025-04-14 04:56:33,510 - INFO - Total files: 689
2025-04-14 04:56:33,511 - INFO - Successfully processed: 579 (84.0%)
2025-04-14 04:56:33,511 - INFO - Errors: 110
2025-04-14 04:56:33,511 - INFO - Falls: 141 samples
2025-04-14 04:56:33,511 - INFO - Non-falls: 1801 samples
2025-04-14 04:56:33,511 - INFO - Activities distribution:
2025-04-14 04:56:33,511 - INFO -   Activity 1 (ADL): 38 files
2025-04-14 04:56:33,511 - INFO -   Activity 2 (ADL): 48 files
2025-04-14 04:56:33,511 - INFO -   Activity 3 (ADL): 60 files
2025-04-14 04:56:33,511 - INFO -   Activity 4 (ADL): 10 files
2025-04-14 04:56:33,511 - INFO -   Activity 5 (ADL): 55 files
2025-04-14 04:56:33,511 - INFO -   Activity 6 (ADL): 47 files
2025-04-14 04:56:33,511 - INFO -   Activity 7 (ADL): 46 files
2025-04-14 04:56:33,511 - INFO -   Activity 8 (ADL): 54 files
2025-04-14 04:56:33,511 - INFO -   Activity 9 (ADL): 52 files
2025-04-14 04:56:33,511 - INFO -   Activity 10 (Fall): 60 files
2025-04-14 04:56:33,511 - INFO -   Activity 11 (Fall): 50 files
2025-04-14 04:56:33,511 - INFO -   Activity 12 (Fall): 61 files
2025-04-14 04:56:33,511 - INFO -   Activity 13 (Fall): 53 files
2025-04-14 04:56:33,511 - INFO -   Activity 14 (Fall): 55 files
2025-04-14 04:56:35,945 - INFO - Fixed 10 duplicate timestamps
2025-04-14 04:56:35,949 - WARNING - Found 2 time reversals
2025-04-14 04:56:35,961 - INFO - Fixed 119 duplicate timestamps
2025-04-14 04:56:35,965 - WARNING - Found 38 time reversals
2025-04-14 04:56:35,973 - INFO - Fixed 72 duplicate timestamps
2025-04-14 04:56:35,975 - WARNING - Found 17 time reversals
2025-04-14 04:56:35,985 - INFO - Fixed 10 duplicate timestamps
2025-04-14 04:56:35,993 - INFO - Fixed 43 duplicate timestamps
2025-04-14 04:56:36,001 - INFO - Fixed 8 duplicate timestamps
2025-04-14 04:56:36,003 - WARNING - Found 1 time reversals
2025-04-14 04:56:36,010 - INFO - Fixed 7 duplicate timestamps
2025-04-14 04:56:36,012 - WARNING - Found 2 time reversals
2025-04-14 04:56:36,020 - INFO - Fixed 19 duplicate timestamps
2025-04-14 04:56:36,023 - WARNING - Found 7 time reversals
2025-04-14 04:56:36,029 - INFO - Fixed 7 duplicate timestamps
2025-04-14 04:56:36,037 - INFO - Fixed 8 duplicate timestamps
2025-04-14 04:56:36,040 - WARNING - Found 1 time reversals
2025-04-14 04:56:36,046 - INFO - Fixed 6 duplicate timestamps
2025-04-14 04:56:36,061 - INFO - Fixed 33 duplicate timestamps
2025-04-14 04:56:36,069 - INFO - Fixed 7 duplicate timestamps
2025-04-14 04:56:36,078 - INFO - Fixed 10 duplicate timestamps
2025-04-14 04:56:36,081 - WARNING - Found 1 time reversals
2025-04-14 04:56:36,091 - INFO - Fixed 98 duplicate timestamps
2025-04-14 04:56:36,093 - WARNING - Found 26 time reversals
2025-04-14 04:56:36,106 - INFO - Fixed 110 duplicate timestamps
2025-04-14 04:56:36,112 - WARNING - Found 40 time reversals
2025-04-14 04:56:36,116 - INFO - Fixed 2 duplicate timestamps
2025-04-14 04:56:36,127 - INFO - Fixed 15 duplicate timestamps
2025-04-14 04:56:36,130 - WARNING - Found 2 time reversals
2025-04-14 04:56:36,140 - INFO - Fixed 174 duplicate timestamps
2025-04-14 04:56:36,142 - WARNING - Found 64 time reversals
2025-04-14 04:56:36,154 - INFO - Fixed 51 duplicate timestamps
2025-04-14 04:56:36,168 - INFO - Fixed 6 duplicate timestamps
2025-04-14 04:56:36,179 - INFO - Fixed 22 duplicate timestamps
2025-04-14 04:56:36,181 - WARNING - Found 2 time reversals
2025-04-14 04:56:36,187 - INFO - Fixed 1 duplicate timestamps
2025-04-14 04:56:36,195 - INFO - Fixed 4 duplicate timestamps
2025-04-14 04:56:36,204 - INFO - Fixed 2 duplicate timestamps
2025-04-14 04:56:36,213 - INFO - Fixed 55 duplicate timestamps
2025-04-14 04:56:36,215 - WARNING - Found 13 time reversals
2025-04-14 04:56:36,231 - INFO - Fixed 135 duplicate timestamps
2025-04-14 04:56:36,238 - WARNING - Found 36 time reversals
2025-04-14 04:56:36,247 - INFO - Fixed 7 duplicate timestamps
2025-04-14 04:56:36,248 - WARNING - Found 1 time reversals
2025-04-14 04:56:36,259 - INFO - Fixed 83 duplicate timestamps
2025-04-14 04:56:36,264 - WARNING - Found 17 time reversals
2025-04-14 04:56:36,274 - INFO - Fixed 61 duplicate timestamps
2025-04-14 04:56:36,277 - WARNING - Found 21 time reversals
2025-04-14 04:56:36,283 - INFO - Fixed 11 duplicate timestamps
2025-04-14 04:56:36,292 - INFO - Fixed 9 duplicate timestamps
2025-04-14 04:56:36,307 - INFO - Fixed 164 duplicate timestamps
2025-04-14 04:56:36,310 - WARNING - Found 35 time reversals
2025-04-14 04:56:36,317 - INFO - Fixed 2 duplicate timestamps
2025-04-14 04:56:36,326 - INFO - Fixed 12 duplicate timestamps
2025-04-14 04:56:36,338 - INFO - Fixed 121 duplicate timestamps
2025-04-14 04:56:36,341 - WARNING - Found 41 time reversals
2025-04-14 04:56:36,352 - INFO - Fixed 11 duplicate timestamps
2025-04-14 04:56:36,354 - WARNING - Found 2 time reversals
2025-04-14 04:56:36,363 - INFO - Fixed 13 duplicate timestamps
2025-04-14 04:56:36,365 - WARNING - Found 2 time reversals
2025-04-14 04:56:36,370 - INFO - Fixed 14 duplicate timestamps
2025-04-14 04:56:36,371 - WARNING - Found 4 time reversals
2025-04-14 04:56:36,381 - INFO - Fixed 3 duplicate timestamps
2025-04-14 04:56:36,387 - INFO - Fixed 5 duplicate timestamps
2025-04-14 04:56:36,396 - INFO - Fixed 53 duplicate timestamps
2025-04-14 04:56:36,399 - WARNING - Found 10 time reversals
2025-04-14 04:56:36,406 - INFO - Fixed 53 duplicate timestamps
2025-04-14 04:56:36,419 - INFO - Fixed 73 duplicate timestamps
2025-04-14 04:56:36,423 - WARNING - Found 16 time reversals
2025-04-14 04:56:36,430 - INFO - Fixed 2 duplicate timestamps
2025-04-14 04:56:36,439 - INFO - Fixed 45 duplicate timestamps
2025-04-14 04:56:36,440 - WARNING - Found 13 time reversals
2025-04-14 04:56:36,452 - INFO - Fixed 15 duplicate timestamps
2025-04-14 04:56:36,456 - INFO - Dataset Statistics for subjects [39]:
2025-04-14 04:56:36,456 - INFO - Total files: 743
2025-04-14 04:56:36,456 - INFO - Successfully processed: 633 (85.2%)
2025-04-14 04:56:36,456 - INFO - Errors: 110
2025-04-14 04:56:36,456 - INFO - Falls: 76 samples
2025-04-14 04:56:36,456 - INFO - Non-falls: 585 samples
2025-04-14 04:56:36,456 - INFO - Activities distribution:
2025-04-14 04:56:36,456 - INFO -   Activity 1 (ADL): 41 files
2025-04-14 04:56:36,456 - INFO -   Activity 2 (ADL): 53 files
2025-04-14 04:56:36,456 - INFO -   Activity 3 (ADL): 65 files
2025-04-14 04:56:36,456 - INFO -   Activity 4 (ADL): 10 files
2025-04-14 04:56:36,456 - INFO -   Activity 5 (ADL): 60 files
2025-04-14 04:56:36,456 - INFO -   Activity 6 (ADL): 52 files
2025-04-14 04:56:36,456 - INFO -   Activity 7 (ADL): 50 files
2025-04-14 04:56:36,456 - INFO -   Activity 8 (ADL): 59 files
2025-04-14 04:56:36,456 - INFO -   Activity 9 (ADL): 57 files
2025-04-14 04:56:36,456 - INFO -   Activity 10 (Fall): 62 files
2025-04-14 04:56:36,456 - INFO -   Activity 11 (Fall): 54 files
2025-04-14 04:56:36,456 - INFO -   Activity 12 (Fall): 64 files
2025-04-14 04:56:36,456 - INFO -   Activity 13 (Fall): 56 files
2025-04-14 04:56:36,456 - INFO -   Activity 14 (Fall): 60 files
2025-04-14 04:56:36,819 - INFO - Data loaded - Train: 5028 samples
2025-04-14 04:56:36,821 - INFO - Val: 1942 samples
2025-04-14 04:56:36,821 - INFO - Test: 661 samples
2025-04-14 04:56:36,821 - INFO - Train class distribution - Non-falls: 3052, Falls: 1976
2025-04-14 04:56:36,821 - INFO - Val class distribution - Non-falls: 1801, Falls: 141
2025-04-14 04:56:36,821 - INFO - Test class distribution - Non-falls: 585, Falls: 76
/home/sww35/.local/lib/python3.9/site-packages/torch/optim/lr_scheduler.py:62: UserWarning: The verbose parameter is deprecated. Please use get_last_lr() to access the learning rate.
  warnings.warn(
  0%|                                                   | 0/158 [00:00<?, ?it/s] 11%|████▋                                    | 18/158 [00:00<00:00, 174.49it/s] 24%|█████████▊                               | 38/158 [00:00<00:00, 184.09it/s] 37%|███████████████                          | 58/158 [00:00<00:00, 187.20it/s] 49%|████████████████████▏                    | 78/158 [00:00<00:00, 188.71it/s] 62%|█████████████████████████▍               | 98/158 [00:00<00:00, 189.60it/s] 75%|█████████████████████████████▊          | 118/158 [00:00<00:00, 190.12it/s] 87%|██████████████████████████████████▉     | 138/158 [00:00<00:00, 190.09it/s]100%|████████████████████████████████████████| 158/158 [00:00<00:00, 180.22it/s]100%|████████████████████████████████████████| 158/158 [00:00<00:00, 184.68it/s]
2025-04-14 04:56:37,683 - INFO - Epoch 0: Training Loss: 0.0376, Acc: 53.58%, F1: 46.61%, Precision: 42.53%, Recall: 51.57%, AUC: 53.23%
2025-04-14 04:56:37,683 - INFO - Time consumption: [Data]24%, [Network]73%
2025-04-14 04:56:37,683 - INFO - Eval epoch: 0
  0%|                                                    | 0/61 [00:00<?, ?it/s] 59%|████████████████████████▊                 | 36/61 [00:00<00:00, 353.17it/s]100%|██████████████████████████████████████████| 61/61 [00:00<00:00, 371.64it/s]
2025-04-14 04:56:37,853 - INFO - Val Loss: 0.0364, Acc: 42.28%, F1: 9.96%, Precision: 5.62%, Recall: 43.97%, AUC: 43.06%
2025-04-14 04:56:37,930 - INFO - Weights Saved: F1 improved to 9.96%
  0%|                                                   | 0/158 [00:00<?, ?it/s] 11%|████▋                                    | 18/158 [00:00<00:00, 179.23it/s] 23%|█████████▌                               | 37/158 [00:00<00:00, 185.42it/s] 36%|██████████████▊                          | 57/158 [00:00<00:00, 187.58it/s] 48%|███████████████████▋                     | 76/158 [00:00<00:00, 188.46it/s] 61%|████████████████████████▉                | 96/158 [00:00<00:00, 189.04it/s] 73%|█████████████████████████████           | 115/158 [00:00<00:00, 188.72it/s] 85%|█████████████████████████████████▉      | 134/158 [00:00<00:00, 188.23it/s] 97%|██████████████████████████████████████▉ | 154/158 [00:00<00:00, 188.81it/s]100%|████████████████████████████████████████| 158/158 [00:00<00:00, 188.24it/s]
2025-04-14 04:56:38,775 - INFO - Epoch 1: Training Loss: 0.0261, Acc: 61.73%, F1: 54.47%, Precision: 51.16%, Recall: 58.25%, AUC: 61.12%
2025-04-14 04:56:38,775 - INFO - Time consumption: [Data]25%, [Network]73%
2025-04-14 04:56:38,775 - INFO - Eval epoch: 1
  0%|                                                    | 0/61 [00:00<?, ?it/s] 66%|███████████████████████████▌              | 40/61 [00:00<00:00, 398.56it/s]100%|██████████████████████████████████████████| 61/61 [00:00<00:00, 399.57it/s]
2025-04-14 04:56:38,933 - INFO - Val Loss: 0.0335, Acc: 55.25%, F1: 6.26%, Precision: 3.69%, Recall: 20.57%, AUC: 39.27%
  0%|                                                   | 0/158 [00:00<?, ?it/s] 12%|████▉                                    | 19/158 [00:00<00:00, 188.10it/s] 25%|██████████                               | 39/158 [00:00<00:00, 189.42it/s] 37%|███████████████▎                         | 59/158 [00:00<00:00, 189.89it/s] 50%|████████████████████▌                    | 79/158 [00:00<00:00, 190.10it/s] 63%|█████████████████████████▋               | 99/158 [00:00<00:00, 190.32it/s] 75%|██████████████████████████████▏         | 119/158 [00:00<00:00, 190.22it/s] 88%|███████████████████████████████████▏    | 139/158 [00:00<00:00, 188.21it/s]100%|████████████████████████████████████████| 158/158 [00:00<00:00, 189.34it/s]
2025-04-14 04:56:39,775 - INFO - Epoch 2: Training Loss: 0.0240, Acc: 66.25%, F1: 58.80%, Precision: 56.51%, Recall: 61.29%, AUC: 65.37%
2025-04-14 04:56:39,775 - INFO - Time consumption: [Data]25%, [Network]73%
2025-04-14 04:56:39,775 - INFO - Eval epoch: 2
  0%|                                                    | 0/61 [00:00<?, ?it/s] 66%|███████████████████████████▌              | 40/61 [00:00<00:00, 399.91it/s]100%|██████████████████████████████████████████| 61/61 [00:00<00:00, 400.35it/s]
2025-04-14 04:56:39,933 - INFO - Val Loss: 0.0381, Acc: 45.06%, F1: 8.41%, Precision: 4.79%, Recall: 34.75%, AUC: 40.31%
  0%|                                                   | 0/158 [00:00<?, ?it/s] 12%|████▉                                    | 19/158 [00:00<00:00, 189.34it/s] 25%|██████████                               | 39/158 [00:00<00:00, 190.34it/s] 37%|███████████████▎                         | 59/158 [00:00<00:00, 190.47it/s] 50%|████████████████████▌                    | 79/158 [00:00<00:00, 190.62it/s] 63%|█████████████████████████▋               | 99/158 [00:00<00:00, 190.73it/s] 75%|██████████████████████████████▏         | 119/158 [00:00<00:00, 190.83it/s] 88%|███████████████████████████████████▏    | 139/158 [00:00<00:00, 190.16it/s]100%|████████████████████████████████████████| 158/158 [00:00<00:00, 190.20it/s]
2025-04-14 04:56:40,773 - INFO - Epoch 3: Training Loss: 0.0226, Acc: 68.54%, F1: 61.79%, Precision: 59.10%, Recall: 64.73%, AUC: 67.86%
2025-04-14 04:56:40,773 - INFO - Time consumption: [Data]25%, [Network]73%
2025-04-14 04:56:40,773 - INFO - Eval epoch: 3
  0%|                                                    | 0/61 [00:00<?, ?it/s] 67%|████████████████████████████▏             | 41/61 [00:00<00:00, 400.91it/s]100%|██████████████████████████████████████████| 61/61 [00:00<00:00, 401.43it/s]
2025-04-14 04:56:40,930 - INFO - Val Loss: 0.0297, Acc: 50.26%, F1: 12.02%, Precision: 6.90%, Recall: 46.81%, AUC: 48.67%
2025-04-14 04:56:40,938 - INFO - Weights Saved: F1 improved to 12.02%
  0%|                                                   | 0/158 [00:00<?, ?it/s] 12%|████▉                                    | 19/158 [00:00<00:00, 188.10it/s] 24%|█████████▊                               | 38/158 [00:00<00:00, 188.42it/s] 37%|███████████████                          | 58/158 [00:00<00:00, 189.19it/s] 49%|████████████████████▏                    | 78/158 [00:00<00:00, 189.58it/s] 62%|█████████████████████████▍               | 98/158 [00:00<00:00, 189.89it/s] 75%|█████████████████████████████▊          | 118/158 [00:00<00:00, 190.00it/s] 87%|██████████████████████████████████▋     | 137/158 [00:00<00:00, 189.98it/s] 99%|███████████████████████████████████████▍| 156/158 [00:00<00:00, 189.02it/s]100%|████████████████████████████████████████| 158/158 [00:00<00:00, 189.46it/s]
2025-04-14 04:56:41,779 - INFO - Epoch 4: Training Loss: 0.0220, Acc: 70.07%, F1: 64.76%, Precision: 60.26%, Recall: 69.99%, AUC: 70.05%
2025-04-14 04:56:41,779 - INFO - Time consumption: [Data]25%, [Network]73%
2025-04-14 04:56:41,780 - INFO - Eval epoch: 4
  0%|                                                    | 0/61 [00:00<?, ?it/s] 67%|████████████████████████████▏             | 41/61 [00:00<00:00, 400.10it/s]100%|██████████████████████████████████████████| 61/61 [00:00<00:00, 400.92it/s]
2025-04-14 04:56:41,936 - INFO - Val Loss: 0.0300, Acc: 45.83%, F1: 11.74%, Precision: 6.66%, Recall: 49.65%, AUC: 47.59%
  0%|                                                   | 0/158 [00:00<?, ?it/s] 12%|████▉                                    | 19/158 [00:00<00:00, 189.25it/s] 25%|██████████                               | 39/158 [00:00<00:00, 190.29it/s] 37%|███████████████▎                         | 59/158 [00:00<00:00, 190.56it/s] 50%|████████████████████▌                    | 79/158 [00:00<00:00, 190.64it/s] 63%|█████████████████████████▋               | 99/158 [00:00<00:00, 190.75it/s] 75%|██████████████████████████████▏         | 119/158 [00:00<00:00, 190.84it/s] 88%|███████████████████████████████████▏    | 139/158 [00:00<00:00, 190.73it/s]100%|████████████████████████████████████████| 158/158 [00:00<00:00, 190.41it/s]
2025-04-14 04:56:42,774 - INFO - Epoch 5: Training Loss: 0.0210, Acc: 70.70%, F1: 65.25%, Precision: 61.11%, Recall: 69.99%, AUC: 70.58%
2025-04-14 04:56:42,774 - INFO - Time consumption: [Data]25%, [Network]73%
2025-04-14 04:56:42,774 - INFO - Eval epoch: 5
  0%|                                                    | 0/61 [00:00<?, ?it/s] 66%|███████████████████████████▌              | 40/61 [00:00<00:00, 399.75it/s]100%|██████████████████████████████████████████| 61/61 [00:00<00:00, 400.31it/s]
2025-04-14 04:56:42,931 - INFO - Val Loss: 0.0325, Acc: 54.27%, F1: 15.75%, Precision: 9.09%, Recall: 58.87%, AUC: 56.39%
2025-04-14 04:56:42,939 - INFO - Weights Saved: F1 improved to 15.75%
  0%|                                                   | 0/158 [00:00<?, ?it/s] 12%|████▉                                    | 19/158 [00:00<00:00, 188.63it/s] 25%|██████████                               | 39/158 [00:00<00:00, 189.56it/s] 37%|███████████████                          | 58/158 [00:00<00:00, 189.57it/s] 49%|████████████████████▏                    | 78/158 [00:00<00:00, 189.82it/s] 61%|█████████████████████████▏               | 97/158 [00:00<00:00, 189.83it/s] 73%|█████████████████████████████▎          | 116/158 [00:00<00:00, 189.83it/s] 85%|██████████████████████████████████▏     | 135/158 [00:00<00:00, 189.75it/s] 97%|██████████████████████████████████████▉ | 154/158 [00:00<00:00, 188.78it/s]100%|████████████████████████████████████████| 158/158 [00:00<00:00, 189.46it/s]
2025-04-14 04:56:43,778 - INFO - Epoch 6: Training Loss: 0.0204, Acc: 71.90%, F1: 67.24%, Precision: 62.05%, Recall: 73.38%, AUC: 72.16%
2025-04-14 04:56:43,778 - INFO - Time consumption: [Data]25%, [Network]73%
2025-04-14 04:56:43,778 - INFO - Eval epoch: 6
  0%|                                                    | 0/61 [00:00<?, ?it/s] 66%|███████████████████████████▌              | 40/61 [00:00<00:00, 398.41it/s]100%|██████████████████████████████████████████| 61/61 [00:00<00:00, 399.30it/s]
2025-04-14 04:56:43,936 - INFO - Val Loss: 0.0330, Acc: 53.66%, F1: 12.45%, Precision: 7.22%, Recall: 45.39%, AUC: 49.85%
  0%|                                                   | 0/158 [00:00<?, ?it/s] 12%|████▉                                    | 19/158 [00:00<00:00, 188.99it/s] 25%|██████████                               | 39/158 [00:00<00:00, 190.07it/s] 37%|███████████████▎                         | 59/158 [00:00<00:00, 190.54it/s] 50%|████████████████████▌                    | 79/158 [00:00<00:00, 190.67it/s] 63%|█████████████████████████▋               | 99/158 [00:00<00:00, 190.73it/s] 75%|██████████████████████████████▏         | 119/158 [00:00<00:00, 190.78it/s] 88%|███████████████████████████████████▏    | 139/158 [00:00<00:00, 189.83it/s]100%|████████████████████████████████████████| 158/158 [00:00<00:00, 189.28it/s]100%|████████████████████████████████████████| 158/158 [00:00<00:00, 189.88it/s]
2025-04-14 04:56:44,775 - INFO - Epoch 7: Training Loss: 0.0200, Acc: 72.57%, F1: 67.92%, Precision: 62.85%, Recall: 73.89%, AUC: 72.81%
2025-04-14 04:56:44,775 - INFO - Time consumption: [Data]25%, [Network]73%
2025-04-14 04:56:44,775 - INFO - Eval epoch: 7
  0%|                                                    | 0/61 [00:00<?, ?it/s] 66%|███████████████████████████▌              | 40/61 [00:00<00:00, 399.45it/s]100%|██████████████████████████████████████████| 61/61 [00:00<00:00, 400.39it/s]
2025-04-14 04:56:44,932 - INFO - Val Loss: 0.0245, Acc: 49.64%, F1: 18.64%, Precision: 10.56%, Recall: 79.43%, AUC: 63.37%
2025-04-14 04:56:44,940 - INFO - Weights Saved: F1 improved to 18.64%
  0%|                                                   | 0/158 [00:00<?, ?it/s] 12%|████▉                                    | 19/158 [00:00<00:00, 187.70it/s] 24%|█████████▊                               | 38/158 [00:00<00:00, 188.97it/s] 36%|██████████████▊                          | 57/158 [00:00<00:00, 189.39it/s] 48%|███████████████████▋                     | 76/158 [00:00<00:00, 189.51it/s] 61%|████████████████████████▉                | 96/158 [00:00<00:00, 189.73it/s] 73%|█████████████████████████████▎          | 116/158 [00:00<00:00, 190.01it/s] 85%|██████████████████████████████████▏     | 135/158 [00:00<00:00, 189.68it/s] 97%|██████████████████████████████████████▉ | 154/158 [00:00<00:00, 188.91it/s]100%|████████████████████████████████████████| 158/158 [00:00<00:00, 189.42it/s]
2025-04-14 04:56:45,779 - INFO - Epoch 8: Training Loss: 0.0200, Acc: 73.09%, F1: 69.13%, Precision: 62.94%, Recall: 76.67%, AUC: 73.72%
2025-04-14 04:56:45,779 - INFO - Time consumption: [Data]25%, [Network]73%
2025-04-14 04:56:45,779 - INFO - Eval epoch: 8
  0%|                                                    | 0/61 [00:00<?, ?it/s] 67%|████████████████████████████▏             | 41/61 [00:00<00:00, 400.40it/s]100%|██████████████████████████████████████████| 61/61 [00:00<00:00, 401.23it/s]
2025-04-14 04:56:45,936 - INFO - Val Loss: 0.0378, Acc: 44.90%, F1: 17.31%, Precision: 9.71%, Recall: 79.43%, AUC: 60.82%
  0%|                                                   | 0/158 [00:00<?, ?it/s] 12%|████▉                                    | 19/158 [00:00<00:00, 188.98it/s] 25%|██████████                               | 39/158 [00:00<00:00, 189.85it/s] 37%|███████████████▎                         | 59/158 [00:00<00:00, 190.31it/s] 50%|████████████████████▌                    | 79/158 [00:00<00:00, 190.40it/s] 63%|█████████████████████████▋               | 99/158 [00:00<00:00, 190.56it/s] 75%|██████████████████████████████▏         | 119/158 [00:00<00:00, 190.67it/s] 88%|███████████████████████████████████▏    | 139/158 [00:00<00:00, 190.32it/s]100%|████████████████████████████████████████| 158/158 [00:00<00:00, 190.08it/s]
2025-04-14 04:56:46,773 - INFO - Epoch 9: Training Loss: 0.0192, Acc: 74.16%, F1: 69.18%, Precision: 65.12%, Recall: 73.79%, AUC: 74.10%
2025-04-14 04:56:46,773 - INFO - Time consumption: [Data]25%, [Network]73%
2025-04-14 04:56:46,773 - INFO - Eval epoch: 9
  0%|                                                    | 0/61 [00:00<?, ?it/s] 67%|████████████████████████████▏             | 41/61 [00:00<00:00, 401.80it/s]100%|██████████████████████████████████████████| 61/61 [00:00<00:00, 402.14it/s]
2025-04-14 04:56:46,930 - INFO - Val Loss: 0.0323, Acc: 55.61%, F1: 19.29%, Precision: 11.11%, Recall: 73.05%, AUC: 63.65%
2025-04-14 04:56:46,937 - INFO - Weights Saved: F1 improved to 19.29%
  0%|                                                   | 0/158 [00:00<?, ?it/s] 12%|████▉                                    | 19/158 [00:00<00:00, 188.17it/s] 24%|█████████▊                               | 38/158 [00:00<00:00, 189.19it/s] 37%|███████████████                          | 58/158 [00:00<00:00, 189.59it/s] 49%|███████████████████▉                     | 77/158 [00:00<00:00, 189.72it/s] 61%|████████████████████████▉                | 96/158 [00:00<00:00, 189.78it/s] 73%|█████████████████████████████▎          | 116/158 [00:00<00:00, 189.97it/s] 86%|██████████████████████████████████▍     | 136/158 [00:00<00:00, 190.09it/s] 99%|███████████████████████████████████████▍| 156/158 [00:00<00:00, 190.01it/s]100%|████████████████████████████████████████| 158/158 [00:00<00:00, 189.57it/s]
2025-04-14 04:56:47,776 - INFO - Epoch 10: Training Loss: 0.0190, Acc: 73.77%, F1: 69.38%, Precision: 64.09%, Recall: 75.61%, AUC: 74.09%
2025-04-14 04:56:47,776 - INFO - Time consumption: [Data]25%, [Network]73%
2025-04-14 04:56:47,776 - INFO - Eval epoch: 10
  0%|                                                    | 0/61 [00:00<?, ?it/s] 66%|███████████████████████████▌              | 40/61 [00:00<00:00, 399.91it/s]100%|██████████████████████████████████████████| 61/61 [00:00<00:00, 400.68it/s]
2025-04-14 04:56:47,934 - INFO - Val Loss: 0.0283, Acc: 59.53%, F1: 17.44%, Precision: 10.23%, Recall: 58.87%, AUC: 59.22%
  0%|                                                   | 0/158 [00:00<?, ?it/s] 12%|████▉                                    | 19/158 [00:00<00:00, 189.02it/s] 25%|██████████                               | 39/158 [00:00<00:00, 190.09it/s] 37%|███████████████▎                         | 59/158 [00:00<00:00, 190.38it/s] 50%|████████████████████▌                    | 79/158 [00:00<00:00, 190.45it/s] 63%|█████████████████████████▋               | 99/158 [00:00<00:00, 190.52it/s] 75%|██████████████████████████████▏         | 119/158 [00:00<00:00, 190.56it/s] 88%|███████████████████████████████████▏    | 139/158 [00:00<00:00, 190.60it/s]100%|████████████████████████████████████████| 158/158 [00:00<00:00, 190.40it/s]
2025-04-14 04:56:48,773 - INFO - Epoch 11: Training Loss: 0.0188, Acc: 74.78%, F1: 70.25%, Precision: 65.49%, Recall: 75.76%, AUC: 74.95%
2025-04-14 04:56:48,773 - INFO - Time consumption: [Data]25%, [Network]73%
2025-04-14 04:56:48,773 - INFO - Eval epoch: 11
  0%|                                                    | 0/61 [00:00<?, ?it/s] 67%|████████████████████████████▏             | 41/61 [00:00<00:00, 400.33it/s]100%|██████████████████████████████████████████| 61/61 [00:00<00:00, 400.89it/s]
2025-04-14 04:56:48,930 - INFO - Val Loss: 0.0278, Acc: 60.35%, F1: 20.29%, Precision: 11.88%, Recall: 69.50%, AUC: 64.57%
2025-04-14 04:56:48,937 - INFO - Weights Saved: F1 improved to 20.29%
  0%|                                                   | 0/158 [00:00<?, ?it/s] 12%|████▉                                    | 19/158 [00:00<00:00, 188.32it/s] 25%|██████████                               | 39/158 [00:00<00:00, 189.35it/s] 37%|███████████████                          | 58/158 [00:00<00:00, 189.64it/s] 49%|████████████████████▏                    | 78/158 [00:00<00:00, 189.82it/s] 61%|█████████████████████████▏               | 97/158 [00:00<00:00, 189.74it/s] 74%|█████████████████████████████▌          | 117/158 [00:00<00:00, 189.85it/s] 87%|██████████████████████████████████▋     | 137/158 [00:00<00:00, 190.02it/s] 99%|███████████████████████████████████████▋| 157/158 [00:00<00:00, 188.70it/s]100%|████████████████████████████████████████| 158/158 [00:00<00:00, 189.04it/s]
2025-04-14 04:56:49,778 - INFO - Epoch 12: Training Loss: 0.0180, Acc: 75.78%, F1: 71.11%, Precision: 66.92%, Recall: 75.86%, AUC: 75.79%
2025-04-14 04:56:49,779 - INFO - Time consumption: [Data]25%, [Network]73%
2025-04-14 04:56:49,779 - INFO - Eval epoch: 12
  0%|                                                    | 0/61 [00:00<?, ?it/s] 66%|███████████████████████████▌              | 40/61 [00:00<00:00, 399.93it/s]100%|██████████████████████████████████████████| 61/61 [00:00<00:00, 400.83it/s]
2025-04-14 04:56:49,936 - INFO - Val Loss: 0.0333, Acc: 50.51%, F1: 17.08%, Precision: 9.72%, Recall: 70.21%, AUC: 59.59%
  0%|                                                   | 0/158 [00:00<?, ?it/s] 12%|████▉                                    | 19/158 [00:00<00:00, 188.59it/s] 25%|██████████                               | 39/158 [00:00<00:00, 189.71it/s] 37%|███████████████▎                         | 59/158 [00:00<00:00, 190.03it/s] 50%|████████████████████▌                    | 79/158 [00:00<00:00, 190.22it/s] 63%|█████████████████████████▋               | 99/158 [00:00<00:00, 190.31it/s] 75%|██████████████████████████████▏         | 119/158 [00:00<00:00, 190.39it/s] 88%|███████████████████████████████████▏    | 139/158 [00:00<00:00, 190.46it/s]100%|████████████████████████████████████████| 158/158 [00:00<00:00, 190.29it/s]
2025-04-14 04:56:50,774 - INFO - Epoch 13: Training Loss: 0.0189, Acc: 74.38%, F1: 70.14%, Precision: 64.71%, Recall: 76.57%, AUC: 74.77%
2025-04-14 04:56:50,774 - INFO - Time consumption: [Data]25%, [Network]73%
2025-04-14 04:56:50,774 - INFO - Eval epoch: 13
  0%|                                                    | 0/61 [00:00<?, ?it/s] 66%|███████████████████████████▌              | 40/61 [00:00<00:00, 399.84it/s]100%|██████████████████████████████████████████| 61/61 [00:00<00:00, 400.48it/s]
2025-04-14 04:56:50,931 - INFO - Val Loss: 0.0299, Acc: 46.09%, F1: 17.49%, Precision: 9.84%, Recall: 78.72%, AUC: 61.13%
  0%|                                                   | 0/158 [00:00<?, ?it/s] 12%|████▉                                    | 19/158 [00:00<00:00, 188.92it/s] 25%|██████████                               | 39/158 [00:00<00:00, 189.78it/s] 37%|███████████████▎                         | 59/158 [00:00<00:00, 190.17it/s] 50%|████████████████████▌                    | 79/158 [00:00<00:00, 190.26it/s] 63%|█████████████████████████▋               | 99/158 [00:00<00:00, 190.40it/s] 75%|██████████████████████████████▏         | 119/158 [00:00<00:00, 190.37it/s] 88%|███████████████████████████████████▏    | 139/158 [00:00<00:00, 190.45it/s]100%|████████████████████████████████████████| 158/158 [00:00<00:00, 190.34it/s]
2025-04-14 04:56:51,768 - INFO - Epoch 14: Training Loss: 0.0183, Acc: 75.42%, F1: 71.65%, Precision: 65.52%, Recall: 79.05%, AUC: 76.06%
2025-04-14 04:56:51,768 - INFO - Time consumption: [Data]25%, [Network]73%
2025-04-14 04:56:51,769 - INFO - Eval epoch: 14
  0%|                                                    | 0/61 [00:00<?, ?it/s] 67%|████████████████████████████▏             | 41/61 [00:00<00:00, 400.62it/s]100%|██████████████████████████████████████████| 61/61 [00:00<00:00, 401.20it/s]
2025-04-14 04:56:51,925 - INFO - Val Loss: 0.0322, Acc: 46.14%, F1: 17.38%, Precision: 9.78%, Recall: 78.01%, AUC: 60.83%
  0%|                                                   | 0/158 [00:00<?, ?it/s] 12%|████▉                                    | 19/158 [00:00<00:00, 188.89it/s] 25%|██████████                               | 39/158 [00:00<00:00, 189.94it/s] 37%|███████████████▎                         | 59/158 [00:00<00:00, 190.21it/s] 50%|████████████████████▌                    | 79/158 [00:00<00:00, 190.33it/s] 63%|█████████████████████████▋               | 99/158 [00:00<00:00, 190.48it/s] 75%|██████████████████████████████▏         | 119/158 [00:00<00:00, 190.57it/s] 88%|███████████████████████████████████▏    | 139/158 [00:00<00:00, 190.60it/s]100%|████████████████████████████████████████| 158/158 [00:00<00:00, 190.39it/s]
2025-04-14 04:56:52,763 - INFO - Epoch 15: Training Loss: 0.0177, Acc: 75.34%, F1: 71.77%, Precision: 65.23%, Recall: 79.76%, AUC: 76.12%
2025-04-14 04:56:52,763 - INFO - Time consumption: [Data]25%, [Network]73%
2025-04-14 04:56:52,763 - INFO - Eval epoch: 15
  0%|                                                    | 0/61 [00:00<?, ?it/s] 66%|███████████████████████████▌              | 40/61 [00:00<00:00, 399.99it/s]100%|██████████████████████████████████████████| 61/61 [00:00<00:00, 400.49it/s]
2025-04-14 04:56:52,920 - INFO - Val Loss: 0.0303, Acc: 47.79%, F1: 16.34%, Precision: 9.24%, Recall: 70.21%, AUC: 58.12%
  0%|                                                   | 0/158 [00:00<?, ?it/s] 12%|████▉                                    | 19/158 [00:00<00:00, 188.42it/s] 25%|██████████                               | 39/158 [00:00<00:00, 189.54it/s] 37%|███████████████▎                         | 59/158 [00:00<00:00, 189.92it/s] 50%|████████████████████▌                    | 79/158 [00:00<00:00, 190.20it/s] 63%|█████████████████████████▋               | 99/158 [00:00<00:00, 190.21it/s] 75%|██████████████████████████████▏         | 119/158 [00:00<00:00, 190.32it/s] 88%|███████████████████████████████████▏    | 139/158 [00:00<00:00, 190.40it/s]100%|████████████████████████████████████████| 158/158 [00:00<00:00, 190.15it/s]
2025-04-14 04:56:53,758 - INFO - Epoch 16: Training Loss: 0.0181, Acc: 75.76%, F1: 71.70%, Precision: 66.24%, Recall: 78.14%, AUC: 76.18%
2025-04-14 04:56:53,758 - INFO - Time consumption: [Data]25%, [Network]73%
2025-04-14 04:56:53,758 - INFO - Eval epoch: 16
  0%|                                                    | 0/61 [00:00<?, ?it/s] 66%|███████████████████████████▌              | 40/61 [00:00<00:00, 399.18it/s]100%|██████████████████████████████████████████| 61/61 [00:00<00:00, 399.80it/s]
2025-04-14 04:56:53,916 - INFO - Val Loss: 0.0356, Acc: 45.42%, F1: 17.32%, Precision: 9.73%, Recall: 78.72%, AUC: 60.77%
  0%|                                                   | 0/158 [00:00<?, ?it/s] 12%|████▉                                    | 19/158 [00:00<00:00, 188.84it/s] 25%|██████████                               | 39/158 [00:00<00:00, 189.90it/s] 37%|███████████████▎                         | 59/158 [00:00<00:00, 190.21it/s] 50%|████████████████████▌                    | 79/158 [00:00<00:00, 190.36it/s] 63%|█████████████████████████▋               | 99/158 [00:00<00:00, 190.56it/s] 75%|██████████████████████████████▏         | 119/158 [00:00<00:00, 190.52it/s] 88%|███████████████████████████████████▏    | 139/158 [00:00<00:00, 190.53it/s]100%|████████████████████████████████████████| 158/158 [00:00<00:00, 190.07it/s]
2025-04-14 04:56:54,766 - INFO - Epoch 17: Training Loss: 0.0174, Acc: 75.82%, F1: 71.97%, Precision: 66.09%, Recall: 79.00%, AUC: 76.38%
2025-04-14 04:56:54,772 - INFO - Time consumption: [Data]25%, [Network]73%
2025-04-14 04:56:54,774 - INFO - Eval epoch: 17
  0%|                                                    | 0/61 [00:00<?, ?it/s] 66%|███████████████████████████▌              | 40/61 [00:00<00:00, 393.73it/s]100%|██████████████████████████████████████████| 61/61 [00:00<00:00, 391.30it/s]
2025-04-14 04:56:54,948 - INFO - Val Loss: 0.0250, Acc: 56.69%, F1: 18.43%, Precision: 10.67%, Recall: 67.38%, AUC: 61.62%
  0%|                                                   | 0/158 [00:00<?, ?it/s] 12%|████▉                                    | 19/158 [00:00<00:00, 188.75it/s] 25%|██████████                               | 39/158 [00:00<00:00, 189.81it/s] 37%|███████████████▎                         | 59/158 [00:00<00:00, 190.13it/s] 50%|████████████████████▌                    | 79/158 [00:00<00:00, 190.29it/s] 63%|█████████████████████████▋               | 99/158 [00:00<00:00, 190.40it/s] 75%|██████████████████████████████▏         | 119/158 [00:00<00:00, 190.44it/s] 88%|███████████████████████████████████▏    | 139/158 [00:00<00:00, 190.51it/s]100%|████████████████████████████████████████| 158/158 [00:00<00:00, 190.47it/s]
2025-04-14 04:56:55,788 - INFO - Epoch 18: Training Loss: 0.0169, Acc: 76.27%, F1: 72.31%, Precision: 66.78%, Recall: 78.85%, AUC: 76.73%
2025-04-14 04:56:55,788 - INFO - Time consumption: [Data]25%, [Network]73%
2025-04-14 04:56:55,788 - INFO - Eval epoch: 18
  0%|                                                    | 0/61 [00:00<?, ?it/s] 66%|███████████████████████████▌              | 40/61 [00:00<00:00, 398.24it/s]100%|██████████████████████████████████████████| 61/61 [00:00<00:00, 394.04it/s]
2025-04-14 04:56:55,948 - INFO - Val Loss: 0.0284, Acc: 61.79%, F1: 19.70%, Precision: 11.62%, Recall: 64.54%, AUC: 63.06%
  0%|                                                   | 0/158 [00:00<?, ?it/s] 12%|████▉                                    | 19/158 [00:00<00:00, 189.05it/s] 25%|██████████                               | 39/158 [00:00<00:00, 190.00it/s] 37%|███████████████▎                         | 59/158 [00:00<00:00, 190.26it/s] 50%|████████████████████▌                    | 79/158 [00:00<00:00, 190.49it/s] 63%|█████████████████████████▋               | 99/158 [00:00<00:00, 190.56it/s] 75%|██████████████████████████████▏         | 119/158 [00:00<00:00, 190.56it/s] 88%|███████████████████████████████████▏    | 139/158 [00:00<00:00, 190.70it/s]100%|████████████████████████████████████████| 158/158 [00:00<00:00, 190.65it/s]
2025-04-14 04:56:56,782 - INFO - Epoch 19: Training Loss: 0.0167, Acc: 77.92%, F1: 73.80%, Precision: 69.16%, Recall: 79.10%, AUC: 78.13%
2025-04-14 04:56:56,782 - INFO - Time consumption: [Data]25%, [Network]73%
2025-04-14 04:56:56,782 - INFO - Eval epoch: 19
  0%|                                                    | 0/61 [00:00<?, ?it/s] 66%|███████████████████████████▌              | 40/61 [00:00<00:00, 397.75it/s]100%|██████████████████████████████████████████| 61/61 [00:00<00:00, 393.66it/s]
2025-04-14 04:56:56,942 - INFO - Val Loss: 0.0351, Acc: 49.59%, F1: 17.10%, Precision: 9.71%, Recall: 71.63%, AUC: 59.75%
  0%|                                                   | 0/158 [00:00<?, ?it/s] 12%|████▉                                    | 19/158 [00:00<00:00, 188.56it/s] 25%|██████████                               | 39/158 [00:00<00:00, 189.66it/s] 37%|███████████████▎                         | 59/158 [00:00<00:00, 190.01it/s] 50%|████████████████████▌                    | 79/158 [00:00<00:00, 190.26it/s] 63%|█████████████████████████▋               | 99/158 [00:00<00:00, 190.31it/s] 75%|██████████████████████████████▏         | 119/158 [00:00<00:00, 190.36it/s] 88%|███████████████████████████████████▏    | 139/158 [00:00<00:00, 190.43it/s]100%|████████████████████████████████████████| 158/158 [00:00<00:00, 190.42it/s]
2025-04-14 04:56:57,777 - INFO - Epoch 20: Training Loss: 0.0165, Acc: 78.56%, F1: 74.61%, Precision: 69.78%, Recall: 80.16%, AUC: 78.84%
2025-04-14 04:56:57,777 - INFO - Time consumption: [Data]25%, [Network]73%
2025-04-14 04:56:57,778 - INFO - Eval epoch: 20
  0%|                                                    | 0/61 [00:00<?, ?it/s] 66%|███████████████████████████▌              | 40/61 [00:00<00:00, 394.80it/s]100%|██████████████████████████████████████████| 61/61 [00:00<00:00, 390.78it/s]
2025-04-14 04:56:57,939 - INFO - Val Loss: 0.0322, Acc: 58.60%, F1: 18.79%, Precision: 10.95%, Recall: 65.96%, AUC: 61.99%
  0%|                                                   | 0/158 [00:00<?, ?it/s] 12%|████▉                                    | 19/158 [00:00<00:00, 188.84it/s] 25%|██████████                               | 39/158 [00:00<00:00, 189.84it/s] 37%|███████████████▎                         | 59/158 [00:00<00:00, 190.17it/s] 50%|████████████████████▌                    | 79/158 [00:00<00:00, 190.32it/s] 63%|█████████████████████████▋               | 99/158 [00:00<00:00, 190.35it/s] 75%|██████████████████████████████▏         | 119/158 [00:00<00:00, 190.45it/s] 88%|███████████████████████████████████▏    | 139/158 [00:00<00:00, 190.55it/s]100%|████████████████████████████████████████| 158/158 [00:00<00:00, 190.54it/s]
2025-04-14 04:56:58,775 - INFO - Epoch 21: Training Loss: 0.0170, Acc: 77.78%, F1: 73.36%, Precision: 69.37%, Recall: 77.83%, AUC: 77.79%
2025-04-14 04:56:58,776 - INFO - Time consumption: [Data]25%, [Network]73%
2025-04-14 04:56:58,776 - INFO - Eval epoch: 21
  0%|                                                    | 0/61 [00:00<?, ?it/s] 66%|███████████████████████████▌              | 40/61 [00:00<00:00, 397.53it/s]100%|██████████████████████████████████████████| 61/61 [00:00<00:00, 393.28it/s]
2025-04-14 04:56:58,936 - INFO - Val Loss: 0.0300, Acc: 51.13%, F1: 15.64%, Precision: 8.94%, Recall: 62.41%, AUC: 56.33%
  0%|                                                   | 0/158 [00:00<?, ?it/s] 12%|████▉                                    | 19/158 [00:00<00:00, 189.06it/s] 25%|██████████                               | 39/158 [00:00<00:00, 189.98it/s] 37%|███████████████▎                         | 59/158 [00:00<00:00, 190.30it/s] 50%|████████████████████▌                    | 79/158 [00:00<00:00, 190.51it/s] 63%|█████████████████████████▋               | 99/158 [00:00<00:00, 190.61it/s] 75%|██████████████████████████████▏         | 119/158 [00:00<00:00, 190.63it/s] 88%|███████████████████████████████████▏    | 139/158 [00:00<00:00, 190.66it/s]100%|████████████████████████████████████████| 158/158 [00:00<00:00, 190.27it/s]
2025-04-14 04:56:59,772 - INFO - Epoch 22: Training Loss: 0.0169, Acc: 78.34%, F1: 74.67%, Precision: 69.09%, Recall: 81.22%, AUC: 78.85%
2025-04-14 04:56:59,772 - INFO - Time consumption: [Data]25%, [Network]73%
2025-04-14 04:56:59,772 - INFO - Eval epoch: 22
  0%|                                                    | 0/61 [00:00<?, ?it/s] 66%|███████████████████████████▌              | 40/61 [00:00<00:00, 394.96it/s]100%|██████████████████████████████████████████| 61/61 [00:00<00:00, 389.41it/s]
2025-04-14 04:56:59,934 - INFO - Val Loss: 0.0274, Acc: 60.25%, F1: 18.39%, Precision: 10.81%, Recall: 61.70%, AUC: 60.92%
  0%|                                                   | 0/158 [00:00<?, ?it/s] 12%|████▉                                    | 19/158 [00:00<00:00, 188.02it/s] 24%|█████████▊                               | 38/158 [00:00<00:00, 189.17it/s] 37%|███████████████                          | 58/158 [00:00<00:00, 189.65it/s] 49%|████████████████████▏                    | 78/158 [00:00<00:00, 189.84it/s] 62%|█████████████████████████▍               | 98/158 [00:00<00:00, 190.02it/s] 75%|█████████████████████████████▊          | 118/158 [00:00<00:00, 190.24it/s] 87%|██████████████████████████████████▉     | 138/158 [00:00<00:00, 190.33it/s]100%|████████████████████████████████████████| 158/158 [00:00<00:00, 190.76it/s]100%|████████████████████████████████████████| 158/158 [00:00<00:00, 190.16it/s]
2025-04-14 04:57:00,771 - INFO - Epoch 23: Training Loss: 0.0159, Acc: 79.24%, F1: 75.42%, Precision: 70.51%, Recall: 81.07%, AUC: 79.56%
2025-04-14 04:57:00,771 - INFO - Time consumption: [Data]25%, [Network]73%
2025-04-14 04:57:00,772 - INFO - Eval epoch: 23
  0%|                                                    | 0/61 [00:00<?, ?it/s] 66%|███████████████████████████▌              | 40/61 [00:00<00:00, 392.36it/s]100%|██████████████████████████████████████████| 61/61 [00:00<00:00, 383.01it/s]
2025-04-14 04:57:00,937 - INFO - Val Loss: 0.0400, Acc: 47.58%, F1: 18.04%, Precision: 10.17%, Recall: 79.43%, AUC: 62.26%
  0%|                                                   | 0/158 [00:00<?, ?it/s] 12%|████▉                                    | 19/158 [00:00<00:00, 188.43it/s] 24%|█████████▊                               | 38/158 [00:00<00:00, 189.31it/s] 37%|███████████████                          | 58/158 [00:00<00:00, 189.65it/s] 49%|████████████████████▏                    | 78/158 [00:00<00:00, 189.82it/s] 61%|█████████████████████████▏               | 97/158 [00:00<00:00, 189.87it/s] 74%|█████████████████████████████▌          | 117/158 [00:00<00:00, 189.97it/s] 87%|██████████████████████████████████▋     | 137/158 [00:00<00:00, 190.07it/s] 99%|███████████████████████████████████████▋| 157/158 [00:00<00:00, 190.02it/s]100%|████████████████████████████████████████| 158/158 [00:00<00:00, 189.99it/s]
2025-04-14 04:57:01,778 - INFO - Epoch 24: Training Loss: 0.0152, Acc: 80.27%, F1: 76.85%, Precision: 71.30%, Recall: 83.35%, AUC: 80.81%
2025-04-14 04:57:01,779 - INFO - Time consumption: [Data]25%, [Network]73%
2025-04-14 04:57:01,779 - INFO - Eval epoch: 24
  0%|                                                    | 0/61 [00:00<?, ?it/s] 66%|███████████████████████████▌              | 40/61 [00:00<00:00, 398.44it/s]100%|██████████████████████████████████████████| 61/61 [00:00<00:00, 397.95it/s]
2025-04-14 04:57:01,939 - INFO - Val Loss: 0.0348, Acc: 51.96%, F1: 16.32%, Precision: 9.34%, Recall: 64.54%, AUC: 57.76%
  0%|                                                   | 0/158 [00:00<?, ?it/s] 12%|████▉                                    | 19/158 [00:00<00:00, 188.47it/s] 25%|██████████                               | 39/158 [00:00<00:00, 189.65it/s] 37%|███████████████▎                         | 59/158 [00:00<00:00, 189.96it/s] 50%|████████████████████▌                    | 79/158 [00:00<00:00, 190.17it/s] 63%|█████████████████████████▋               | 99/158 [00:00<00:00, 190.34it/s] 75%|██████████████████████████████▏         | 119/158 [00:00<00:00, 190.38it/s] 88%|███████████████████████████████████▏    | 139/158 [00:00<00:00, 190.41it/s]100%|████████████████████████████████████████| 158/158 [00:00<00:00, 190.45it/s]
2025-04-14 04:57:02,776 - INFO - Epoch 25: Training Loss: 0.0151, Acc: 80.61%, F1: 77.40%, Precision: 71.40%, Recall: 84.51%, AUC: 81.30%
2025-04-14 04:57:02,777 - INFO - Time consumption: [Data]25%, [Network]73%
2025-04-14 04:57:02,777 - INFO - Eval epoch: 25
  0%|                                                    | 0/61 [00:00<?, ?it/s] 67%|████████████████████████████▏             | 41/61 [00:00<00:00, 400.23it/s]100%|██████████████████████████████████████████| 61/61 [00:00<00:00, 397.78it/s]
2025-04-14 04:57:02,937 - INFO - Val Loss: 0.0349, Acc: 51.75%, F1: 17.15%, Precision: 9.80%, Recall: 68.79%, AUC: 59.61%
  0%|                                                   | 0/158 [00:00<?, ?it/s] 12%|████▉                                    | 19/158 [00:00<00:00, 187.88it/s] 25%|██████████                               | 39/158 [00:00<00:00, 189.18it/s] 37%|███████████████▎                         | 59/158 [00:00<00:00, 189.58it/s] 50%|████████████████████▌                    | 79/158 [00:00<00:00, 189.78it/s] 63%|█████████████████████████▋               | 99/158 [00:00<00:00, 189.91it/s] 75%|█████████████████████████████▊          | 118/158 [00:00<00:00, 189.94it/s] 87%|██████████████████████████████████▉     | 138/158 [00:00<00:00, 190.00it/s] 99%|███████████████████████████████████████▋| 157/158 [00:00<00:00, 189.98it/s]100%|████████████████████████████████████████| 158/158 [00:00<00:00, 189.92it/s]
2025-04-14 04:57:03,774 - INFO - Epoch 26: Training Loss: 0.0154, Acc: 79.77%, F1: 76.39%, Precision: 70.57%, Recall: 83.25%, AUC: 80.39%
2025-04-14 04:57:03,774 - INFO - Time consumption: [Data]25%, [Network]73%
2025-04-14 04:57:03,774 - INFO - Eval epoch: 26
  0%|                                                    | 0/61 [00:00<?, ?it/s] 66%|███████████████████████████▌              | 40/61 [00:00<00:00, 399.84it/s]100%|██████████████████████████████████████████| 61/61 [00:00<00:00, 399.05it/s]
2025-04-14 04:57:03,934 - INFO - Val Loss: 0.0297, Acc: 54.69%, F1: 17.60%, Precision: 10.14%, Recall: 66.67%, AUC: 60.21%
  0%|                                                   | 0/158 [00:00<?, ?it/s] 12%|████▉                                    | 19/158 [00:00<00:00, 188.54it/s] 25%|██████████                               | 39/158 [00:00<00:00, 189.44it/s] 37%|███████████████▎                         | 59/158 [00:00<00:00, 189.92it/s] 50%|████████████████████▌                    | 79/158 [00:00<00:00, 190.20it/s] 63%|█████████████████████████▋               | 99/158 [00:00<00:00, 190.30it/s] 75%|██████████████████████████████▏         | 119/158 [00:00<00:00, 190.32it/s] 88%|███████████████████████████████████▏    | 139/158 [00:00<00:00, 190.34it/s]100%|████████████████████████████████████████| 158/158 [00:00<00:00, 189.84it/s]
2025-04-14 04:57:04,771 - INFO - Epoch 27: Training Loss: 0.0146, Acc: 80.73%, F1: 77.02%, Precision: 72.47%, Recall: 82.19%, AUC: 80.98%
2025-04-14 04:57:04,771 - INFO - Time consumption: [Data]25%, [Network]73%
2025-04-14 04:57:04,772 - INFO - Eval epoch: 27
  0%|                                                    | 0/61 [00:00<?, ?it/s] 66%|███████████████████████████▌              | 40/61 [00:00<00:00, 398.16it/s]100%|██████████████████████████████████████████| 61/61 [00:00<00:00, 399.20it/s]
2025-04-14 04:57:04,929 - INFO - Val Loss: 0.0324, Acc: 57.42%, F1: 18.68%, Precision: 10.84%, Recall: 67.38%, AUC: 62.01%
  0%|                                                   | 0/158 [00:00<?, ?it/s] 12%|████▉                                    | 19/158 [00:00<00:00, 186.88it/s] 24%|█████████▊                               | 38/158 [00:00<00:00, 186.86it/s] 37%|███████████████                          | 58/158 [00:00<00:00, 188.37it/s] 49%|████████████████████▏                    | 78/158 [00:00<00:00, 189.10it/s] 62%|█████████████████████████▍               | 98/158 [00:00<00:00, 189.45it/s] 75%|█████████████████████████████▊          | 118/158 [00:00<00:00, 189.71it/s] 87%|██████████████████████████████████▉     | 138/158 [00:00<00:00, 189.91it/s]100%|████████████████████████████████████████| 158/158 [00:00<00:00, 190.49it/s]100%|████████████████████████████████████████| 158/158 [00:00<00:00, 189.52it/s]
2025-04-14 04:57:05,787 - INFO - Epoch 28: Training Loss: 0.0145, Acc: 81.68%, F1: 77.98%, Precision: 73.90%, Recall: 82.54%, AUC: 81.83%
2025-04-14 04:57:05,787 - INFO - Time consumption: [Data]26%, [Network]72%
2025-04-14 04:57:05,787 - INFO - Eval epoch: 28
  0%|                                                    | 0/61 [00:00<?, ?it/s] 66%|███████████████████████████▌              | 40/61 [00:00<00:00, 399.40it/s]100%|██████████████████████████████████████████| 61/61 [00:00<00:00, 399.90it/s]
2025-04-14 04:57:05,945 - INFO - Val Loss: 0.0337, Acc: 53.55%, F1: 16.17%, Precision: 9.30%, Recall: 61.70%, AUC: 57.31%
  0%|                                                   | 0/158 [00:00<?, ?it/s] 12%|████▉                                    | 19/158 [00:00<00:00, 187.89it/s] 24%|█████████▊                               | 38/158 [00:00<00:00, 186.67it/s] 37%|███████████████                          | 58/158 [00:00<00:00, 188.39it/s] 49%|████████████████████▏                    | 78/158 [00:00<00:00, 189.19it/s] 62%|█████████████████████████▍               | 98/158 [00:00<00:00, 189.62it/s] 75%|█████████████████████████████▊          | 118/158 [00:00<00:00, 189.98it/s] 87%|██████████████████████████████████▉     | 138/158 [00:00<00:00, 190.15it/s]100%|████████████████████████████████████████| 158/158 [00:00<00:00, 190.65it/s]100%|████████████████████████████████████████| 158/158 [00:00<00:00, 189.69it/s]
2025-04-14 04:57:06,785 - INFO - Epoch 29: Training Loss: 0.0143, Acc: 81.90%, F1: 78.30%, Precision: 74.03%, Recall: 83.10%, AUC: 82.11%
2025-04-14 04:57:06,785 - INFO - Time consumption: [Data]25%, [Network]73%
2025-04-14 04:57:06,786 - INFO - Eval epoch: 29
  0%|                                                    | 0/61 [00:00<?, ?it/s] 66%|███████████████████████████▌              | 40/61 [00:00<00:00, 399.15it/s]100%|██████████████████████████████████████████| 61/61 [00:00<00:00, 398.62it/s]
2025-04-14 04:57:06,943 - INFO - Val Loss: 0.0339, Acc: 51.70%, F1: 16.70%, Precision: 9.54%, Recall: 66.67%, AUC: 58.60%
  0%|                                                   | 0/158 [00:00<?, ?it/s] 12%|████▉                                    | 19/158 [00:00<00:00, 188.49it/s] 24%|█████████▊                               | 38/158 [00:00<00:00, 187.82it/s] 37%|███████████████                          | 58/158 [00:00<00:00, 189.09it/s] 49%|████████████████████▏                    | 78/158 [00:00<00:00, 189.69it/s] 62%|█████████████████████████▍               | 98/158 [00:00<00:00, 190.09it/s] 75%|█████████████████████████████▊          | 118/158 [00:00<00:00, 190.28it/s] 87%|██████████████████████████████████▉     | 138/158 [00:00<00:00, 190.41it/s]100%|████████████████████████████████████████| 158/158 [00:00<00:00, 190.96it/s]100%|████████████████████████████████████████| 158/158 [00:00<00:00, 190.12it/s]
2025-04-14 04:57:07,780 - INFO - Epoch 30: Training Loss: 0.0146, Acc: 81.68%, F1: 78.48%, Precision: 72.90%, Recall: 84.97%, AUC: 82.26%
2025-04-14 04:57:07,780 - INFO - Time consumption: [Data]25%, [Network]73%
2025-04-14 04:57:07,780 - INFO - Eval epoch: 30
  0%|                                                    | 0/61 [00:00<?, ?it/s] 66%|███████████████████████████▌              | 40/61 [00:00<00:00, 399.93it/s]100%|██████████████████████████████████████████| 61/61 [00:00<00:00, 400.39it/s]
2025-04-14 04:57:07,937 - INFO - Val Loss: 0.0361, Acc: 53.14%, F1: 17.57%, Precision: 10.07%, Recall: 68.79%, AUC: 60.35%
  0%|                                                   | 0/158 [00:00<?, ?it/s] 12%|████▉                                    | 19/158 [00:00<00:00, 187.23it/s] 24%|█████████▊                               | 38/158 [00:00<00:00, 187.24it/s] 36%|██████████████▊                          | 57/158 [00:00<00:00, 187.25it/s] 48%|███████████████████▋                     | 76/158 [00:00<00:00, 188.14it/s] 61%|████████████████████████▉                | 96/158 [00:00<00:00, 188.88it/s] 73%|█████████████████████████████▎          | 116/158 [00:00<00:00, 189.35it/s] 86%|██████████████████████████████████▍     | 136/158 [00:00<00:00, 189.69it/s] 99%|███████████████████████████████████████▍| 156/158 [00:00<00:00, 189.87it/s]100%|████████████████████████████████████████| 158/158 [00:00<00:00, 189.19it/s]
2025-04-14 04:57:08,779 - INFO - Epoch 31: Training Loss: 0.0143, Acc: 82.52%, F1: 79.20%, Precision: 74.39%, Recall: 84.67%, AUC: 82.90%
2025-04-14 04:57:08,779 - INFO - Time consumption: [Data]25%, [Network]73%
2025-04-14 04:57:08,779 - INFO - Eval epoch: 31
  0%|                                                    | 0/61 [00:00<?, ?it/s] 66%|███████████████████████████▌              | 40/61 [00:00<00:00, 396.74it/s]100%|██████████████████████████████████████████| 61/61 [00:00<00:00, 395.23it/s]
2025-04-14 04:57:08,938 - INFO - Val Loss: 0.0386, Acc: 52.99%, F1: 17.08%, Precision: 9.79%, Recall: 66.67%, AUC: 59.29%
  0%|                                                   | 0/158 [00:00<?, ?it/s] 12%|████▉                                    | 19/158 [00:00<00:00, 186.84it/s] 24%|█████████▊                               | 38/158 [00:00<00:00, 187.13it/s] 37%|███████████████                          | 58/158 [00:00<00:00, 188.67it/s] 49%|████████████████████▏                    | 78/158 [00:00<00:00, 189.35it/s] 62%|█████████████████████████▍               | 98/158 [00:00<00:00, 189.74it/s] 75%|█████████████████████████████▊          | 118/158 [00:00<00:00, 189.92it/s] 87%|██████████████████████████████████▉     | 138/158 [00:00<00:00, 190.13it/s]100%|████████████████████████████████████████| 158/158 [00:00<00:00, 189.66it/s]100%|████████████████████████████████████████| 158/158 [00:00<00:00, 189.34it/s]
2025-04-14 04:57:09,778 - INFO - Epoch 32: Training Loss: 0.0144, Acc: 81.84%, F1: 78.37%, Precision: 73.67%, Recall: 83.70%, AUC: 82.17%
2025-04-14 04:57:09,779 - INFO - Time consumption: [Data]25%, [Network]73%
2025-04-14 04:57:09,779 - INFO - Eval epoch: 32
  0%|                                                    | 0/61 [00:00<?, ?it/s] 67%|████████████████████████████▏             | 41/61 [00:00<00:00, 400.03it/s]100%|██████████████████████████████████████████| 61/61 [00:00<00:00, 400.53it/s]
2025-04-14 04:57:09,936 - INFO - Val Loss: 0.0317, Acc: 55.46%, F1: 17.07%, Precision: 9.87%, Recall: 63.12%, AUC: 58.99%
  0%|                                                   | 0/158 [00:00<?, ?it/s] 12%|████▉                                    | 19/158 [00:00<00:00, 188.38it/s] 24%|█████████▊                               | 38/158 [00:00<00:00, 187.43it/s] 37%|███████████████                          | 58/158 [00:00<00:00, 188.85it/s] 49%|████████████████████▏                    | 78/158 [00:00<00:00, 189.53it/s] 62%|█████████████████████████▍               | 98/158 [00:00<00:00, 189.94it/s] 75%|█████████████████████████████▊          | 118/158 [00:00<00:00, 190.13it/s] 87%|██████████████████████████████████▉     | 138/158 [00:00<00:00, 190.26it/s]100%|████████████████████████████████████████| 158/158 [00:00<00:00, 190.41it/s]100%|████████████████████████████████████████| 158/158 [00:00<00:00, 189.79it/s]
2025-04-14 04:57:10,774 - INFO - Epoch 33: Training Loss: 0.0141, Acc: 81.98%, F1: 78.47%, Precision: 73.97%, Recall: 83.55%, AUC: 82.26%
2025-04-14 04:57:10,774 - INFO - Time consumption: [Data]25%, [Network]73%
2025-04-14 04:57:10,774 - INFO - Eval epoch: 33
  0%|                                                    | 0/61 [00:00<?, ?it/s] 66%|███████████████████████████▌              | 40/61 [00:00<00:00, 399.89it/s]100%|██████████████████████████████████████████| 61/61 [00:00<00:00, 400.28it/s]
2025-04-14 04:57:10,931 - INFO - Val Loss: 0.0366, Acc: 50.00%, F1: 15.93%, Precision: 9.07%, Recall: 65.25%, AUC: 57.03%
  0%|                                                   | 0/158 [00:00<?, ?it/s] 12%|████▉                                    | 19/158 [00:00<00:00, 188.38it/s] 24%|█████████▊                               | 38/158 [00:00<00:00, 187.51it/s] 37%|███████████████                          | 58/158 [00:00<00:00, 188.85it/s] 49%|████████████████████▏                    | 78/158 [00:00<00:00, 189.43it/s] 62%|█████████████████████████▍               | 98/158 [00:00<00:00, 189.85it/s] 75%|█████████████████████████████▊          | 118/158 [00:00<00:00, 190.04it/s] 87%|██████████████████████████████████▉     | 138/158 [00:00<00:00, 190.24it/s]100%|████████████████████████████████████████| 158/158 [00:00<00:00, 190.72it/s]100%|████████████████████████████████████████| 158/158 [00:00<00:00, 189.89it/s]
2025-04-14 04:57:11,773 - INFO - Epoch 34: Training Loss: 0.0138, Acc: 83.35%, F1: 79.90%, Precision: 76.02%, Recall: 84.21%, AUC: 83.50%
2025-04-14 04:57:11,773 - INFO - Time consumption: [Data]25%, [Network]73%
2025-04-14 04:57:11,773 - INFO - Eval epoch: 34
  0%|                                                    | 0/61 [00:00<?, ?it/s] 66%|███████████████████████████▌              | 40/61 [00:00<00:00, 399.76it/s]100%|██████████████████████████████████████████| 61/61 [00:00<00:00, 400.57it/s]
2025-04-14 04:57:11,930 - INFO - Val Loss: 0.0344, Acc: 54.33%, F1: 18.25%, Precision: 10.49%, Recall: 70.21%, AUC: 61.65%
  0%|                                                   | 0/158 [00:00<?, ?it/s] 12%|████▉                                    | 19/158 [00:00<00:00, 188.87it/s] 25%|██████████                               | 39/158 [00:00<00:00, 189.67it/s] 37%|███████████████                          | 58/158 [00:00<00:00, 188.65it/s] 49%|████████████████████▏                    | 78/158 [00:00<00:00, 189.47it/s] 62%|█████████████████████████▍               | 98/158 [00:00<00:00, 189.94it/s] 75%|█████████████████████████████▊          | 118/158 [00:00<00:00, 190.29it/s] 87%|██████████████████████████████████▉     | 138/158 [00:00<00:00, 190.41it/s]100%|████████████████████████████████████████| 158/158 [00:00<00:00, 190.97it/s]100%|████████████████████████████████████████| 158/158 [00:00<00:00, 190.19it/s]
2025-04-14 04:57:12,769 - INFO - Epoch 35: Training Loss: 0.0136, Acc: 82.88%, F1: 79.62%, Precision: 74.79%, Recall: 85.12%, AUC: 83.27%
2025-04-14 04:57:12,769 - INFO - Time consumption: [Data]25%, [Network]73%
2025-04-14 04:57:12,769 - INFO - Eval epoch: 35
  0%|                                                    | 0/61 [00:00<?, ?it/s] 66%|███████████████████████████▌              | 40/61 [00:00<00:00, 399.46it/s]100%|██████████████████████████████████████████| 61/61 [00:00<00:00, 400.29it/s]
2025-04-14 04:57:12,926 - INFO - Val Loss: 0.0398, Acc: 52.16%, F1: 16.38%, Precision: 9.38%, Recall: 64.54%, AUC: 57.87%
  0%|                                                   | 0/158 [00:00<?, ?it/s] 12%|████▉                                    | 19/158 [00:00<00:00, 188.65it/s] 24%|█████████▊                               | 38/158 [00:00<00:00, 189.03it/s] 36%|██████████████▊                          | 57/158 [00:00<00:00, 187.90it/s] 49%|███████████████████▉                     | 77/158 [00:00<00:00, 188.94it/s] 61%|█████████████████████████▏               | 97/158 [00:00<00:00, 189.53it/s] 74%|█████████████████████████████▌          | 117/158 [00:00<00:00, 189.91it/s] 87%|██████████████████████████████████▋     | 137/158 [00:00<00:00, 190.11it/s] 99%|███████████████████████████████████████▋| 157/158 [00:00<00:00, 190.21it/s]100%|████████████████████████████████████████| 158/158 [00:00<00:00, 189.79it/s]
2025-04-14 04:57:13,764 - INFO - Epoch 36: Training Loss: 0.0133, Acc: 83.39%, F1: 80.23%, Precision: 75.39%, Recall: 85.73%, AUC: 83.80%
2025-04-14 04:57:13,764 - INFO - Time consumption: [Data]25%, [Network]73%
2025-04-14 04:57:13,765 - INFO - Eval epoch: 36
  0%|                                                    | 0/61 [00:00<?, ?it/s] 66%|███████████████████████████▌              | 40/61 [00:00<00:00, 399.49it/s]100%|██████████████████████████████████████████| 61/61 [00:00<00:00, 400.12it/s]
2025-04-14 04:57:13,922 - INFO - Val Loss: 0.0371, Acc: 53.14%, F1: 16.97%, Precision: 9.74%, Recall: 65.96%, AUC: 59.05%
  0%|                                                   | 0/158 [00:00<?, ?it/s] 12%|████▉                                    | 19/158 [00:00<00:00, 188.73it/s] 24%|█████████▊                               | 38/158 [00:00<00:00, 189.11it/s] 36%|██████████████▊                          | 57/158 [00:00<00:00, 188.19it/s] 49%|███████████████████▉                     | 77/158 [00:00<00:00, 189.14it/s] 61%|█████████████████████████▏               | 97/158 [00:00<00:00, 189.66it/s] 74%|█████████████████████████████▌          | 117/158 [00:00<00:00, 189.95it/s] 87%|██████████████████████████████████▋     | 137/158 [00:00<00:00, 190.15it/s] 99%|███████████████████████████████████████▋| 157/158 [00:00<00:00, 189.33it/s]100%|████████████████████████████████████████| 158/158 [00:00<00:00, 189.51it/s]
2025-04-14 04:57:14,761 - INFO - Epoch 37: Training Loss: 0.0133, Acc: 83.97%, F1: 80.75%, Precision: 76.47%, Recall: 85.53%, AUC: 84.24%
2025-04-14 04:57:14,761 - INFO - Time consumption: [Data]25%, [Network]73%
2025-04-14 04:57:14,761 - INFO - Eval epoch: 37
  0%|                                                    | 0/61 [00:00<?, ?it/s] 66%|███████████████████████████▌              | 40/61 [00:00<00:00, 399.68it/s]100%|██████████████████████████████████████████| 61/61 [00:00<00:00, 400.10it/s]
2025-04-14 04:57:14,919 - INFO - Val Loss: 0.0422, Acc: 52.73%, F1: 16.70%, Precision: 9.57%, Recall: 65.25%, AUC: 58.50%
  0%|                                                   | 0/158 [00:00<?, ?it/s] 12%|████▉                                    | 19/158 [00:00<00:00, 188.95it/s] 24%|█████████▊                               | 38/158 [00:00<00:00, 189.29it/s] 36%|██████████████▊                          | 57/158 [00:00<00:00, 188.43it/s] 49%|███████████████████▉                     | 77/158 [00:00<00:00, 189.38it/s] 61%|█████████████████████████▏               | 97/158 [00:00<00:00, 189.82it/s] 74%|█████████████████████████████▌          | 117/158 [00:00<00:00, 190.09it/s] 87%|██████████████████████████████████▋     | 137/158 [00:00<00:00, 190.31it/s] 99%|███████████████████████████████████████▋| 157/158 [00:00<00:00, 190.29it/s]100%|████████████████████████████████████████| 158/158 [00:00<00:00, 190.01it/s]
2025-04-14 04:57:15,758 - INFO - Epoch 38: Training Loss: 0.0132, Acc: 84.33%, F1: 81.18%, Precision: 76.85%, Recall: 86.03%, AUC: 84.63%
2025-04-14 04:57:15,758 - INFO - Time consumption: [Data]25%, [Network]73%
2025-04-14 04:57:15,758 - INFO - Eval epoch: 38
  0%|                                                    | 0/61 [00:00<?, ?it/s] 67%|████████████████████████████▏             | 41/61 [00:00<00:00, 400.40it/s]100%|██████████████████████████████████████████| 61/61 [00:00<00:00, 401.04it/s]
2025-04-14 04:57:15,915 - INFO - Val Loss: 0.0326, Acc: 54.94%, F1: 17.53%, Precision: 10.11%, Recall: 65.96%, AUC: 60.02%
  0%|                                                   | 0/158 [00:00<?, ?it/s] 12%|████▉                                    | 19/158 [00:00<00:00, 189.26it/s] 24%|█████████▊                               | 38/158 [00:00<00:00, 189.07it/s] 36%|██████████████▊                          | 57/158 [00:00<00:00, 188.24it/s] 48%|███████████████████▋                     | 76/158 [00:00<00:00, 188.27it/s] 61%|████████████████████████▉                | 96/158 [00:00<00:00, 189.14it/s] 73%|█████████████████████████████▎          | 116/158 [00:00<00:00, 189.67it/s] 86%|██████████████████████████████████▍     | 136/158 [00:00<00:00, 189.91it/s] 99%|███████████████████████████████████████▍| 156/158 [00:00<00:00, 190.03it/s]100%|████████████████████████████████████████| 158/158 [00:00<00:00, 189.64it/s]
2025-04-14 04:57:16,753 - INFO - Epoch 39: Training Loss: 0.0131, Acc: 84.17%, F1: 80.93%, Precision: 76.84%, Recall: 85.48%, AUC: 84.40%
2025-04-14 04:57:16,754 - INFO - Time consumption: [Data]25%, [Network]73%
2025-04-14 04:57:16,754 - INFO - Eval epoch: 39
  0%|                                                    | 0/61 [00:00<?, ?it/s] 67%|████████████████████████████▏             | 41/61 [00:00<00:00, 400.10it/s]100%|██████████████████████████████████████████| 61/61 [00:00<00:00, 400.72it/s]
2025-04-14 04:57:16,911 - INFO - Val Loss: 0.0328, Acc: 53.60%, F1: 17.11%, Precision: 9.83%, Recall: 65.96%, AUC: 59.30%
  0%|                                                   | 0/158 [00:00<?, ?it/s] 12%|████▉                                    | 19/158 [00:00<00:00, 189.08it/s] 25%|██████████                               | 39/158 [00:00<00:00, 189.92it/s] 37%|███████████████▎                         | 59/158 [00:00<00:00, 190.33it/s] 50%|████████████████████▌                    | 79/158 [00:00<00:00, 190.46it/s] 63%|█████████████████████████▋               | 99/158 [00:00<00:00, 190.53it/s] 75%|██████████████████████████████▏         | 119/158 [00:00<00:00, 190.62it/s] 88%|███████████████████████████████████▏    | 139/158 [00:00<00:00, 190.58it/s]100%|████████████████████████████████████████| 158/158 [00:00<00:00, 190.63it/s]
2025-04-14 04:57:17,745 - INFO - Epoch 40: Training Loss: 0.0134, Acc: 84.11%, F1: 80.83%, Precision: 76.84%, Recall: 85.27%, AUC: 84.31%
2025-04-14 04:57:17,745 - INFO - Time consumption: [Data]25%, [Network]73%
2025-04-14 04:57:17,745 - INFO - Eval epoch: 40
  0%|                                                    | 0/61 [00:00<?, ?it/s] 67%|████████████████████████████▏             | 41/61 [00:00<00:00, 400.60it/s]100%|██████████████████████████████████████████| 61/61 [00:00<00:00, 401.41it/s]
2025-04-14 04:57:17,902 - INFO - Val Loss: 0.0373, Acc: 54.22%, F1: 16.53%, Precision: 9.52%, Recall: 62.41%, AUC: 58.00%
  0%|                                                   | 0/158 [00:00<?, ?it/s] 12%|████▉                                    | 19/158 [00:00<00:00, 188.67it/s] 25%|██████████                               | 39/158 [00:00<00:00, 189.97it/s] 37%|███████████████▎                         | 59/158 [00:00<00:00, 190.17it/s] 50%|████████████████████▌                    | 79/158 [00:00<00:00, 190.46it/s] 63%|█████████████████████████▋               | 99/158 [00:00<00:00, 190.64it/s] 75%|██████████████████████████████▏         | 119/158 [00:00<00:00, 190.74it/s] 88%|███████████████████████████████████▏    | 139/158 [00:00<00:00, 190.76it/s]100%|████████████████████████████████████████| 158/158 [00:00<00:00, 190.72it/s]
2025-04-14 04:57:18,736 - INFO - Epoch 41: Training Loss: 0.0127, Acc: 84.41%, F1: 81.34%, Precision: 76.77%, Recall: 86.49%, AUC: 84.77%
2025-04-14 04:57:18,736 - INFO - Time consumption: [Data]25%, [Network]73%
2025-04-14 04:57:18,736 - INFO - Eval epoch: 41
  0%|                                                    | 0/61 [00:00<?, ?it/s] 67%|████████████████████████████▏             | 41/61 [00:00<00:00, 400.38it/s]100%|██████████████████████████████████████████| 61/61 [00:00<00:00, 401.29it/s]
2025-04-14 04:57:18,893 - INFO - Val Loss: 0.0355, Acc: 56.44%, F1: 15.40%, Precision: 8.96%, Recall: 54.61%, AUC: 55.59%
  0%|                                                   | 0/158 [00:00<?, ?it/s] 12%|████▉                                    | 19/158 [00:00<00:00, 188.87it/s] 25%|██████████                               | 39/158 [00:00<00:00, 189.85it/s] 37%|███████████████▎                         | 59/158 [00:00<00:00, 190.18it/s] 50%|████████████████████▌                    | 79/158 [00:00<00:00, 190.36it/s] 63%|█████████████████████████▋               | 99/158 [00:00<00:00, 190.47it/s] 75%|██████████████████████████████▏         | 119/158 [00:00<00:00, 190.54it/s] 88%|███████████████████████████████████▏    | 139/158 [00:00<00:00, 190.62it/s]100%|████████████████████████████████████████| 158/158 [00:00<00:00, 190.21it/s]
2025-04-14 04:57:19,731 - INFO - Epoch 42: Training Loss: 0.0130, Acc: 84.01%, F1: 80.56%, Precision: 77.13%, Recall: 84.31%, AUC: 84.06%
2025-04-14 04:57:19,731 - INFO - Time consumption: [Data]25%, [Network]73%
2025-04-14 04:57:19,731 - INFO - Eval epoch: 42
  0%|                                                    | 0/61 [00:00<?, ?it/s] 66%|███████████████████████████▌              | 40/61 [00:00<00:00, 399.61it/s]100%|██████████████████████████████████████████| 61/61 [00:00<00:00, 400.43it/s]
2025-04-14 04:57:19,888 - INFO - Val Loss: 0.0354, Acc: 56.64%, F1: 17.13%, Precision: 9.94%, Recall: 61.70%, AUC: 58.97%
2025-04-14 04:57:19,888 - INFO - Early stopping at epoch 42
2025-04-14 04:57:19,903 - INFO - ===== Testing Subject 39 =====
2025-04-14 04:57:19,977 - INFO - Eval epoch: 0
  0%|                                                    | 0/83 [00:00<?, ?it/s] 75%|███████████████████████████████▎          | 62/83 [00:00<00:00, 615.85it/s]100%|██████████████████████████████████████████| 83/83 [00:00<00:00, 559.04it/s]
2025-04-14 04:57:20,130 - INFO - Test Loss: 0.0921, Acc: 63.39%, F1: 33.88%, Precision: 21.38%, Recall: 81.58%, AUC: 71.30%
2025-04-14 04:57:20,653 - INFO - ===== Starting fold with test subject 30 =====
2025-04-14 04:57:20,654 - INFO - Train subjects: [45, 36, 29, 32, 39, 31, 33, 34, 35, 37, 43, 44]
2025-04-14 04:57:20,654 - INFO - Val subjects: [38, 46]
2025-04-14 04:57:20,658 - INFO - Model Parameters: 384828
2025-04-14 04:57:20,672 - INFO - Fixed 60 duplicate timestamps
2025-04-14 04:57:20,675 - WARNING - Found 10 time reversals
2025-04-14 04:57:20,684 - INFO - Fixed 4 duplicate timestamps
2025-04-14 04:57:20,692 - INFO - Fixed 9 duplicate timestamps
2025-04-14 04:57:20,694 - WARNING - Found 2 time reversals
2025-04-14 04:57:20,700 - INFO - Fixed 10 duplicate timestamps
/mmfs1/home/sww35/testWatchAcc/LightHART/utils/accelerometer_processor.py:44: UserWarning: Could not infer format, so each element will be parsed individually, falling back to `dateutil`. To ensure parsing is consistent and as-expected, please specify a format.
  timestamps = pd.to_datetime(data.iloc[:, 0], errors='coerce')
2025-04-14 04:57:20,706 - WARNING - Found 1 invalid timestamps at rows [0]...
2025-04-14 04:57:20,706 - ERROR - Error processing /mmfs1/home/sww35/testWatchAcc/LightHART/data/smartfallmm/young/accelerometer/watch/S33A10T04.csv: 0
2025-04-14 04:57:20,707 - ERROR - Error processing /mmfs1/home/sww35/testWatchAcc/LightHART/data/smartfallmm/young/accelerometer/watch/S33A10T04.csv: 0
2025-04-14 04:57:20,715 - INFO - Fixed 22 duplicate timestamps
2025-04-14 04:57:20,720 - INFO - Fixed 1 duplicate timestamps
2025-04-14 04:57:20,727 - INFO - Fixed 10 duplicate timestamps
2025-04-14 04:57:20,730 - WARNING - Found 2 time reversals
2025-04-14 04:57:20,736 - INFO - Fixed 2 duplicate timestamps
2025-04-14 04:57:20,743 - INFO - Fixed 4 duplicate timestamps
2025-04-14 04:57:20,749 - INFO - Fixed 1 duplicate timestamps
2025-04-14 04:57:20,758 - INFO - Fixed 68 duplicate timestamps
2025-04-14 04:57:20,770 - INFO - Fixed 6 duplicate timestamps
2025-04-14 04:57:20,772 - WARNING - Found 1 time reversals
2025-04-14 04:57:20,803 - INFO - Fixed 471 duplicate timestamps
2025-04-14 04:57:20,815 - WARNING - Found 164 time reversals
/mmfs1/home/sww35/testWatchAcc/LightHART/utils/accelerometer_processor.py:44: UserWarning: Could not infer format, so each element will be parsed individually, falling back to `dateutil`. To ensure parsing is consistent and as-expected, please specify a format.
  timestamps = pd.to_datetime(data.iloc[:, 0], errors='coerce')
2025-04-14 04:57:20,862 - WARNING - Found 647 invalid timestamps at rows [0 1 2 3 4]...
2025-04-14 04:57:20,862 - ERROR - Error processing /mmfs1/home/sww35/testWatchAcc/LightHART/data/smartfallmm/young/accelerometer/watch/S33A06T08.csv: Insufficient valid data rows after cleaning: 0
2025-04-14 04:57:20,862 - ERROR - Error processing /mmfs1/home/sww35/testWatchAcc/LightHART/data/smartfallmm/young/accelerometer/watch/S33A06T08.csv: Insufficient valid data rows after cleaning: 0
2025-04-14 04:57:20,903 - INFO - Fixed 653 duplicate timestamps
2025-04-14 04:57:20,917 - WARNING - Found 291 time reversals
2025-04-14 04:57:20,922 - INFO - Fixed 1 duplicate timestamps
/mmfs1/home/sww35/testWatchAcc/LightHART/utils/accelerometer_processor.py:44: UserWarning: Could not infer format, so each element will be parsed individually, falling back to `dateutil`. To ensure parsing is consistent and as-expected, please specify a format.
  timestamps = pd.to_datetime(data.iloc[:, 0], errors='coerce')
2025-04-14 04:57:20,926 - WARNING - Found 1 invalid timestamps at rows [0]...
2025-04-14 04:57:20,927 - ERROR - Error processing /mmfs1/home/sww35/testWatchAcc/LightHART/data/smartfallmm/young/accelerometer/watch/S33A10T03.csv: 0
2025-04-14 04:57:20,927 - ERROR - Error processing /mmfs1/home/sww35/testWatchAcc/LightHART/data/smartfallmm/young/accelerometer/watch/S33A10T03.csv: 0
2025-04-14 04:57:20,938 - INFO - Fixed 119 duplicate timestamps
2025-04-14 04:57:20,943 - WARNING - Found 38 time reversals
2025-04-14 04:57:20,950 - INFO - Fixed 72 duplicate timestamps
2025-04-14 04:57:20,952 - WARNING - Found 17 time reversals
2025-04-14 04:57:20,957 - INFO - Fixed 12 duplicate timestamps
2025-04-14 04:57:20,958 - WARNING - Found 1 time reversals
2025-04-14 04:57:20,966 - INFO - Fixed 77 duplicate timestamps
2025-04-14 04:57:20,978 - INFO - Fixed 9 duplicate timestamps
2025-04-14 04:57:20,979 - WARNING - Found 1 time reversals
2025-04-14 04:57:21,013 - INFO - Fixed 496 duplicate timestamps
2025-04-14 04:57:21,025 - WARNING - Found 184 time reversals
2025-04-14 04:57:21,074 - INFO - Fixed 898 duplicate timestamps
2025-04-14 04:57:21,093 - WARNING - Found 346 time reversals
2025-04-14 04:57:21,108 - INFO - Fixed 38 duplicate timestamps
2025-04-14 04:57:21,115 - WARNING - Found 13 time reversals
/mmfs1/home/sww35/testWatchAcc/LightHART/utils/accelerometer_processor.py:44: UserWarning: Could not infer format, so each element will be parsed individually, falling back to `dateutil`. To ensure parsing is consistent and as-expected, please specify a format.
  timestamps = pd.to_datetime(data.iloc[:, 0], errors='coerce')
2025-04-14 04:57:21,147 - WARNING - Found 355 invalid timestamps at rows [0 1 2 3 4]...
2025-04-14 04:57:21,148 - ERROR - Error processing /mmfs1/home/sww35/testWatchAcc/LightHART/data/smartfallmm/young/accelerometer/watch/S33A01T05.csv: Insufficient valid data rows after cleaning: 0
2025-04-14 04:57:21,148 - ERROR - Error processing /mmfs1/home/sww35/testWatchAcc/LightHART/data/smartfallmm/young/accelerometer/watch/S33A01T05.csv: Insufficient valid data rows after cleaning: 0
2025-04-14 04:57:21,160 - INFO - Fixed 68 duplicate timestamps
2025-04-14 04:57:21,166 - WARNING - Found 28 time reversals
2025-04-14 04:57:21,172 - INFO - Fixed 16 duplicate timestamps
2025-04-14 04:57:21,189 - INFO - Fixed 86 duplicate timestamps
2025-04-14 04:57:21,195 - WARNING - Found 32 time reversals
2025-04-14 04:57:21,230 - INFO - Fixed 403 duplicate timestamps
2025-04-14 04:57:21,239 - WARNING - Found 153 time reversals
2025-04-14 04:57:21,245 - INFO - Fixed 3 duplicate timestamps
2025-04-14 04:57:21,253 - INFO - Fixed 61 duplicate timestamps
2025-04-14 04:57:21,254 - WARNING - Found 16 time reversals
2025-04-14 04:57:21,259 - INFO - Fixed 2 duplicate timestamps
2025-04-14 04:57:21,265 - INFO - Fixed 5 duplicate timestamps
2025-04-14 04:57:21,271 - INFO - Fixed 1 duplicate timestamps
2025-04-14 04:57:21,289 - INFO - Fixed 68 duplicate timestamps
2025-04-14 04:57:21,295 - WARNING - Found 28 time reversals
2025-04-14 04:57:21,308 - INFO - Fixed 68 duplicate timestamps
2025-04-14 04:57:21,313 - WARNING - Found 28 time reversals
2025-04-14 04:57:21,320 - INFO - Fixed 10 duplicate timestamps
2025-04-14 04:57:21,327 - INFO - Fixed 1 duplicate timestamps
/mmfs1/home/sww35/testWatchAcc/LightHART/utils/accelerometer_processor.py:44: UserWarning: Could not infer format, so each element will be parsed individually, falling back to `dateutil`. To ensure parsing is consistent and as-expected, please specify a format.
  timestamps = pd.to_datetime(data.iloc[:, 0], errors='coerce')
2025-04-14 04:57:21,332 - WARNING - Found 168 invalid timestamps at rows [  0 341 342 343 344]...
2025-04-14 04:57:21,333 - ERROR - Error processing /mmfs1/home/sww35/testWatchAcc/LightHART/data/smartfallmm/young/accelerometer/watch/S33A13T04.csv: 0
2025-04-14 04:57:21,333 - ERROR - Error processing /mmfs1/home/sww35/testWatchAcc/LightHART/data/smartfallmm/young/accelerometer/watch/S33A13T04.csv: 0
2025-04-14 04:57:21,446 - INFO - Fixed 505 duplicate timestamps
2025-04-14 04:57:21,516 - WARNING - Found 239 time reversals
2025-04-14 04:57:21,526 - INFO - Fixed 43 duplicate timestamps
2025-04-14 04:57:21,532 - INFO - Fixed 3 duplicate timestamps
2025-04-14 04:57:21,538 - INFO - Fixed 2 duplicate timestamps
2025-04-14 04:57:21,545 - INFO - Fixed 8 duplicate timestamps
2025-04-14 04:57:21,547 - WARNING - Found 1 time reversals
2025-04-14 04:57:21,552 - INFO - Fixed 7 duplicate timestamps
2025-04-14 04:57:21,553 - WARNING - Found 1 time reversals
2025-04-14 04:57:21,588 - INFO - Fixed 537 duplicate timestamps
2025-04-14 04:57:21,600 - WARNING - Found 189 time reversals
2025-04-14 04:57:21,607 - INFO - Fixed 2 duplicate timestamps
/mmfs1/home/sww35/testWatchAcc/LightHART/utils/accelerometer_processor.py:44: UserWarning: Could not infer format, so each element will be parsed individually, falling back to `dateutil`. To ensure parsing is consistent and as-expected, please specify a format.
  timestamps = pd.to_datetime(data.iloc[:, 0], errors='coerce')
2025-04-14 04:57:21,616 - WARNING - Found 1 invalid timestamps at rows [0]...
2025-04-14 04:57:21,616 - ERROR - Error processing /mmfs1/home/sww35/testWatchAcc/LightHART/data/smartfallmm/young/accelerometer/watch/S33A03T01.csv: 0
2025-04-14 04:57:21,616 - ERROR - Error processing /mmfs1/home/sww35/testWatchAcc/LightHART/data/smartfallmm/young/accelerometer/watch/S33A03T01.csv: 0
2025-04-14 04:57:21,635 - INFO - Fixed 47 duplicate timestamps
2025-04-14 04:57:21,646 - WARNING - Found 21 time reversals
2025-04-14 04:57:21,690 - INFO - Fixed 751 duplicate timestamps
2025-04-14 04:57:21,706 - WARNING - Found 257 time reversals
/mmfs1/home/sww35/testWatchAcc/LightHART/utils/accelerometer_processor.py:44: UserWarning: Could not infer format, so each element will be parsed individually, falling back to `dateutil`. To ensure parsing is consistent and as-expected, please specify a format.
  timestamps = pd.to_datetime(data.iloc[:, 0], errors='coerce')
2025-04-14 04:57:21,710 - WARNING - Found 1 invalid timestamps at rows [0]...
2025-04-14 04:57:21,710 - ERROR - Error processing /mmfs1/home/sww35/testWatchAcc/LightHART/data/smartfallmm/young/accelerometer/watch/S33A09T02.csv: 0
2025-04-14 04:57:21,710 - ERROR - Error processing /mmfs1/home/sww35/testWatchAcc/LightHART/data/smartfallmm/young/accelerometer/watch/S33A09T02.csv: 0
2025-04-14 04:57:21,753 - INFO - Fixed 733 duplicate timestamps
2025-04-14 04:57:21,770 - WARNING - Found 282 time reversals
2025-04-14 04:57:21,777 - INFO - Fixed 25 duplicate timestamps
2025-04-14 04:57:21,780 - WARNING - Found 4 time reversals
2025-04-14 04:57:21,792 - INFO - Fixed 47 duplicate timestamps
2025-04-14 04:57:21,797 - WARNING - Found 10 time reversals
2025-04-14 04:57:21,803 - INFO - Fixed 7 duplicate timestamps
2025-04-14 04:57:21,806 - WARNING - Found 2 time reversals
2025-04-14 04:57:21,821 - INFO - Fixed 48 duplicate timestamps
2025-04-14 04:57:21,830 - WARNING - Found 20 time reversals
2025-04-14 04:57:21,838 - INFO - Fixed 19 duplicate timestamps
2025-04-14 04:57:21,841 - WARNING - Found 7 time reversals
2025-04-14 04:57:21,852 - INFO - Fixed 37 duplicate timestamps
2025-04-14 04:57:21,858 - WARNING - Found 12 time reversals
/mmfs1/home/sww35/testWatchAcc/LightHART/utils/accelerometer_processor.py:44: UserWarning: Could not infer format, so each element will be parsed individually, falling back to `dateutil`. To ensure parsing is consistent and as-expected, please specify a format.
  timestamps = pd.to_datetime(data.iloc[:, 0], errors='coerce')
2025-04-14 04:57:21,862 - WARNING - Found 110 invalid timestamps at rows [  0 503 504 505 506]...
2025-04-14 04:57:21,863 - ERROR - Error processing /mmfs1/home/sww35/testWatchAcc/LightHART/data/smartfallmm/young/accelerometer/watch/S33A14T02.csv: 0
2025-04-14 04:57:21,863 - ERROR - Error processing /mmfs1/home/sww35/testWatchAcc/LightHART/data/smartfallmm/young/accelerometer/watch/S33A14T02.csv: 0
2025-04-14 04:57:21,917 - INFO - Fixed 930 duplicate timestamps
2025-04-14 04:57:21,936 - WARNING - Found 438 time reversals
2025-04-14 04:57:21,944 - INFO - Fixed 8 duplicate timestamps
2025-04-14 04:57:21,952 - INFO - Fixed 30 duplicate timestamps
2025-04-14 04:57:21,953 - WARNING - Found 3 time reversals
2025-04-14 04:57:21,958 - INFO - Fixed 15 duplicate timestamps
2025-04-14 04:57:21,959 - WARNING - Found 4 time reversals
/mmfs1/home/sww35/testWatchAcc/LightHART/utils/accelerometer_processor.py:44: UserWarning: Could not infer format, so each element will be parsed individually, falling back to `dateutil`. To ensure parsing is consistent and as-expected, please specify a format.
  timestamps = pd.to_datetime(data.iloc[:, 0], errors='coerce')
2025-04-14 04:57:21,962 - WARNING - Found 172 invalid timestamps at rows [  0 342 343 344 345]...
2025-04-14 04:57:21,963 - ERROR - Error processing /mmfs1/home/sww35/testWatchAcc/LightHART/data/smartfallmm/young/accelerometer/watch/S33A05T03.csv: 0
2025-04-14 04:57:21,963 - ERROR - Error processing /mmfs1/home/sww35/testWatchAcc/LightHART/data/smartfallmm/young/accelerometer/watch/S33A05T03.csv: 0
2025-04-14 04:57:22,001 - INFO - Fixed 530 duplicate timestamps
2025-04-14 04:57:22,013 - WARNING - Found 188 time reversals
2025-04-14 04:57:22,019 - INFO - Fixed 7 duplicate timestamps
2025-04-14 04:57:22,118 - INFO - Fixed 1762 duplicate timestamps
2025-04-14 04:57:22,157 - WARNING - Found 562 time reversals
/mmfs1/home/sww35/testWatchAcc/LightHART/utils/accelerometer_processor.py:44: UserWarning: Could not infer format, so each element will be parsed individually, falling back to `dateutil`. To ensure parsing is consistent and as-expected, please specify a format.
  timestamps = pd.to_datetime(data.iloc[:, 0], errors='coerce')
2025-04-14 04:57:22,197 - WARNING - Found 396 invalid timestamps at rows [0 1 2 3 4]...
2025-04-14 04:57:22,197 - ERROR - Error processing /mmfs1/home/sww35/testWatchAcc/LightHART/data/smartfallmm/young/accelerometer/watch/S33A03T12.csv: Insufficient valid data rows after cleaning: 0
2025-04-14 04:57:22,197 - ERROR - Error processing /mmfs1/home/sww35/testWatchAcc/LightHART/data/smartfallmm/young/accelerometer/watch/S33A03T12.csv: Insufficient valid data rows after cleaning: 0
2025-04-14 04:57:22,244 - INFO - Fixed 796 duplicate timestamps
2025-04-14 04:57:22,261 - WARNING - Found 361 time reversals
2025-04-14 04:57:22,268 - INFO - Fixed 8 duplicate timestamps
2025-04-14 04:57:22,270 - WARNING - Found 1 time reversals
2025-04-14 04:57:22,280 - INFO - Fixed 95 duplicate timestamps
2025-04-14 04:57:22,283 - WARNING - Found 27 time reversals
2025-04-14 04:57:22,288 - INFO - Fixed 30 duplicate timestamps
2025-04-14 04:57:22,358 - INFO - Fixed 978 duplicate timestamps
2025-04-14 04:57:22,383 - WARNING - Found 338 time reversals
2025-04-14 04:57:22,390 - INFO - Fixed 8 duplicate timestamps
2025-04-14 04:57:22,392 - WARNING - Found 2 time reversals
2025-04-14 04:57:22,406 - INFO - Fixed 46 duplicate timestamps
2025-04-14 04:57:22,413 - WARNING - Found 16 time reversals
2025-04-14 04:57:22,427 - INFO - Fixed 68 duplicate timestamps
2025-04-14 04:57:22,432 - WARNING - Found 28 time reversals
2025-04-14 04:57:22,439 - INFO - Fixed 4 duplicate timestamps
2025-04-14 04:57:22,446 - INFO - Fixed 10 duplicate timestamps
2025-04-14 04:57:22,448 - WARNING - Found 1 time reversals
2025-04-14 04:57:22,454 - INFO - Fixed 6 duplicate timestamps
2025-04-14 04:57:22,494 - INFO - Fixed 568 duplicate timestamps
2025-04-14 04:57:22,507 - WARNING - Found 235 time reversals
/mmfs1/home/sww35/testWatchAcc/LightHART/utils/accelerometer_processor.py:44: UserWarning: Could not infer format, so each element will be parsed individually, falling back to `dateutil`. To ensure parsing is consistent and as-expected, please specify a format.
  timestamps = pd.to_datetime(data.iloc[:, 0], errors='coerce')
2025-04-14 04:57:22,511 - WARNING - Found 1 invalid timestamps at rows [0]...
2025-04-14 04:57:22,512 - ERROR - Error processing /mmfs1/home/sww35/testWatchAcc/LightHART/data/smartfallmm/young/accelerometer/watch/S33A13T03.csv: 0
2025-04-14 04:57:22,512 - ERROR - Error processing /mmfs1/home/sww35/testWatchAcc/LightHART/data/smartfallmm/young/accelerometer/watch/S33A13T03.csv: 0
2025-04-14 04:57:22,543 - INFO - Fixed 511 duplicate timestamps
2025-04-14 04:57:22,555 - WARNING - Found 145 time reversals
2025-04-14 04:57:22,565 - INFO - Fixed 83 duplicate timestamps
2025-04-14 04:57:22,588 - INFO - Fixed 88 duplicate timestamps
2025-04-14 04:57:22,599 - WARNING - Found 28 time reversals
2025-04-14 04:57:22,609 - INFO - Fixed 2 duplicate timestamps
2025-04-14 04:57:22,623 - INFO - Fixed 64 duplicate timestamps
2025-04-14 04:57:22,625 - WARNING - Found 12 time reversals
2025-04-14 04:57:22,631 - INFO - Fixed 7 duplicate timestamps
2025-04-14 04:57:22,633 - WARNING - Found 1 time reversals
2025-04-14 04:57:22,641 - INFO - Fixed 37 duplicate timestamps
2025-04-14 04:57:22,644 - WARNING - Found 9 time reversals
2025-04-14 04:57:22,676 - INFO - Fixed 507 duplicate timestamps
2025-04-14 04:57:22,688 - WARNING - Found 157 time reversals
2025-04-14 04:57:22,724 - INFO - Fixed 566 duplicate timestamps
2025-04-14 04:57:22,737 - WARNING - Found 204 time reversals
2025-04-14 04:57:22,750 - INFO - Fixed 68 duplicate timestamps
2025-04-14 04:57:22,756 - WARNING - Found 28 time reversals
2025-04-14 04:57:22,765 - INFO - Fixed 3 duplicate timestamps
2025-04-14 04:57:22,779 - INFO - Fixed 61 duplicate timestamps
2025-04-14 04:57:22,782 - WARNING - Found 20 time reversals
2025-04-14 04:57:22,792 - INFO - Fixed 3 duplicate timestamps
2025-04-14 04:57:22,801 - INFO - Fixed 33 duplicate timestamps
2025-04-14 04:57:22,829 - INFO - Fixed 403 duplicate timestamps
2025-04-14 04:57:22,839 - WARNING - Found 133 time reversals
/mmfs1/home/sww35/testWatchAcc/LightHART/utils/accelerometer_processor.py:44: UserWarning: Could not infer format, so each element will be parsed individually, falling back to `dateutil`. To ensure parsing is consistent and as-expected, please specify a format.
  timestamps = pd.to_datetime(data.iloc[:, 0], errors='coerce')
2025-04-14 04:57:22,851 - WARNING - Found 137 invalid timestamps at rows [0 1 2 3 4]...
2025-04-14 04:57:22,852 - ERROR - Error processing /mmfs1/home/sww35/testWatchAcc/LightHART/data/smartfallmm/young/accelerometer/watch/S33A14T05.csv: Insufficient valid data rows after cleaning: 0
2025-04-14 04:57:22,852 - ERROR - Error processing /mmfs1/home/sww35/testWatchAcc/LightHART/data/smartfallmm/young/accelerometer/watch/S33A14T05.csv: Insufficient valid data rows after cleaning: 0
2025-04-14 04:57:22,860 - INFO - Fixed 85 duplicate timestamps
2025-04-14 04:57:22,863 - WARNING - Found 26 time reversals
2025-04-14 04:57:22,872 - INFO - Fixed 3 duplicate timestamps
2025-04-14 04:57:22,879 - INFO - Fixed 2 duplicate timestamps
/mmfs1/home/sww35/testWatchAcc/LightHART/utils/accelerometer_processor.py:44: UserWarning: Could not infer format, so each element will be parsed individually, falling back to `dateutil`. To ensure parsing is consistent and as-expected, please specify a format.
  timestamps = pd.to_datetime(data.iloc[:, 0], errors='coerce')
2025-04-14 04:57:22,915 - WARNING - Found 446 invalid timestamps at rows [0 1 2 3 4]...
2025-04-14 04:57:22,916 - ERROR - Error processing /mmfs1/home/sww35/testWatchAcc/LightHART/data/smartfallmm/young/accelerometer/watch/S33A08T04.csv: Insufficient valid data rows after cleaning: 0
2025-04-14 04:57:22,916 - ERROR - Error processing /mmfs1/home/sww35/testWatchAcc/LightHART/data/smartfallmm/young/accelerometer/watch/S33A08T04.csv: Insufficient valid data rows after cleaning: 0
/mmfs1/home/sww35/testWatchAcc/LightHART/utils/accelerometer_processor.py:44: UserWarning: Could not infer format, so each element will be parsed individually, falling back to `dateutil`. To ensure parsing is consistent and as-expected, please specify a format.
  timestamps = pd.to_datetime(data.iloc[:, 0], errors='coerce')
2025-04-14 04:57:22,926 - WARNING - Found 118 invalid timestamps at rows [0 1 2 3 4]...
2025-04-14 04:57:22,927 - ERROR - Error processing /mmfs1/home/sww35/testWatchAcc/LightHART/data/smartfallmm/young/accelerometer/watch/S33A05T08.csv: Insufficient valid data rows after cleaning: 0
2025-04-14 04:57:22,927 - ERROR - Error processing /mmfs1/home/sww35/testWatchAcc/LightHART/data/smartfallmm/young/accelerometer/watch/S33A05T08.csv: Insufficient valid data rows after cleaning: 0
/mmfs1/home/sww35/testWatchAcc/LightHART/utils/accelerometer_processor.py:44: UserWarning: Could not infer format, so each element will be parsed individually, falling back to `dateutil`. To ensure parsing is consistent and as-expected, please specify a format.
  timestamps = pd.to_datetime(data.iloc[:, 0], errors='coerce')
2025-04-14 04:57:22,958 - WARNING - Found 510 invalid timestamps at rows [0 1 2 3 4]...
2025-04-14 04:57:22,958 - ERROR - Error processing /mmfs1/home/sww35/testWatchAcc/LightHART/data/smartfallmm/young/accelerometer/watch/S33A06T07.csv: Insufficient valid data rows after cleaning: 0
2025-04-14 04:57:22,958 - ERROR - Error processing /mmfs1/home/sww35/testWatchAcc/LightHART/data/smartfallmm/young/accelerometer/watch/S33A06T07.csv: Insufficient valid data rows after cleaning: 0
2025-04-14 04:57:22,968 - INFO - Fixed 53 duplicate timestamps
2025-04-14 04:57:22,972 - WARNING - Found 15 time reversals
2025-04-14 04:57:22,981 - INFO - Fixed 7 duplicate timestamps
2025-04-14 04:57:22,995 - INFO - Fixed 68 duplicate timestamps
2025-04-14 04:57:23,000 - WARNING - Found 28 time reversals
2025-04-14 04:57:23,013 - INFO - Fixed 66 duplicate timestamps
2025-04-14 04:57:23,019 - WARNING - Found 28 time reversals
/mmfs1/home/sww35/testWatchAcc/LightHART/utils/accelerometer_processor.py:44: UserWarning: Could not infer format, so each element will be parsed individually, falling back to `dateutil`. To ensure parsing is consistent and as-expected, please specify a format.
  timestamps = pd.to_datetime(data.iloc[:, 0], errors='coerce')
2025-04-14 04:57:23,022 - WARNING - Found 171 invalid timestamps at rows [  0 341 342 343 344]...
2025-04-14 04:57:23,023 - ERROR - Error processing /mmfs1/home/sww35/testWatchAcc/LightHART/data/smartfallmm/young/accelerometer/watch/S33A06T01.csv: 0
2025-04-14 04:57:23,023 - ERROR - Error processing /mmfs1/home/sww35/testWatchAcc/LightHART/data/smartfallmm/young/accelerometer/watch/S33A06T01.csv: 0
/mmfs1/home/sww35/testWatchAcc/LightHART/utils/accelerometer_processor.py:44: UserWarning: Could not infer format, so each element will be parsed individually, falling back to `dateutil`. To ensure parsing is consistent and as-expected, please specify a format.
  timestamps = pd.to_datetime(data.iloc[:, 0], errors='coerce')
2025-04-14 04:57:23,025 - WARNING - Found 169 invalid timestamps at rows [  0 342 343 344 345]...
2025-04-14 04:57:23,026 - ERROR - Error processing /mmfs1/home/sww35/testWatchAcc/LightHART/data/smartfallmm/young/accelerometer/watch/S33A11T01.csv: 0
2025-04-14 04:57:23,026 - ERROR - Error processing /mmfs1/home/sww35/testWatchAcc/LightHART/data/smartfallmm/young/accelerometer/watch/S33A11T01.csv: 0
2025-04-14 04:57:23,030 - INFO - Fixed 3 duplicate timestamps
2025-04-14 04:57:23,067 - INFO - Fixed 534 duplicate timestamps
2025-04-14 04:57:23,080 - WARNING - Found 200 time reversals
/mmfs1/home/sww35/testWatchAcc/LightHART/utils/accelerometer_processor.py:44: UserWarning: Could not infer format, so each element will be parsed individually, falling back to `dateutil`. To ensure parsing is consistent and as-expected, please specify a format.
  timestamps = pd.to_datetime(data.iloc[:, 0], errors='coerce')
2025-04-14 04:57:23,111 - WARNING - Found 510 invalid timestamps at rows [0 1 2 3 4]...
2025-04-14 04:57:23,112 - ERROR - Error processing /mmfs1/home/sww35/testWatchAcc/LightHART/data/smartfallmm/young/accelerometer/watch/S33A13T05.csv: Insufficient valid data rows after cleaning: 0
2025-04-14 04:57:23,112 - ERROR - Error processing /mmfs1/home/sww35/testWatchAcc/LightHART/data/smartfallmm/young/accelerometer/watch/S33A13T05.csv: Insufficient valid data rows after cleaning: 0
/mmfs1/home/sww35/testWatchAcc/LightHART/utils/accelerometer_processor.py:44: UserWarning: Could not infer format, so each element will be parsed individually, falling back to `dateutil`. To ensure parsing is consistent and as-expected, please specify a format.
  timestamps = pd.to_datetime(data.iloc[:, 0], errors='coerce')
2025-04-14 04:57:23,136 - WARNING - Found 407 invalid timestamps at rows [0 1 2 3 4]...
2025-04-14 04:57:23,137 - ERROR - Error processing /mmfs1/home/sww35/testWatchAcc/LightHART/data/smartfallmm/young/accelerometer/watch/S33A02T09.csv: Insufficient valid data rows after cleaning: 0
2025-04-14 04:57:23,137 - ERROR - Error processing /mmfs1/home/sww35/testWatchAcc/LightHART/data/smartfallmm/young/accelerometer/watch/S33A02T09.csv: Insufficient valid data rows after cleaning: 0
2025-04-14 04:57:23,148 - INFO - Fixed 30 duplicate timestamps
2025-04-14 04:57:23,154 - WARNING - Found 23 time reversals
2025-04-14 04:57:23,206 - INFO - Fixed 890 duplicate timestamps
2025-04-14 04:57:23,224 - WARNING - Found 337 time reversals
2025-04-14 04:57:23,233 - INFO - Fixed 10 duplicate timestamps
2025-04-14 04:57:23,236 - WARNING - Found 1 time reversals
2025-04-14 04:57:23,240 - INFO - Fixed 7 duplicate timestamps
/mmfs1/home/sww35/testWatchAcc/LightHART/utils/accelerometer_processor.py:44: UserWarning: Could not infer format, so each element will be parsed individually, falling back to `dateutil`. To ensure parsing is consistent and as-expected, please specify a format.
  timestamps = pd.to_datetime(data.iloc[:, 0], errors='coerce')
2025-04-14 04:57:23,244 - WARNING - Found 61 invalid timestamps at rows [  0 406 407 408 409]...
2025-04-14 04:57:23,245 - ERROR - Error processing /mmfs1/home/sww35/testWatchAcc/LightHART/data/smartfallmm/young/accelerometer/watch/S33A03T02.csv: 0
2025-04-14 04:57:23,245 - ERROR - Error processing /mmfs1/home/sww35/testWatchAcc/LightHART/data/smartfallmm/young/accelerometer/watch/S33A03T02.csv: 0
2025-04-14 04:57:23,277 - INFO - Fixed 493 duplicate timestamps
2025-04-14 04:57:23,290 - WARNING - Found 191 time reversals
2025-04-14 04:57:23,300 - INFO - Fixed 19 duplicate timestamps
2025-04-14 04:57:23,305 - WARNING - Found 1 time reversals
2025-04-14 04:57:23,320 - INFO - Fixed 170 duplicate timestamps
2025-04-14 04:57:23,325 - WARNING - Found 59 time reversals
2025-04-14 04:57:23,337 - INFO - Fixed 88 duplicate timestamps
2025-04-14 04:57:23,341 - WARNING - Found 22 time reversals
/mmfs1/home/sww35/testWatchAcc/LightHART/utils/accelerometer_processor.py:44: UserWarning: Could not infer format, so each element will be parsed individually, falling back to `dateutil`. To ensure parsing is consistent and as-expected, please specify a format.
  timestamps = pd.to_datetime(data.iloc[:, 0], errors='coerce')
2025-04-14 04:57:23,344 - WARNING - Found 216 invalid timestamps at rows [  0 435 436 437 438]...
2025-04-14 04:57:23,344 - ERROR - Error processing /mmfs1/home/sww35/testWatchAcc/LightHART/data/smartfallmm/young/accelerometer/watch/S33A13T02.csv: 0
2025-04-14 04:57:23,344 - ERROR - Error processing /mmfs1/home/sww35/testWatchAcc/LightHART/data/smartfallmm/young/accelerometer/watch/S33A13T02.csv: 0
2025-04-14 04:57:23,350 - INFO - Fixed 14 duplicate timestamps
2025-04-14 04:57:23,397 - INFO - Fixed 766 duplicate timestamps
2025-04-14 04:57:23,414 - WARNING - Found 326 time reversals
2025-04-14 04:57:23,423 - INFO - Fixed 98 duplicate timestamps
2025-04-14 04:57:23,426 - WARNING - Found 26 time reversals
2025-04-14 04:57:23,432 - INFO - Fixed 41 duplicate timestamps
2025-04-14 04:57:23,434 - WARNING - Found 11 time reversals
/mmfs1/home/sww35/testWatchAcc/LightHART/utils/accelerometer_processor.py:44: UserWarning: Could not infer format, so each element will be parsed individually, falling back to `dateutil`. To ensure parsing is consistent and as-expected, please specify a format.
  timestamps = pd.to_datetime(data.iloc[:, 0], errors='coerce')
2025-04-14 04:57:23,466 - WARNING - Found 407 invalid timestamps at rows [0 1 2 3 4]...
2025-04-14 04:57:23,467 - ERROR - Error processing /mmfs1/home/sww35/testWatchAcc/LightHART/data/smartfallmm/young/accelerometer/watch/S33A11T04.csv: Insufficient valid data rows after cleaning: 0
2025-04-14 04:57:23,467 - ERROR - Error processing /mmfs1/home/sww35/testWatchAcc/LightHART/data/smartfallmm/young/accelerometer/watch/S33A11T04.csv: Insufficient valid data rows after cleaning: 0
2025-04-14 04:57:23,472 - INFO - Fixed 37 duplicate timestamps
2025-04-14 04:57:23,474 - WARNING - Found 14 time reversals
2025-04-14 04:57:23,478 - INFO - Fixed 4 duplicate timestamps
2025-04-14 04:57:23,493 - INFO - Fixed 39 duplicate timestamps
2025-04-14 04:57:23,500 - WARNING - Found 14 time reversals
2025-04-14 04:57:23,505 - INFO - Fixed 33 duplicate timestamps
2025-04-14 04:57:23,561 - INFO - Fixed 934 duplicate timestamps
2025-04-14 04:57:23,580 - WARNING - Found 430 time reversals
2025-04-14 04:57:23,615 - INFO - Fixed 528 duplicate timestamps
2025-04-14 04:57:23,627 - WARNING - Found 181 time reversals
2025-04-14 04:57:23,666 - INFO - Fixed 692 duplicate timestamps
2025-04-14 04:57:23,681 - WARNING - Found 200 time reversals
/mmfs1/home/sww35/testWatchAcc/LightHART/utils/accelerometer_processor.py:44: UserWarning: Could not infer format, so each element will be parsed individually, falling back to `dateutil`. To ensure parsing is consistent and as-expected, please specify a format.
  timestamps = pd.to_datetime(data.iloc[:, 0], errors='coerce')
2025-04-14 04:57:23,704 - WARNING - Found 281 invalid timestamps at rows [0 1 2 3 4]...
2025-04-14 04:57:23,704 - ERROR - Error processing /mmfs1/home/sww35/testWatchAcc/LightHART/data/smartfallmm/young/accelerometer/watch/S33A07T06.csv: Insufficient valid data rows after cleaning: 0
2025-04-14 04:57:23,704 - ERROR - Error processing /mmfs1/home/sww35/testWatchAcc/LightHART/data/smartfallmm/young/accelerometer/watch/S33A07T06.csv: Insufficient valid data rows after cleaning: 0
2025-04-14 04:57:23,710 - INFO - Fixed 4 duplicate timestamps
2025-04-14 04:57:23,805 - INFO - Fixed 416 duplicate timestamps
2025-04-14 04:57:23,862 - WARNING - Found 162 time reversals
2025-04-14 04:57:23,878 - INFO - Fixed 68 duplicate timestamps
2025-04-14 04:57:23,883 - WARNING - Found 28 time reversals
2025-04-14 04:57:23,889 - INFO - Fixed 3 duplicate timestamps
2025-04-14 04:57:23,917 - INFO - Fixed 435 duplicate timestamps
2025-04-14 04:57:23,927 - WARNING - Found 148 time reversals
2025-04-14 04:57:23,934 - INFO - Fixed 13 duplicate timestamps
/mmfs1/home/sww35/testWatchAcc/LightHART/utils/accelerometer_processor.py:44: UserWarning: Could not infer format, so each element will be parsed individually, falling back to `dateutil`. To ensure parsing is consistent and as-expected, please specify a format.
  timestamps = pd.to_datetime(data.iloc[:, 0], errors='coerce')
2025-04-14 04:57:23,967 - WARNING - Found 507 invalid timestamps at rows [0 1 2 3 4]...
2025-04-14 04:57:23,967 - ERROR - Error processing /mmfs1/home/sww35/testWatchAcc/LightHART/data/smartfallmm/young/accelerometer/watch/S33A08T07.csv: Insufficient valid data rows after cleaning: 0
2025-04-14 04:57:23,967 - ERROR - Error processing /mmfs1/home/sww35/testWatchAcc/LightHART/data/smartfallmm/young/accelerometer/watch/S33A08T07.csv: Insufficient valid data rows after cleaning: 0
2025-04-14 04:57:23,980 - INFO - Fixed 110 duplicate timestamps
2025-04-14 04:57:23,985 - WARNING - Found 40 time reversals
/mmfs1/home/sww35/testWatchAcc/LightHART/utils/accelerometer_processor.py:44: UserWarning: Could not infer format, so each element will be parsed individually, falling back to `dateutil`. To ensure parsing is consistent and as-expected, please specify a format.
  timestamps = pd.to_datetime(data.iloc[:, 0], errors='coerce')
2025-04-14 04:57:24,010 - WARNING - Found 304 invalid timestamps at rows [0 1 2 3 4]...
2025-04-14 04:57:24,010 - ERROR - Error processing /mmfs1/home/sww35/testWatchAcc/LightHART/data/smartfallmm/young/accelerometer/watch/S33A13T09.csv: Insufficient valid data rows after cleaning: 0
2025-04-14 04:57:24,010 - ERROR - Error processing /mmfs1/home/sww35/testWatchAcc/LightHART/data/smartfallmm/young/accelerometer/watch/S33A13T09.csv: Insufficient valid data rows after cleaning: 0
2025-04-14 04:57:24,049 - INFO - Fixed 701 duplicate timestamps
2025-04-14 04:57:24,063 - WARNING - Found 247 time reversals
2025-04-14 04:57:24,098 - INFO - Fixed 119 duplicate timestamps
2025-04-14 04:57:24,118 - WARNING - Found 45 time reversals
2025-04-14 04:57:24,124 - INFO - Fixed 2 duplicate timestamps
2025-04-14 04:57:24,138 - INFO - Fixed 52 duplicate timestamps
2025-04-14 04:57:24,142 - WARNING - Found 13 time reversals
/mmfs1/home/sww35/testWatchAcc/LightHART/utils/accelerometer_processor.py:44: UserWarning: Could not infer format, so each element will be parsed individually, falling back to `dateutil`. To ensure parsing is consistent and as-expected, please specify a format.
  timestamps = pd.to_datetime(data.iloc[:, 0], errors='coerce')
2025-04-14 04:57:24,145 - WARNING - Found 182 invalid timestamps at rows [  0 366 367 368 369]...
2025-04-14 04:57:24,145 - ERROR - Error processing /mmfs1/home/sww35/testWatchAcc/LightHART/data/smartfallmm/young/accelerometer/watch/S33A07T02.csv: 0
2025-04-14 04:57:24,145 - ERROR - Error processing /mmfs1/home/sww35/testWatchAcc/LightHART/data/smartfallmm/young/accelerometer/watch/S33A07T02.csv: 0
/mmfs1/home/sww35/testWatchAcc/LightHART/utils/accelerometer_processor.py:44: UserWarning: Could not infer format, so each element will be parsed individually, falling back to `dateutil`. To ensure parsing is consistent and as-expected, please specify a format.
  timestamps = pd.to_datetime(data.iloc[:, 0], errors='coerce')
2025-04-14 04:57:24,148 - WARNING - Found 170 invalid timestamps at rows [  0 341 342 343 344]...
2025-04-14 04:57:24,148 - ERROR - Error processing /mmfs1/home/sww35/testWatchAcc/LightHART/data/smartfallmm/young/accelerometer/watch/S33A02T01.csv: 0
2025-04-14 04:57:24,148 - ERROR - Error processing /mmfs1/home/sww35/testWatchAcc/LightHART/data/smartfallmm/young/accelerometer/watch/S33A02T01.csv: 0
2025-04-14 04:57:24,175 - INFO - Fixed 430 duplicate timestamps
2025-04-14 04:57:24,186 - WARNING - Found 98 time reversals
2025-04-14 04:57:24,201 - INFO - Fixed 47 duplicate timestamps
2025-04-14 04:57:24,208 - WARNING - Found 16 time reversals
2025-04-14 04:57:24,233 - INFO - Fixed 471 duplicate timestamps
2025-04-14 04:57:24,243 - WARNING - Found 97 time reversals
/mmfs1/home/sww35/testWatchAcc/LightHART/utils/accelerometer_processor.py:44: UserWarning: Could not infer format, so each element will be parsed individually, falling back to `dateutil`. To ensure parsing is consistent and as-expected, please specify a format.
  timestamps = pd.to_datetime(data.iloc[:, 0], errors='coerce')
2025-04-14 04:57:24,277 - WARNING - Found 491 invalid timestamps at rows [0 1 2 3 4]...
2025-04-14 04:57:24,278 - ERROR - Error processing /mmfs1/home/sww35/testWatchAcc/LightHART/data/smartfallmm/young/accelerometer/watch/S33A07T12.csv: Insufficient valid data rows after cleaning: 0
2025-04-14 04:57:24,278 - ERROR - Error processing /mmfs1/home/sww35/testWatchAcc/LightHART/data/smartfallmm/young/accelerometer/watch/S33A07T12.csv: Insufficient valid data rows after cleaning: 0
2025-04-14 04:57:24,284 - INFO - Fixed 15 duplicate timestamps
2025-04-14 04:57:24,286 - WARNING - Found 2 time reversals
2025-04-14 04:57:24,310 - INFO - Fixed 468 duplicate timestamps
2025-04-14 04:57:24,321 - WARNING - Found 79 time reversals
2025-04-14 04:57:24,333 - INFO - Fixed 44 duplicate timestamps
2025-04-14 04:57:24,339 - WARNING - Found 16 time reversals
/mmfs1/home/sww35/testWatchAcc/LightHART/utils/accelerometer_processor.py:44: UserWarning: Could not infer format, so each element will be parsed individually, falling back to `dateutil`. To ensure parsing is consistent and as-expected, please specify a format.
  timestamps = pd.to_datetime(data.iloc[:, 0], errors='coerce')
2025-04-14 04:57:24,368 - WARNING - Found 309 invalid timestamps at rows [0 1 2 3 4]...
2025-04-14 04:57:24,369 - ERROR - Error processing /mmfs1/home/sww35/testWatchAcc/LightHART/data/smartfallmm/young/accelerometer/watch/S33A01T04.csv: Insufficient valid data rows after cleaning: 0
2025-04-14 04:57:24,369 - ERROR - Error processing /mmfs1/home/sww35/testWatchAcc/LightHART/data/smartfallmm/young/accelerometer/watch/S33A01T04.csv: Insufficient valid data rows after cleaning: 0
/mmfs1/home/sww35/testWatchAcc/LightHART/utils/accelerometer_processor.py:44: UserWarning: Could not infer format, so each element will be parsed individually, falling back to `dateutil`. To ensure parsing is consistent and as-expected, please specify a format.
  timestamps = pd.to_datetime(data.iloc[:, 0], errors='coerce')
2025-04-14 04:57:24,403 - WARNING - Found 486 invalid timestamps at rows [0 1 2 3 4]...
2025-04-14 04:57:24,404 - ERROR - Error processing /mmfs1/home/sww35/testWatchAcc/LightHART/data/smartfallmm/young/accelerometer/watch/S33A02T07.csv: Insufficient valid data rows after cleaning: 0
2025-04-14 04:57:24,404 - ERROR - Error processing /mmfs1/home/sww35/testWatchAcc/LightHART/data/smartfallmm/young/accelerometer/watch/S33A02T07.csv: Insufficient valid data rows after cleaning: 0
/mmfs1/home/sww35/testWatchAcc/LightHART/utils/accelerometer_processor.py:44: UserWarning: Could not infer format, so each element will be parsed individually, falling back to `dateutil`. To ensure parsing is consistent and as-expected, please specify a format.
  timestamps = pd.to_datetime(data.iloc[:, 0], errors='coerce')
2025-04-14 04:57:24,438 - WARNING - Found 448 invalid timestamps at rows [0 1 2 3 4]...
2025-04-14 04:57:24,439 - ERROR - Error processing /mmfs1/home/sww35/testWatchAcc/LightHART/data/smartfallmm/young/accelerometer/watch/S33A10T05.csv: Insufficient valid data rows after cleaning: 0
2025-04-14 04:57:24,439 - ERROR - Error processing /mmfs1/home/sww35/testWatchAcc/LightHART/data/smartfallmm/young/accelerometer/watch/S33A10T05.csv: Insufficient valid data rows after cleaning: 0
2025-04-14 04:57:24,451 - INFO - Fixed 91 duplicate timestamps
2025-04-14 04:57:24,456 - WARNING - Found 35 time reversals
2025-04-14 04:57:24,505 - INFO - Fixed 786 duplicate timestamps
2025-04-14 04:57:24,523 - WARNING - Found 284 time reversals
2025-04-14 04:57:24,528 - INFO - Fixed 2 duplicate timestamps
2025-04-14 04:57:24,533 - INFO - Fixed 1 duplicate timestamps
2025-04-14 04:57:24,552 - INFO - Fixed 13 duplicate timestamps
2025-04-14 04:57:24,571 - INFO - Fixed 31 duplicate timestamps
2025-04-14 04:57:24,576 - WARNING - Found 10 time reversals
2025-04-14 04:57:24,584 - INFO - Fixed 7 duplicate timestamps
2025-04-14 04:57:24,585 - WARNING - Found 1 time reversals
/mmfs1/home/sww35/testWatchAcc/LightHART/utils/accelerometer_processor.py:44: UserWarning: Could not infer format, so each element will be parsed individually, falling back to `dateutil`. To ensure parsing is consistent and as-expected, please specify a format.
  timestamps = pd.to_datetime(data.iloc[:, 0], errors='coerce')
2025-04-14 04:57:24,607 - WARNING - Found 259 invalid timestamps at rows [0 1 2 3 4]...
2025-04-14 04:57:24,607 - ERROR - Error processing /mmfs1/home/sww35/testWatchAcc/LightHART/data/smartfallmm/young/accelerometer/watch/S33A03T09.csv: Insufficient valid data rows after cleaning: 0
2025-04-14 04:57:24,607 - ERROR - Error processing /mmfs1/home/sww35/testWatchAcc/LightHART/data/smartfallmm/young/accelerometer/watch/S33A03T09.csv: Insufficient valid data rows after cleaning: 0
2025-04-14 04:57:24,621 - INFO - Fixed 174 duplicate timestamps
2025-04-14 04:57:24,623 - WARNING - Found 64 time reversals
2025-04-14 04:57:24,631 - INFO - Fixed 5 duplicate timestamps
2025-04-14 04:57:24,644 - INFO - Fixed 68 duplicate timestamps
2025-04-14 04:57:24,650 - WARNING - Found 28 time reversals
2025-04-14 04:57:24,684 - INFO - Fixed 547 duplicate timestamps
2025-04-14 04:57:24,698 - WARNING - Found 139 time reversals
2025-04-14 04:57:24,705 - INFO - Fixed 37 duplicate timestamps
2025-04-14 04:57:24,707 - WARNING - Found 7 time reversals
2025-04-14 04:57:24,716 - INFO - Fixed 73 duplicate timestamps
/mmfs1/home/sww35/testWatchAcc/LightHART/utils/accelerometer_processor.py:44: UserWarning: Could not infer format, so each element will be parsed individually, falling back to `dateutil`. To ensure parsing is consistent and as-expected, please specify a format.
  timestamps = pd.to_datetime(data.iloc[:, 0], errors='coerce')
2025-04-14 04:57:24,722 - WARNING - Found 1 invalid timestamps at rows [0]...
2025-04-14 04:57:24,723 - ERROR - Error processing /mmfs1/home/sww35/testWatchAcc/LightHART/data/smartfallmm/young/accelerometer/watch/S33A10T01.csv: 0
2025-04-14 04:57:24,723 - ERROR - Error processing /mmfs1/home/sww35/testWatchAcc/LightHART/data/smartfallmm/young/accelerometer/watch/S33A10T01.csv: 0
2025-04-14 04:57:24,729 - INFO - Fixed 55 duplicate timestamps
2025-04-14 04:57:24,731 - WARNING - Found 16 time reversals
/mmfs1/home/sww35/testWatchAcc/LightHART/utils/accelerometer_processor.py:44: UserWarning: Could not infer format, so each element will be parsed individually, falling back to `dateutil`. To ensure parsing is consistent and as-expected, please specify a format.
  timestamps = pd.to_datetime(data.iloc[:, 0], errors='coerce')
2025-04-14 04:57:24,736 - WARNING - Found 1 invalid timestamps at rows [0]...
2025-04-14 04:57:24,737 - ERROR - Error processing /mmfs1/home/sww35/testWatchAcc/LightHART/data/smartfallmm/young/accelerometer/watch/S33A03T03.csv: 0
2025-04-14 04:57:24,737 - ERROR - Error processing /mmfs1/home/sww35/testWatchAcc/LightHART/data/smartfallmm/young/accelerometer/watch/S33A03T03.csv: 0
2025-04-14 04:57:24,766 - INFO - Fixed 447 duplicate timestamps
2025-04-14 04:57:24,777 - WARNING - Found 180 time reversals
2025-04-14 04:57:24,785 - INFO - Fixed 70 duplicate timestamps
2025-04-14 04:57:24,788 - WARNING - Found 7 time reversals
2025-04-14 04:57:24,801 - INFO - Fixed 68 duplicate timestamps
2025-04-14 04:57:24,806 - WARNING - Found 28 time reversals
2025-04-14 04:57:24,813 - INFO - Fixed 50 duplicate timestamps
2025-04-14 04:57:24,814 - WARNING - Found 13 time reversals
2025-04-14 04:57:24,823 - INFO - Fixed 1 duplicate timestamps
2025-04-14 04:57:24,836 - INFO - Fixed 51 duplicate timestamps
2025-04-14 04:57:24,849 - INFO - Fixed 56 duplicate timestamps
2025-04-14 04:57:24,851 - WARNING - Found 14 time reversals
/mmfs1/home/sww35/testWatchAcc/LightHART/utils/accelerometer_processor.py:44: UserWarning: Could not infer format, so each element will be parsed individually, falling back to `dateutil`. To ensure parsing is consistent and as-expected, please specify a format.
  timestamps = pd.to_datetime(data.iloc[:, 0], errors='coerce')
2025-04-14 04:57:24,877 - WARNING - Found 407 invalid timestamps at rows [0 1 2 3 4]...
2025-04-14 04:57:24,878 - ERROR - Error processing /mmfs1/home/sww35/testWatchAcc/LightHART/data/smartfallmm/young/accelerometer/watch/S33A13T10.csv: Insufficient valid data rows after cleaning: 0
2025-04-14 04:57:24,878 - ERROR - Error processing /mmfs1/home/sww35/testWatchAcc/LightHART/data/smartfallmm/young/accelerometer/watch/S33A13T10.csv: Insufficient valid data rows after cleaning: 0
2025-04-14 04:57:24,884 - INFO - Fixed 16 duplicate timestamps
2025-04-14 04:57:24,899 - INFO - Fixed 164 duplicate timestamps
2025-04-14 04:57:24,904 - WARNING - Found 68 time reversals
/mmfs1/home/sww35/testWatchAcc/LightHART/utils/accelerometer_processor.py:44: UserWarning: Could not infer format, so each element will be parsed individually, falling back to `dateutil`. To ensure parsing is consistent and as-expected, please specify a format.
  timestamps = pd.to_datetime(data.iloc[:, 0], errors='coerce')
2025-04-14 04:57:24,934 - WARNING - Found 382 invalid timestamps at rows [0 1 2 3 4]...
2025-04-14 04:57:24,935 - ERROR - Error processing /mmfs1/home/sww35/testWatchAcc/LightHART/data/smartfallmm/young/accelerometer/watch/S33A09T06.csv: Insufficient valid data rows after cleaning: 0
2025-04-14 04:57:24,935 - ERROR - Error processing /mmfs1/home/sww35/testWatchAcc/LightHART/data/smartfallmm/young/accelerometer/watch/S33A09T06.csv: Insufficient valid data rows after cleaning: 0
2025-04-14 04:57:24,944 - INFO - Fixed 91 duplicate timestamps
2025-04-14 04:57:24,947 - WARNING - Found 30 time reversals
/mmfs1/home/sww35/testWatchAcc/LightHART/utils/accelerometer_processor.py:44: UserWarning: Could not infer format, so each element will be parsed individually, falling back to `dateutil`. To ensure parsing is consistent and as-expected, please specify a format.
  timestamps = pd.to_datetime(data.iloc[:, 0], errors='coerce')
2025-04-14 04:57:24,986 - WARNING - Found 649 invalid timestamps at rows [0 1 2 3 4]...
2025-04-14 04:57:24,986 - ERROR - Error processing /mmfs1/home/sww35/testWatchAcc/LightHART/data/smartfallmm/young/accelerometer/watch/S33A14T07.csv: Insufficient valid data rows after cleaning: 0
2025-04-14 04:57:24,986 - ERROR - Error processing /mmfs1/home/sww35/testWatchAcc/LightHART/data/smartfallmm/young/accelerometer/watch/S33A14T07.csv: Insufficient valid data rows after cleaning: 0
2025-04-14 04:57:24,994 - INFO - Fixed 44 duplicate timestamps
2025-04-14 04:57:24,997 - WARNING - Found 12 time reversals
2025-04-14 04:57:25,024 - INFO - Fixed 410 duplicate timestamps
2025-04-14 04:57:25,033 - WARNING - Found 162 time reversals
2025-04-14 04:57:25,055 - INFO - Fixed 396 duplicate timestamps
2025-04-14 04:57:25,064 - WARNING - Found 66 time reversals
2025-04-14 04:57:25,070 - INFO - Fixed 2 duplicate timestamps
2025-04-14 04:57:25,079 - INFO - Fixed 54 duplicate timestamps
2025-04-14 04:57:25,082 - WARNING - Found 16 time reversals
2025-04-14 04:57:25,085 - INFO - Fixed 1 duplicate timestamps
2025-04-14 04:57:25,093 - INFO - Fixed 6 duplicate timestamps
2025-04-14 04:57:25,101 - INFO - Fixed 3 duplicate timestamps
2025-04-14 04:57:25,146 - INFO - Fixed 772 duplicate timestamps
2025-04-14 04:57:25,161 - WARNING - Found 387 time reversals
/mmfs1/home/sww35/testWatchAcc/LightHART/utils/accelerometer_processor.py:44: UserWarning: Could not infer format, so each element will be parsed individually, falling back to `dateutil`. To ensure parsing is consistent and as-expected, please specify a format.
  timestamps = pd.to_datetime(data.iloc[:, 0], errors='coerce')
2025-04-14 04:57:25,187 - WARNING - Found 328 invalid timestamps at rows [0 1 2 3 4]...
2025-04-14 04:57:25,187 - ERROR - Error processing /mmfs1/home/sww35/testWatchAcc/LightHART/data/smartfallmm/young/accelerometer/watch/S33A08T05.csv: Insufficient valid data rows after cleaning: 0
2025-04-14 04:57:25,187 - ERROR - Error processing /mmfs1/home/sww35/testWatchAcc/LightHART/data/smartfallmm/young/accelerometer/watch/S33A08T05.csv: Insufficient valid data rows after cleaning: 0
2025-04-14 04:57:25,205 - INFO - Fixed 93 duplicate timestamps
2025-04-14 04:57:25,214 - WARNING - Found 29 time reversals
2025-04-14 04:57:25,219 - INFO - Fixed 4 duplicate timestamps
/mmfs1/home/sww35/testWatchAcc/LightHART/utils/accelerometer_processor.py:44: UserWarning: Could not infer format, so each element will be parsed individually, falling back to `dateutil`. To ensure parsing is consistent and as-expected, please specify a format.
  timestamps = pd.to_datetime(data.iloc[:, 0], errors='coerce')
2025-04-14 04:57:25,261 - WARNING - Found 681 invalid timestamps at rows [0 1 2 3 4]...
2025-04-14 04:57:25,261 - ERROR - Error processing /mmfs1/home/sww35/testWatchAcc/LightHART/data/smartfallmm/young/accelerometer/watch/S33A09T08.csv: Insufficient valid data rows after cleaning: 0
2025-04-14 04:57:25,261 - ERROR - Error processing /mmfs1/home/sww35/testWatchAcc/LightHART/data/smartfallmm/young/accelerometer/watch/S33A09T08.csv: Insufficient valid data rows after cleaning: 0
2025-04-14 04:57:25,268 - INFO - Fixed 64 duplicate timestamps
2025-04-14 04:57:25,269 - WARNING - Found 26 time reversals
2025-04-14 04:57:25,276 - INFO - Fixed 8 duplicate timestamps
2025-04-14 04:57:25,278 - WARNING - Found 1 time reversals
/mmfs1/home/sww35/testWatchAcc/LightHART/utils/accelerometer_processor.py:44: UserWarning: Could not infer format, so each element will be parsed individually, falling back to `dateutil`. To ensure parsing is consistent and as-expected, please specify a format.
  timestamps = pd.to_datetime(data.iloc[:, 0], errors='coerce')
2025-04-14 04:57:25,313 - WARNING - Found 468 invalid timestamps at rows [0 1 2 3 4]...
2025-04-14 04:57:25,313 - ERROR - Error processing /mmfs1/home/sww35/testWatchAcc/LightHART/data/smartfallmm/young/accelerometer/watch/S33A05T05.csv: Insufficient valid data rows after cleaning: 0
2025-04-14 04:57:25,313 - ERROR - Error processing /mmfs1/home/sww35/testWatchAcc/LightHART/data/smartfallmm/young/accelerometer/watch/S33A05T05.csv: Insufficient valid data rows after cleaning: 0
2025-04-14 04:57:25,318 - INFO - Fixed 33 duplicate timestamps
2025-04-14 04:57:25,325 - INFO - Fixed 10 duplicate timestamps
2025-04-14 04:57:25,327 - WARNING - Found 1 time reversals
/mmfs1/home/sww35/testWatchAcc/LightHART/utils/accelerometer_processor.py:44: UserWarning: Could not infer format, so each element will be parsed individually, falling back to `dateutil`. To ensure parsing is consistent and as-expected, please specify a format.
  timestamps = pd.to_datetime(data.iloc[:, 0], errors='coerce')
2025-04-14 04:57:25,358 - WARNING - Found 508 invalid timestamps at rows [0 1 2 3 4]...
2025-04-14 04:57:25,358 - ERROR - Error processing /mmfs1/home/sww35/testWatchAcc/LightHART/data/smartfallmm/young/accelerometer/watch/S33A02T10.csv: Insufficient valid data rows after cleaning: 0
2025-04-14 04:57:25,358 - ERROR - Error processing /mmfs1/home/sww35/testWatchAcc/LightHART/data/smartfallmm/young/accelerometer/watch/S33A02T10.csv: Insufficient valid data rows after cleaning: 0
/mmfs1/home/sww35/testWatchAcc/LightHART/utils/accelerometer_processor.py:44: UserWarning: Could not infer format, so each element will be parsed individually, falling back to `dateutil`. To ensure parsing is consistent and as-expected, please specify a format.
  timestamps = pd.to_datetime(data.iloc[:, 0], errors='coerce')
2025-04-14 04:57:25,361 - WARNING - Found 1 invalid timestamps at rows [0]...
2025-04-14 04:57:25,362 - ERROR - Error processing /mmfs1/home/sww35/testWatchAcc/LightHART/data/smartfallmm/young/accelerometer/watch/S33A09T01.csv: 0
2025-04-14 04:57:25,362 - ERROR - Error processing /mmfs1/home/sww35/testWatchAcc/LightHART/data/smartfallmm/young/accelerometer/watch/S33A09T01.csv: 0
2025-04-14 04:57:25,367 - INFO - Fixed 3 duplicate timestamps
2025-04-14 04:57:25,376 - INFO - Fixed 22 duplicate timestamps
2025-04-14 04:57:25,379 - WARNING - Found 2 time reversals
2025-04-14 04:57:25,384 - INFO - Fixed 14 duplicate timestamps
/mmfs1/home/sww35/testWatchAcc/LightHART/utils/accelerometer_processor.py:44: UserWarning: Could not infer format, so each element will be parsed individually, falling back to `dateutil`. To ensure parsing is consistent and as-expected, please specify a format.
  timestamps = pd.to_datetime(data.iloc[:, 0], errors='coerce')
2025-04-14 04:57:25,415 - WARNING - Found 363 invalid timestamps at rows [0 1 2 3 4]...
2025-04-14 04:57:25,416 - ERROR - Error processing /mmfs1/home/sww35/testWatchAcc/LightHART/data/smartfallmm/young/accelerometer/watch/S33A05T07.csv: Insufficient valid data rows after cleaning: 0
2025-04-14 04:57:25,416 - ERROR - Error processing /mmfs1/home/sww35/testWatchAcc/LightHART/data/smartfallmm/young/accelerometer/watch/S33A05T07.csv: Insufficient valid data rows after cleaning: 0
2025-04-14 04:57:25,428 - INFO - Fixed 68 duplicate timestamps
2025-04-14 04:57:25,434 - WARNING - Found 28 time reversals
2025-04-14 04:57:25,702 - INFO - Fixed 1269 duplicate timestamps
2025-04-14 04:57:25,869 - WARNING - Found 515 time reversals
2025-04-14 04:57:25,899 - INFO - Fixed 68 duplicate timestamps
2025-04-14 04:57:25,905 - WARNING - Found 28 time reversals
2025-04-14 04:57:25,934 - INFO - Fixed 444 duplicate timestamps
2025-04-14 04:57:25,945 - WARNING - Found 149 time reversals
2025-04-14 04:57:25,975 - INFO - Fixed 567 duplicate timestamps
2025-04-14 04:57:25,986 - WARNING - Found 108 time reversals
2025-04-14 04:57:26,002 - INFO - Fixed 103 duplicate timestamps
2025-04-14 04:57:26,019 - INFO - Fixed 53 duplicate timestamps
2025-04-14 04:57:26,022 - WARNING - Found 12 time reversals
/mmfs1/home/sww35/testWatchAcc/LightHART/utils/accelerometer_processor.py:44: UserWarning: Could not infer format, so each element will be parsed individually, falling back to `dateutil`. To ensure parsing is consistent and as-expected, please specify a format.
  timestamps = pd.to_datetime(data.iloc[:, 0], errors='coerce')
2025-04-14 04:57:26,057 - WARNING - Found 484 invalid timestamps at rows [0 1 2 3 4]...
2025-04-14 04:57:26,057 - ERROR - Error processing /mmfs1/home/sww35/testWatchAcc/LightHART/data/smartfallmm/young/accelerometer/watch/S33A07T10.csv: Insufficient valid data rows after cleaning: 0
2025-04-14 04:57:26,057 - ERROR - Error processing /mmfs1/home/sww35/testWatchAcc/LightHART/data/smartfallmm/young/accelerometer/watch/S33A07T10.csv: Insufficient valid data rows after cleaning: 0
/mmfs1/home/sww35/testWatchAcc/LightHART/utils/accelerometer_processor.py:44: UserWarning: Could not infer format, so each element will be parsed individually, falling back to `dateutil`. To ensure parsing is consistent and as-expected, please specify a format.
  timestamps = pd.to_datetime(data.iloc[:, 0], errors='coerce')
2025-04-14 04:57:26,087 - WARNING - Found 509 invalid timestamps at rows [0 1 2 3 4]...
2025-04-14 04:57:26,088 - ERROR - Error processing /mmfs1/home/sww35/testWatchAcc/LightHART/data/smartfallmm/young/accelerometer/watch/S33A08T08.csv: Insufficient valid data rows after cleaning: 0
2025-04-14 04:57:26,088 - ERROR - Error processing /mmfs1/home/sww35/testWatchAcc/LightHART/data/smartfallmm/young/accelerometer/watch/S33A08T08.csv: Insufficient valid data rows after cleaning: 0
/mmfs1/home/sww35/testWatchAcc/LightHART/utils/accelerometer_processor.py:44: UserWarning: Could not infer format, so each element will be parsed individually, falling back to `dateutil`. To ensure parsing is consistent and as-expected, please specify a format.
  timestamps = pd.to_datetime(data.iloc[:, 0], errors='coerce')
2025-04-14 04:57:26,091 - WARNING - Found 1 invalid timestamps at rows [0]...
2025-04-14 04:57:26,091 - ERROR - Error processing /mmfs1/home/sww35/testWatchAcc/LightHART/data/smartfallmm/young/accelerometer/watch/S33A03T04.csv: 0
2025-04-14 04:57:26,091 - ERROR - Error processing /mmfs1/home/sww35/testWatchAcc/LightHART/data/smartfallmm/young/accelerometer/watch/S33A03T04.csv: 0
2025-04-14 04:57:26,103 - INFO - Fixed 99 duplicate timestamps
2025-04-14 04:57:26,107 - WARNING - Found 31 time reversals
2025-04-14 04:57:26,112 - INFO - Fixed 1 duplicate timestamps
2025-04-14 04:57:26,127 - INFO - Fixed 56 duplicate timestamps
2025-04-14 04:57:26,172 - INFO - Fixed 630 duplicate timestamps
2025-04-14 04:57:26,189 - WARNING - Found 192 time reversals
2025-04-14 04:57:26,195 - INFO - Fixed 1 duplicate timestamps
2025-04-14 04:57:26,236 - INFO - Fixed 576 duplicate timestamps
2025-04-14 04:57:26,250 - WARNING - Found 228 time reversals
2025-04-14 04:57:26,298 - INFO - Fixed 800 duplicate timestamps
2025-04-14 04:57:26,314 - WARNING - Found 423 time reversals
/mmfs1/home/sww35/testWatchAcc/LightHART/utils/accelerometer_processor.py:44: UserWarning: Could not infer format, so each element will be parsed individually, falling back to `dateutil`. To ensure parsing is consistent and as-expected, please specify a format.
  timestamps = pd.to_datetime(data.iloc[:, 0], errors='coerce')
2025-04-14 04:57:26,356 - WARNING - Found 469 invalid timestamps at rows [0 1 2 3 4]...
2025-04-14 04:57:26,356 - ERROR - Error processing /mmfs1/home/sww35/testWatchAcc/LightHART/data/smartfallmm/young/accelerometer/watch/S33A06T06.csv: Insufficient valid data rows after cleaning: 0
2025-04-14 04:57:26,357 - ERROR - Error processing /mmfs1/home/sww35/testWatchAcc/LightHART/data/smartfallmm/young/accelerometer/watch/S33A06T06.csv: Insufficient valid data rows after cleaning: 0
2025-04-14 04:57:26,366 - INFO - Fixed 19 duplicate timestamps
2025-04-14 04:57:26,371 - WARNING - Found 9 time reversals
2025-04-14 04:57:26,377 - INFO - Fixed 2 duplicate timestamps
2025-04-14 04:57:26,388 - INFO - Fixed 1 duplicate timestamps
/mmfs1/home/sww35/testWatchAcc/LightHART/utils/accelerometer_processor.py:44: UserWarning: Could not infer format, so each element will be parsed individually, falling back to `dateutil`. To ensure parsing is consistent and as-expected, please specify a format.
  timestamps = pd.to_datetime(data.iloc[:, 0], errors='coerce')
2025-04-14 04:57:26,417 - WARNING - Found 337 invalid timestamps at rows [0 1 2 3 4]...
2025-04-14 04:57:26,418 - ERROR - Error processing /mmfs1/home/sww35/testWatchAcc/LightHART/data/smartfallmm/young/accelerometer/watch/S33A03T11.csv: Insufficient valid data rows after cleaning: 0
2025-04-14 04:57:26,418 - ERROR - Error processing /mmfs1/home/sww35/testWatchAcc/LightHART/data/smartfallmm/young/accelerometer/watch/S33A03T11.csv: Insufficient valid data rows after cleaning: 0
2025-04-14 04:57:26,423 - INFO - Fixed 4 duplicate timestamps
2025-04-14 04:57:26,430 - INFO - Fixed 9 duplicate timestamps
2025-04-14 04:57:26,432 - WARNING - Found 1 time reversals
2025-04-14 04:57:26,437 - INFO - Fixed 2 duplicate timestamps
2025-04-14 04:57:26,445 - INFO - Fixed 11 duplicate timestamps
2025-04-14 04:57:26,453 - INFO - Fixed 2 duplicate timestamps
2025-04-14 04:57:26,460 - INFO - Fixed 8 duplicate timestamps
2025-04-14 04:57:26,474 - INFO - Fixed 68 duplicate timestamps
2025-04-14 04:57:26,479 - WARNING - Found 28 time reversals
2025-04-14 04:57:26,484 - INFO - Fixed 8 duplicate timestamps
2025-04-14 04:57:26,486 - WARNING - Found 1 time reversals
2025-04-14 04:57:26,492 - INFO - Fixed 4 duplicate timestamps
2025-04-14 04:57:26,506 - INFO - Fixed 99 duplicate timestamps
2025-04-14 04:57:26,523 - INFO - Fixed 55 duplicate timestamps
2025-04-14 04:57:26,525 - WARNING - Found 29 time reversals
/mmfs1/home/sww35/testWatchAcc/LightHART/utils/accelerometer_processor.py:44: UserWarning: Could not infer format, so each element will be parsed individually, falling back to `dateutil`. To ensure parsing is consistent and as-expected, please specify a format.
  timestamps = pd.to_datetime(data.iloc[:, 0], errors='coerce')
2025-04-14 04:57:26,562 - WARNING - Found 479 invalid timestamps at rows [0 1 2 3 4]...
2025-04-14 04:57:26,563 - ERROR - Error processing /mmfs1/home/sww35/testWatchAcc/LightHART/data/smartfallmm/young/accelerometer/watch/S33A13T11.csv: Insufficient valid data rows after cleaning: 0
2025-04-14 04:57:26,563 - ERROR - Error processing /mmfs1/home/sww35/testWatchAcc/LightHART/data/smartfallmm/young/accelerometer/watch/S33A13T11.csv: Insufficient valid data rows after cleaning: 0
2025-04-14 04:57:26,590 - INFO - Fixed 359 duplicate timestamps
2025-04-14 04:57:26,601 - WARNING - Found 123 time reversals
/mmfs1/home/sww35/testWatchAcc/LightHART/utils/accelerometer_processor.py:44: UserWarning: Could not infer format, so each element will be parsed individually, falling back to `dateutil`. To ensure parsing is consistent and as-expected, please specify a format.
  timestamps = pd.to_datetime(data.iloc[:, 0], errors='coerce')
2025-04-14 04:57:26,605 - WARNING - Found 28 invalid timestamps at rows [  0 454 455 456 457]...
2025-04-14 04:57:26,605 - ERROR - Error processing /mmfs1/home/sww35/testWatchAcc/LightHART/data/smartfallmm/young/accelerometer/watch/S33A14T03.csv: 0
2025-04-14 04:57:26,605 - ERROR - Error processing /mmfs1/home/sww35/testWatchAcc/LightHART/data/smartfallmm/young/accelerometer/watch/S33A14T03.csv: 0
2025-04-14 04:57:26,610 - INFO - Fixed 2 duplicate timestamps
/mmfs1/home/sww35/testWatchAcc/LightHART/utils/accelerometer_processor.py:44: UserWarning: Could not infer format, so each element will be parsed individually, falling back to `dateutil`. To ensure parsing is consistent and as-expected, please specify a format.
  timestamps = pd.to_datetime(data.iloc[:, 0], errors='coerce')
2025-04-14 04:57:26,614 - WARNING - Found 124 invalid timestamps at rows [  0 371 372 373 374]...
2025-04-14 04:57:26,614 - ERROR - Error processing /mmfs1/home/sww35/testWatchAcc/LightHART/data/smartfallmm/young/accelerometer/watch/S33A06T05.csv: 0
2025-04-14 04:57:26,614 - ERROR - Error processing /mmfs1/home/sww35/testWatchAcc/LightHART/data/smartfallmm/young/accelerometer/watch/S33A06T05.csv: 0
/mmfs1/home/sww35/testWatchAcc/LightHART/utils/accelerometer_processor.py:44: UserWarning: Could not infer format, so each element will be parsed individually, falling back to `dateutil`. To ensure parsing is consistent and as-expected, please specify a format.
  timestamps = pd.to_datetime(data.iloc[:, 0], errors='coerce')
2025-04-14 04:57:26,616 - WARNING - Found 1 invalid timestamps at rows [0]...
2025-04-14 04:57:26,617 - ERROR - Error processing /mmfs1/home/sww35/testWatchAcc/LightHART/data/smartfallmm/young/accelerometer/watch/S33A12T01.csv: 0
2025-04-14 04:57:26,617 - ERROR - Error processing /mmfs1/home/sww35/testWatchAcc/LightHART/data/smartfallmm/young/accelerometer/watch/S33A12T01.csv: 0
2025-04-14 04:57:26,621 - INFO - Fixed 10 duplicate timestamps
2025-04-14 04:57:26,623 - WARNING - Found 1 time reversals
2025-04-14 04:57:26,634 - INFO - Fixed 51 duplicate timestamps
/mmfs1/home/sww35/testWatchAcc/LightHART/utils/accelerometer_processor.py:44: UserWarning: Could not infer format, so each element will be parsed individually, falling back to `dateutil`. To ensure parsing is consistent and as-expected, please specify a format.
  timestamps = pd.to_datetime(data.iloc[:, 0], errors='coerce')
2025-04-14 04:57:26,668 - WARNING - Found 373 invalid timestamps at rows [0 1 2 3 4]...
2025-04-14 04:57:26,668 - ERROR - Error processing /mmfs1/home/sww35/testWatchAcc/LightHART/data/smartfallmm/young/accelerometer/watch/S33A09T05.csv: Insufficient valid data rows after cleaning: 0
2025-04-14 04:57:26,668 - ERROR - Error processing /mmfs1/home/sww35/testWatchAcc/LightHART/data/smartfallmm/young/accelerometer/watch/S33A09T05.csv: Insufficient valid data rows after cleaning: 0
2025-04-14 04:57:26,674 - INFO - Fixed 18 duplicate timestamps
/mmfs1/home/sww35/testWatchAcc/LightHART/utils/accelerometer_processor.py:44: UserWarning: Could not infer format, so each element will be parsed individually, falling back to `dateutil`. To ensure parsing is consistent and as-expected, please specify a format.
  timestamps = pd.to_datetime(data.iloc[:, 0], errors='coerce')
2025-04-14 04:57:26,679 - WARNING - Found 171 invalid timestamps at rows [  0 341 342 343 344]...
2025-04-14 04:57:26,679 - ERROR - Error processing /mmfs1/home/sww35/testWatchAcc/LightHART/data/smartfallmm/young/accelerometer/watch/S33A02T03.csv: 0
2025-04-14 04:57:26,679 - ERROR - Error processing /mmfs1/home/sww35/testWatchAcc/LightHART/data/smartfallmm/young/accelerometer/watch/S33A02T03.csv: 0
2025-04-14 04:57:26,706 - INFO - Fixed 472 duplicate timestamps
2025-04-14 04:57:26,716 - WARNING - Found 168 time reversals
2025-04-14 04:57:26,747 - INFO - Fixed 532 duplicate timestamps
2025-04-14 04:57:26,760 - WARNING - Found 126 time reversals
/mmfs1/home/sww35/testWatchAcc/LightHART/utils/accelerometer_processor.py:44: UserWarning: Could not infer format, so each element will be parsed individually, falling back to `dateutil`. To ensure parsing is consistent and as-expected, please specify a format.
  timestamps = pd.to_datetime(data.iloc[:, 0], errors='coerce')
2025-04-14 04:57:26,763 - WARNING - Found 1 invalid timestamps at rows [0]...
2025-04-14 04:57:26,764 - ERROR - Error processing /mmfs1/home/sww35/testWatchAcc/LightHART/data/smartfallmm/young/accelerometer/watch/S33A12T02.csv: 0
2025-04-14 04:57:26,764 - ERROR - Error processing /mmfs1/home/sww35/testWatchAcc/LightHART/data/smartfallmm/young/accelerometer/watch/S33A12T02.csv: 0
2025-04-14 04:57:26,769 - INFO - Fixed 1 duplicate timestamps
2025-04-14 04:57:26,776 - INFO - Fixed 34 duplicate timestamps
2025-04-14 04:57:26,793 - INFO - Fixed 44 duplicate timestamps
2025-04-14 04:57:26,800 - WARNING - Found 14 time reversals
2025-04-14 04:57:26,835 - INFO - Fixed 463 duplicate timestamps
2025-04-14 04:57:26,845 - WARNING - Found 170 time reversals
2025-04-14 04:57:26,855 - INFO - Fixed 10 duplicate timestamps
2025-04-14 04:57:26,857 - WARNING - Found 1 time reversals
2025-04-14 04:57:26,871 - INFO - Fixed 41 duplicate timestamps
2025-04-14 04:57:26,878 - WARNING - Found 17 time reversals
2025-04-14 04:57:26,884 - INFO - Fixed 9 duplicate timestamps
2025-04-14 04:57:26,893 - INFO - Fixed 30 duplicate timestamps
2025-04-14 04:57:26,927 - INFO - Fixed 454 duplicate timestamps
2025-04-14 04:57:27,046 - WARNING - Found 180 time reversals
2025-04-14 04:57:27,061 - INFO - Fixed 20 duplicate timestamps
2025-04-14 04:57:27,076 - INFO - Fixed 55 duplicate timestamps
2025-04-14 04:57:27,078 - WARNING - Found 13 time reversals
2025-04-14 04:57:27,083 - INFO - Fixed 3 duplicate timestamps
2025-04-14 04:57:27,090 - INFO - Fixed 5 duplicate timestamps
2025-04-14 04:57:27,106 - INFO - Fixed 25 duplicate timestamps
2025-04-14 04:57:27,113 - WARNING - Found 8 time reversals
2025-04-14 04:57:27,129 - INFO - Fixed 135 duplicate timestamps
2025-04-14 04:57:27,135 - WARNING - Found 36 time reversals
2025-04-14 04:57:27,147 - INFO - Fixed 13 duplicate timestamps
2025-04-14 04:57:27,156 - INFO - Fixed 1 duplicate timestamps
2025-04-14 04:57:27,162 - INFO - Fixed 8 duplicate timestamps
2025-04-14 04:57:27,163 - WARNING - Found 1 time reversals
2025-04-14 04:57:27,200 - INFO - Fixed 558 duplicate timestamps
2025-04-14 04:57:27,213 - WARNING - Found 206 time reversals
2025-04-14 04:57:27,226 - INFO - Fixed 68 duplicate timestamps
2025-04-14 04:57:27,232 - WARNING - Found 28 time reversals
2025-04-14 04:57:27,272 - INFO - Fixed 600 duplicate timestamps
2025-04-14 04:57:27,286 - WARNING - Found 225 time reversals
2025-04-14 04:57:27,294 - INFO - Fixed 33 duplicate timestamps
2025-04-14 04:57:27,297 - WARNING - Found 17 time reversals
2025-04-14 04:57:27,301 - INFO - Fixed 9 duplicate timestamps
2025-04-14 04:57:27,311 - INFO - Fixed 13 duplicate timestamps
2025-04-14 04:57:27,323 - INFO - Fixed 62 duplicate timestamps
2025-04-14 04:57:27,325 - WARNING - Found 22 time reversals
/mmfs1/home/sww35/testWatchAcc/LightHART/utils/accelerometer_processor.py:44: UserWarning: Could not infer format, so each element will be parsed individually, falling back to `dateutil`. To ensure parsing is consistent and as-expected, please specify a format.
  timestamps = pd.to_datetime(data.iloc[:, 0], errors='coerce')
2025-04-14 04:57:27,329 - WARNING - Found 1 invalid timestamps at rows [0]...
2025-04-14 04:57:27,329 - ERROR - Error processing /mmfs1/home/sww35/testWatchAcc/LightHART/data/smartfallmm/young/accelerometer/watch/S33A06T03.csv: 0
2025-04-14 04:57:27,329 - ERROR - Error processing /mmfs1/home/sww35/testWatchAcc/LightHART/data/smartfallmm/young/accelerometer/watch/S33A06T03.csv: 0
/mmfs1/home/sww35/testWatchAcc/LightHART/utils/accelerometer_processor.py:44: UserWarning: Could not infer format, so each element will be parsed individually, falling back to `dateutil`. To ensure parsing is consistent and as-expected, please specify a format.
  timestamps = pd.to_datetime(data.iloc[:, 0], errors='coerce')
2025-04-14 04:57:27,332 - WARNING - Found 30 invalid timestamps at rows [  0 451 452 453 454]...
2025-04-14 04:57:27,333 - ERROR - Error processing /mmfs1/home/sww35/testWatchAcc/LightHART/data/smartfallmm/young/accelerometer/watch/S33A03T05.csv: 0
2025-04-14 04:57:27,333 - ERROR - Error processing /mmfs1/home/sww35/testWatchAcc/LightHART/data/smartfallmm/young/accelerometer/watch/S33A03T05.csv: 0
2025-04-14 04:57:27,381 - INFO - Fixed 887 duplicate timestamps
2025-04-14 04:57:27,399 - WARNING - Found 351 time reversals
2025-04-14 04:57:27,408 - INFO - Fixed 27 duplicate timestamps
/mmfs1/home/sww35/testWatchAcc/LightHART/utils/accelerometer_processor.py:44: UserWarning: Could not infer format, so each element will be parsed individually, falling back to `dateutil`. To ensure parsing is consistent and as-expected, please specify a format.
  timestamps = pd.to_datetime(data.iloc[:, 0], errors='coerce')
2025-04-14 04:57:27,445 - WARNING - Found 486 invalid timestamps at rows [0 1 2 3 4]...
2025-04-14 04:57:27,446 - ERROR - Error processing /mmfs1/home/sww35/testWatchAcc/LightHART/data/smartfallmm/young/accelerometer/watch/S33A11T02.csv: Insufficient valid data rows after cleaning: 0
2025-04-14 04:57:27,446 - ERROR - Error processing /mmfs1/home/sww35/testWatchAcc/LightHART/data/smartfallmm/young/accelerometer/watch/S33A11T02.csv: Insufficient valid data rows after cleaning: 0
2025-04-14 04:57:27,522 - INFO - Fixed 1512 duplicate timestamps
2025-04-14 04:57:27,546 - WARNING - Found 535 time reversals
2025-04-14 04:57:27,553 - INFO - Fixed 7 duplicate timestamps
2025-04-14 04:57:27,559 - INFO - Fixed 2 duplicate timestamps
2025-04-14 04:57:27,566 - INFO - Fixed 6 duplicate timestamps
/mmfs1/home/sww35/testWatchAcc/LightHART/utils/accelerometer_processor.py:44: UserWarning: Could not infer format, so each element will be parsed individually, falling back to `dateutil`. To ensure parsing is consistent and as-expected, please specify a format.
  timestamps = pd.to_datetime(data.iloc[:, 0], errors='coerce')
2025-04-14 04:57:27,599 - WARNING - Found 509 invalid timestamps at rows [0 1 2 3 4]...
2025-04-14 04:57:27,599 - ERROR - Error processing /mmfs1/home/sww35/testWatchAcc/LightHART/data/smartfallmm/young/accelerometer/watch/S33A08T09.csv: Insufficient valid data rows after cleaning: 0
2025-04-14 04:57:27,600 - ERROR - Error processing /mmfs1/home/sww35/testWatchAcc/LightHART/data/smartfallmm/young/accelerometer/watch/S33A08T09.csv: Insufficient valid data rows after cleaning: 0
2025-04-14 04:57:27,603 - INFO - Fixed 7 duplicate timestamps
2025-04-14 04:57:27,604 - WARNING - Found 1 time reversals
/mmfs1/home/sww35/testWatchAcc/LightHART/utils/accelerometer_processor.py:44: UserWarning: Could not infer format, so each element will be parsed individually, falling back to `dateutil`. To ensure parsing is consistent and as-expected, please specify a format.
  timestamps = pd.to_datetime(data.iloc[:, 0], errors='coerce')
2025-04-14 04:57:27,614 - WARNING - Found 97 invalid timestamps at rows [0 1 2 3 4]...
2025-04-14 04:57:27,614 - ERROR - Error processing /mmfs1/home/sww35/testWatchAcc/LightHART/data/smartfallmm/young/accelerometer/watch/S33A05T06.csv: Insufficient valid data rows after cleaning: 0
2025-04-14 04:57:27,614 - ERROR - Error processing /mmfs1/home/sww35/testWatchAcc/LightHART/data/smartfallmm/young/accelerometer/watch/S33A05T06.csv: Insufficient valid data rows after cleaning: 0
/mmfs1/home/sww35/testWatchAcc/LightHART/utils/accelerometer_processor.py:44: UserWarning: Could not infer format, so each element will be parsed individually, falling back to `dateutil`. To ensure parsing is consistent and as-expected, please specify a format.
  timestamps = pd.to_datetime(data.iloc[:, 0], errors='coerce')
2025-04-14 04:57:27,617 - WARNING - Found 107 invalid timestamps at rows [  0 383 384 385 386]...
2025-04-14 04:57:27,618 - ERROR - Error processing /mmfs1/home/sww35/testWatchAcc/LightHART/data/smartfallmm/young/accelerometer/watch/S33A05T02.csv: 0
2025-04-14 04:57:27,618 - ERROR - Error processing /mmfs1/home/sww35/testWatchAcc/LightHART/data/smartfallmm/young/accelerometer/watch/S33A05T02.csv: 0
2025-04-14 04:57:27,660 - INFO - Fixed 747 duplicate timestamps
2025-04-14 04:57:27,674 - WARNING - Found 371 time reversals
2025-04-14 04:57:27,681 - INFO - Fixed 10 duplicate timestamps
2025-04-14 04:57:27,690 - INFO - Fixed 9 duplicate timestamps
2025-04-14 04:57:27,692 - WARNING - Found 1 time reversals
2025-04-14 04:57:27,701 - INFO - Fixed 1 duplicate timestamps
2025-04-14 04:57:27,707 - INFO - Fixed 6 duplicate timestamps
2025-04-14 04:57:27,709 - WARNING - Found 1 time reversals
2025-04-14 04:57:27,713 - INFO - Fixed 2 duplicate timestamps
2025-04-14 04:57:27,728 - INFO - Fixed 36 duplicate timestamps
2025-04-14 04:57:27,735 - WARNING - Found 12 time reversals
2025-04-14 04:57:27,741 - INFO - Fixed 4 duplicate timestamps
2025-04-14 04:57:27,755 - INFO - Fixed 68 duplicate timestamps
2025-04-14 04:57:27,761 - WARNING - Found 28 time reversals
2025-04-14 04:57:27,765 - INFO - Fixed 8 duplicate timestamps
2025-04-14 04:57:27,777 - INFO - Fixed 83 duplicate timestamps
2025-04-14 04:57:27,782 - WARNING - Found 17 time reversals
2025-04-14 04:57:27,791 - INFO - Fixed 61 duplicate timestamps
2025-04-14 04:57:27,794 - WARNING - Found 21 time reversals
2025-04-14 04:57:27,801 - INFO - Fixed 3 duplicate timestamps
2025-04-14 04:57:27,807 - INFO - Fixed 5 duplicate timestamps
2025-04-14 04:57:27,814 - INFO - Fixed 17 duplicate timestamps
2025-04-14 04:57:27,822 - INFO - Fixed 11 duplicate timestamps
2025-04-14 04:57:27,837 - INFO - Fixed 48 duplicate timestamps
2025-04-14 04:57:27,844 - WARNING - Found 26 time reversals
2025-04-14 04:57:27,854 - INFO - Fixed 69 duplicate timestamps
2025-04-14 04:57:27,857 - WARNING - Found 17 time reversals
2025-04-14 04:57:27,866 - INFO - Fixed 46 duplicate timestamps
2025-04-14 04:57:27,869 - WARNING - Found 12 time reversals
2025-04-14 04:57:27,882 - INFO - Fixed 68 duplicate timestamps
2025-04-14 04:57:27,887 - WARNING - Found 28 time reversals
2025-04-14 04:57:27,894 - INFO - Fixed 14 duplicate timestamps
2025-04-14 04:57:27,896 - WARNING - Found 2 time reversals
2025-04-14 04:57:27,908 - INFO - Fixed 40 duplicate timestamps
2025-04-14 04:57:27,915 - WARNING - Found 13 time reversals
2025-04-14 04:57:27,920 - INFO - Fixed 4 duplicate timestamps
2025-04-14 04:57:27,950 - INFO - Fixed 92 duplicate timestamps
2025-04-14 04:57:27,966 - WARNING - Found 39 time reversals
2025-04-14 04:57:27,972 - INFO - Fixed 8 duplicate timestamps
2025-04-14 04:57:27,973 - WARNING - Found 1 time reversals
2025-04-14 04:57:27,979 - INFO - Fixed 9 duplicate timestamps
2025-04-14 04:57:27,988 - INFO - Fixed 54 duplicate timestamps
2025-04-14 04:57:27,990 - WARNING - Found 13 time reversals
/mmfs1/home/sww35/testWatchAcc/LightHART/utils/accelerometer_processor.py:44: UserWarning: Could not infer format, so each element will be parsed individually, falling back to `dateutil`. To ensure parsing is consistent and as-expected, please specify a format.
  timestamps = pd.to_datetime(data.iloc[:, 0], errors='coerce')
2025-04-14 04:57:27,997 - WARNING - Found 64 invalid timestamps at rows [0 1 2 3 4]...
2025-04-14 04:57:27,997 - ERROR - Error processing /mmfs1/home/sww35/testWatchAcc/LightHART/data/smartfallmm/young/accelerometer/watch/S33A03T10.csv: Insufficient valid data rows after cleaning: 0
2025-04-14 04:57:27,997 - ERROR - Error processing /mmfs1/home/sww35/testWatchAcc/LightHART/data/smartfallmm/young/accelerometer/watch/S33A03T10.csv: Insufficient valid data rows after cleaning: 0
2025-04-14 04:57:28,009 - INFO - Fixed 164 duplicate timestamps
2025-04-14 04:57:28,013 - WARNING - Found 35 time reversals
/mmfs1/home/sww35/testWatchAcc/LightHART/utils/accelerometer_processor.py:44: UserWarning: Could not infer format, so each element will be parsed individually, falling back to `dateutil`. To ensure parsing is consistent and as-expected, please specify a format.
  timestamps = pd.to_datetime(data.iloc[:, 0], errors='coerce')
2025-04-14 04:57:28,049 - WARNING - Found 472 invalid timestamps at rows [0 1 2 3 4]...
2025-04-14 04:57:28,050 - ERROR - Error processing /mmfs1/home/sww35/testWatchAcc/LightHART/data/smartfallmm/young/accelerometer/watch/S33A03T07.csv: Insufficient valid data rows after cleaning: 0
2025-04-14 04:57:28,050 - ERROR - Error processing /mmfs1/home/sww35/testWatchAcc/LightHART/data/smartfallmm/young/accelerometer/watch/S33A03T07.csv: Insufficient valid data rows after cleaning: 0
2025-04-14 04:57:28,062 - INFO - Fixed 48 duplicate timestamps
2025-04-14 04:57:28,068 - WARNING - Found 18 time reversals
/mmfs1/home/sww35/testWatchAcc/LightHART/utils/accelerometer_processor.py:44: UserWarning: Could not infer format, so each element will be parsed individually, falling back to `dateutil`. To ensure parsing is consistent and as-expected, please specify a format.
  timestamps = pd.to_datetime(data.iloc[:, 0], errors='coerce')
2025-04-14 04:57:28,071 - WARNING - Found 169 invalid timestamps at rows [  0 342 343 344 345]...
2025-04-14 04:57:28,071 - ERROR - Error processing /mmfs1/home/sww35/testWatchAcc/LightHART/data/smartfallmm/young/accelerometer/watch/S33A08T01.csv: 0
2025-04-14 04:57:28,071 - ERROR - Error processing /mmfs1/home/sww35/testWatchAcc/LightHART/data/smartfallmm/young/accelerometer/watch/S33A08T01.csv: 0
/mmfs1/home/sww35/testWatchAcc/LightHART/utils/accelerometer_processor.py:44: UserWarning: Could not infer format, so each element will be parsed individually, falling back to `dateutil`. To ensure parsing is consistent and as-expected, please specify a format.
  timestamps = pd.to_datetime(data.iloc[:, 0], errors='coerce')
2025-04-14 04:57:28,099 - WARNING - Found 366 invalid timestamps at rows [0 1 2 3 4]...
2025-04-14 04:57:28,100 - ERROR - Error processing /mmfs1/home/sww35/testWatchAcc/LightHART/data/smartfallmm/young/accelerometer/watch/S33A13T08.csv: Insufficient valid data rows after cleaning: 0
2025-04-14 04:57:28,100 - ERROR - Error processing /mmfs1/home/sww35/testWatchAcc/LightHART/data/smartfallmm/young/accelerometer/watch/S33A13T08.csv: Insufficient valid data rows after cleaning: 0
2025-04-14 04:57:28,105 - INFO - Fixed 2 duplicate timestamps
2025-04-14 04:57:28,113 - INFO - Fixed 12 duplicate timestamps
2025-04-14 04:57:28,152 - INFO - Fixed 552 duplicate timestamps
2025-04-14 04:57:28,164 - WARNING - Found 233 time reversals
2025-04-14 04:57:28,171 - INFO - Fixed 1 duplicate timestamps
2025-04-14 04:57:28,178 - INFO - Fixed 5 duplicate timestamps
2025-04-14 04:57:28,189 - INFO - Fixed 14 duplicate timestamps
2025-04-14 04:57:28,194 - WARNING - Found 2 time reversals
/mmfs1/home/sww35/testWatchAcc/LightHART/utils/accelerometer_processor.py:44: UserWarning: Could not infer format, so each element will be parsed individually, falling back to `dateutil`. To ensure parsing is consistent and as-expected, please specify a format.
  timestamps = pd.to_datetime(data.iloc[:, 0], errors='coerce')
2025-04-14 04:57:28,198 - WARNING - Found 98 invalid timestamps at rows [  0 392 393 394 395]...
2025-04-14 04:57:28,199 - ERROR - Error processing /mmfs1/home/sww35/testWatchAcc/LightHART/data/smartfallmm/young/accelerometer/watch/S33A06T02.csv: 0
2025-04-14 04:57:28,199 - ERROR - Error processing /mmfs1/home/sww35/testWatchAcc/LightHART/data/smartfallmm/young/accelerometer/watch/S33A06T02.csv: 0
/mmfs1/home/sww35/testWatchAcc/LightHART/utils/accelerometer_processor.py:44: UserWarning: Could not infer format, so each element will be parsed individually, falling back to `dateutil`. To ensure parsing is consistent and as-expected, please specify a format.
  timestamps = pd.to_datetime(data.iloc[:, 0], errors='coerce')
2025-04-14 04:57:28,214 - WARNING - Found 183 invalid timestamps at rows [0 1 2 3 4]...
2025-04-14 04:57:28,215 - ERROR - Error processing /mmfs1/home/sww35/testWatchAcc/LightHART/data/smartfallmm/young/accelerometer/watch/S33A01T03.csv: Insufficient valid data rows after cleaning: 0
2025-04-14 04:57:28,215 - ERROR - Error processing /mmfs1/home/sww35/testWatchAcc/LightHART/data/smartfallmm/young/accelerometer/watch/S33A01T03.csv: Insufficient valid data rows after cleaning: 0
2025-04-14 04:57:28,220 - INFO - Fixed 11 duplicate timestamps
2025-04-14 04:57:28,222 - WARNING - Found 1 time reversals
2025-04-14 04:57:28,237 - INFO - Fixed 74 duplicate timestamps
2025-04-14 04:57:28,244 - WARNING - Found 22 time reversals
2025-04-14 04:57:28,250 - INFO - Fixed 3 duplicate timestamps
2025-04-14 04:57:28,269 - INFO - Fixed 68 duplicate timestamps
2025-04-14 04:57:28,278 - WARNING - Found 33 time reversals
/mmfs1/home/sww35/testWatchAcc/LightHART/utils/accelerometer_processor.py:44: UserWarning: Could not infer format, so each element will be parsed individually, falling back to `dateutil`. To ensure parsing is consistent and as-expected, please specify a format.
  timestamps = pd.to_datetime(data.iloc[:, 0], errors='coerce')
2025-04-14 04:57:28,315 - WARNING - Found 486 invalid timestamps at rows [0 1 2 3 4]...
2025-04-14 04:57:28,316 - ERROR - Error processing /mmfs1/home/sww35/testWatchAcc/LightHART/data/smartfallmm/young/accelerometer/watch/S33A09T09.csv: Insufficient valid data rows after cleaning: 0
2025-04-14 04:57:28,316 - ERROR - Error processing /mmfs1/home/sww35/testWatchAcc/LightHART/data/smartfallmm/young/accelerometer/watch/S33A09T09.csv: Insufficient valid data rows after cleaning: 0
/mmfs1/home/sww35/testWatchAcc/LightHART/utils/accelerometer_processor.py:44: UserWarning: Could not infer format, so each element will be parsed individually, falling back to `dateutil`. To ensure parsing is consistent and as-expected, please specify a format.
  timestamps = pd.to_datetime(data.iloc[:, 0], errors='coerce')
2025-04-14 04:57:28,322 - WARNING - Found 1 invalid timestamps at rows [0]...
2025-04-14 04:57:28,322 - ERROR - Error processing /mmfs1/home/sww35/testWatchAcc/LightHART/data/smartfallmm/young/accelerometer/watch/S33A10T02.csv: 0
2025-04-14 04:57:28,322 - ERROR - Error processing /mmfs1/home/sww35/testWatchAcc/LightHART/data/smartfallmm/young/accelerometer/watch/S33A10T02.csv: 0
2025-04-14 04:57:28,331 - INFO - Fixed 121 duplicate timestamps
2025-04-14 04:57:28,334 - WARNING - Found 41 time reversals
2025-04-14 04:57:28,339 - INFO - Fixed 1 duplicate timestamps
2025-04-14 04:57:28,375 - INFO - Fixed 755 duplicate timestamps
2025-04-14 04:57:28,389 - WARNING - Found 167 time reversals
/mmfs1/home/sww35/testWatchAcc/LightHART/utils/accelerometer_processor.py:44: UserWarning: Could not infer format, so each element will be parsed individually, falling back to `dateutil`. To ensure parsing is consistent and as-expected, please specify a format.
  timestamps = pd.to_datetime(data.iloc[:, 0], errors='coerce')
2025-04-14 04:57:28,398 - WARNING - Found 1 invalid timestamps at rows [0]...
2025-04-14 04:57:28,399 - ERROR - Error processing /mmfs1/home/sww35/testWatchAcc/LightHART/data/smartfallmm/young/accelerometer/watch/S33A09T03.csv: 0
2025-04-14 04:57:28,399 - ERROR - Error processing /mmfs1/home/sww35/testWatchAcc/LightHART/data/smartfallmm/young/accelerometer/watch/S33A09T03.csv: 0
2025-04-14 04:57:28,405 - INFO - Fixed 9 duplicate timestamps
/mmfs1/home/sww35/testWatchAcc/LightHART/utils/accelerometer_processor.py:44: UserWarning: Could not infer format, so each element will be parsed individually, falling back to `dateutil`. To ensure parsing is consistent and as-expected, please specify a format.
  timestamps = pd.to_datetime(data.iloc[:, 0], errors='coerce')
2025-04-14 04:57:28,438 - WARNING - Found 510 invalid timestamps at rows [0 1 2 3 4]...
2025-04-14 04:57:28,439 - ERROR - Error processing /mmfs1/home/sww35/testWatchAcc/LightHART/data/smartfallmm/young/accelerometer/watch/S33A02T04.csv: Insufficient valid data rows after cleaning: 0
2025-04-14 04:57:28,439 - ERROR - Error processing /mmfs1/home/sww35/testWatchAcc/LightHART/data/smartfallmm/young/accelerometer/watch/S33A02T04.csv: Insufficient valid data rows after cleaning: 0
/mmfs1/home/sww35/testWatchAcc/LightHART/utils/accelerometer_processor.py:44: UserWarning: Could not infer format, so each element will be parsed individually, falling back to `dateutil`. To ensure parsing is consistent and as-expected, please specify a format.
  timestamps = pd.to_datetime(data.iloc[:, 0], errors='coerce')
2025-04-14 04:57:28,441 - WARNING - Found 109 invalid timestamps at rows [  0 386 387 388 389]...
2025-04-14 04:57:28,442 - ERROR - Error processing /mmfs1/home/sww35/testWatchAcc/LightHART/data/smartfallmm/young/accelerometer/watch/S33A13T01.csv: 0
2025-04-14 04:57:28,442 - ERROR - Error processing /mmfs1/home/sww35/testWatchAcc/LightHART/data/smartfallmm/young/accelerometer/watch/S33A13T01.csv: 0
/mmfs1/home/sww35/testWatchAcc/LightHART/utils/accelerometer_processor.py:44: UserWarning: Could not infer format, so each element will be parsed individually, falling back to `dateutil`. To ensure parsing is consistent and as-expected, please specify a format.
  timestamps = pd.to_datetime(data.iloc[:, 0], errors='coerce')
2025-04-14 04:57:28,472 - WARNING - Found 509 invalid timestamps at rows [0 1 2 3 4]...
2025-04-14 04:57:28,473 - ERROR - Error processing /mmfs1/home/sww35/testWatchAcc/LightHART/data/smartfallmm/young/accelerometer/watch/S33A08T03.csv: Insufficient valid data rows after cleaning: 0
2025-04-14 04:57:28,473 - ERROR - Error processing /mmfs1/home/sww35/testWatchAcc/LightHART/data/smartfallmm/young/accelerometer/watch/S33A08T03.csv: Insufficient valid data rows after cleaning: 0
2025-04-14 04:57:28,477 - INFO - Fixed 2 duplicate timestamps
/mmfs1/home/sww35/testWatchAcc/LightHART/utils/accelerometer_processor.py:44: UserWarning: Could not infer format, so each element will be parsed individually, falling back to `dateutil`. To ensure parsing is consistent and as-expected, please specify a format.
  timestamps = pd.to_datetime(data.iloc[:, 0], errors='coerce')
2025-04-14 04:57:28,505 - WARNING - Found 335 invalid timestamps at rows [0 1 2 3 4]...
2025-04-14 04:57:28,505 - ERROR - Error processing /mmfs1/home/sww35/testWatchAcc/LightHART/data/smartfallmm/young/accelerometer/watch/S33A07T09.csv: Insufficient valid data rows after cleaning: 0
2025-04-14 04:57:28,505 - ERROR - Error processing /mmfs1/home/sww35/testWatchAcc/LightHART/data/smartfallmm/young/accelerometer/watch/S33A07T09.csv: Insufficient valid data rows after cleaning: 0
2025-04-14 04:57:28,519 - INFO - Fixed 12 duplicate timestamps
2025-04-14 04:57:28,524 - WARNING - Found 1 time reversals
2025-04-14 04:57:28,529 - INFO - Fixed 2 duplicate timestamps
/mmfs1/home/sww35/testWatchAcc/LightHART/utils/accelerometer_processor.py:44: UserWarning: Could not infer format, so each element will be parsed individually, falling back to `dateutil`. To ensure parsing is consistent and as-expected, please specify a format.
  timestamps = pd.to_datetime(data.iloc[:, 0], errors='coerce')
2025-04-14 04:57:28,561 - WARNING - Found 511 invalid timestamps at rows [0 1 2 3 4]...
2025-04-14 04:57:28,561 - ERROR - Error processing /mmfs1/home/sww35/testWatchAcc/LightHART/data/smartfallmm/young/accelerometer/watch/S33A03T14.csv: Insufficient valid data rows after cleaning: 0
2025-04-14 04:57:28,561 - ERROR - Error processing /mmfs1/home/sww35/testWatchAcc/LightHART/data/smartfallmm/young/accelerometer/watch/S33A03T14.csv: Insufficient valid data rows after cleaning: 0
2025-04-14 04:57:28,595 - INFO - Fixed 505 duplicate timestamps
2025-04-14 04:57:28,607 - WARNING - Found 180 time reversals
2025-04-14 04:57:28,620 - INFO - Fixed 68 duplicate timestamps
2025-04-14 04:57:28,626 - WARNING - Found 28 time reversals
2025-04-14 04:57:28,632 - INFO - Fixed 6 duplicate timestamps
2025-04-14 04:57:28,663 - INFO - Fixed 452 duplicate timestamps
2025-04-14 04:57:28,674 - WARNING - Found 132 time reversals
/mmfs1/home/sww35/testWatchAcc/LightHART/utils/accelerometer_processor.py:44: UserWarning: Could not infer format, so each element will be parsed individually, falling back to `dateutil`. To ensure parsing is consistent and as-expected, please specify a format.
  timestamps = pd.to_datetime(data.iloc[:, 0], errors='coerce')
2025-04-14 04:57:28,697 - WARNING - Found 288 invalid timestamps at rows [0 1 2 3 4]...
2025-04-14 04:57:28,698 - ERROR - Error processing /mmfs1/home/sww35/testWatchAcc/LightHART/data/smartfallmm/young/accelerometer/watch/S33A11T03.csv: Insufficient valid data rows after cleaning: 0
2025-04-14 04:57:28,698 - ERROR - Error processing /mmfs1/home/sww35/testWatchAcc/LightHART/data/smartfallmm/young/accelerometer/watch/S33A11T03.csv: Insufficient valid data rows after cleaning: 0
2025-04-14 04:57:28,706 - INFO - Fixed 7 duplicate timestamps
2025-04-14 04:57:28,708 - WARNING - Found 1 time reversals
/mmfs1/home/sww35/testWatchAcc/LightHART/utils/accelerometer_processor.py:44: UserWarning: Could not infer format, so each element will be parsed individually, falling back to `dateutil`. To ensure parsing is consistent and as-expected, please specify a format.
  timestamps = pd.to_datetime(data.iloc[:, 0], errors='coerce')
2025-04-14 04:57:28,711 - WARNING - Found 160 invalid timestamps at rows [  0 320 321 322 323]...
2025-04-14 04:57:28,712 - ERROR - Error processing /mmfs1/home/sww35/testWatchAcc/LightHART/data/smartfallmm/young/accelerometer/watch/S33A07T03.csv: 0
2025-04-14 04:57:28,712 - ERROR - Error processing /mmfs1/home/sww35/testWatchAcc/LightHART/data/smartfallmm/young/accelerometer/watch/S33A07T03.csv: 0
2025-04-14 04:57:28,739 - INFO - Fixed 120 duplicate timestamps
2025-04-14 04:57:28,755 - WARNING - Found 35 time reversals
2025-04-14 04:57:28,763 - INFO - Fixed 47 duplicate timestamps
2025-04-14 04:57:28,765 - WARNING - Found 17 time reversals
2025-04-14 04:57:28,784 - INFO - Fixed 100 duplicate timestamps
2025-04-14 04:57:28,794 - WARNING - Found 33 time reversals
2025-04-14 04:57:28,800 - INFO - Fixed 34 duplicate timestamps
2025-04-14 04:57:28,808 - INFO - Fixed 52 duplicate timestamps
2025-04-14 04:57:28,810 - WARNING - Found 9 time reversals
/mmfs1/home/sww35/testWatchAcc/LightHART/utils/accelerometer_processor.py:44: UserWarning: Could not infer format, so each element will be parsed individually, falling back to `dateutil`. To ensure parsing is consistent and as-expected, please specify a format.
  timestamps = pd.to_datetime(data.iloc[:, 0], errors='coerce')
2025-04-14 04:57:28,853 - WARNING - Found 618 invalid timestamps at rows [0 1 2 3 4]...
2025-04-14 04:57:28,853 - ERROR - Error processing /mmfs1/home/sww35/testWatchAcc/LightHART/data/smartfallmm/young/accelerometer/watch/S33A05T04.csv: Insufficient valid data rows after cleaning: 0
2025-04-14 04:57:28,853 - ERROR - Error processing /mmfs1/home/sww35/testWatchAcc/LightHART/data/smartfallmm/young/accelerometer/watch/S33A05T04.csv: Insufficient valid data rows after cleaning: 0
2025-04-14 04:57:28,859 - INFO - Fixed 1 duplicate timestamps
/mmfs1/home/sww35/testWatchAcc/LightHART/utils/accelerometer_processor.py:44: UserWarning: Could not infer format, so each element will be parsed individually, falling back to `dateutil`. To ensure parsing is consistent and as-expected, please specify a format.
  timestamps = pd.to_datetime(data.iloc[:, 0], errors='coerce')
2025-04-14 04:57:28,864 - WARNING - Found 1 invalid timestamps at rows [0]...
2025-04-14 04:57:28,865 - ERROR - Error processing /mmfs1/home/sww35/testWatchAcc/LightHART/data/smartfallmm/young/accelerometer/watch/S33A05T01.csv: 0
2025-04-14 04:57:28,865 - ERROR - Error processing /mmfs1/home/sww35/testWatchAcc/LightHART/data/smartfallmm/young/accelerometer/watch/S33A05T01.csv: 0
2025-04-14 04:57:28,906 - INFO - Fixed 642 duplicate timestamps
2025-04-14 04:57:28,921 - WARNING - Found 228 time reversals
/mmfs1/home/sww35/testWatchAcc/LightHART/utils/accelerometer_processor.py:44: UserWarning: Could not infer format, so each element will be parsed individually, falling back to `dateutil`. To ensure parsing is consistent and as-expected, please specify a format.
  timestamps = pd.to_datetime(data.iloc[:, 0], errors='coerce')
2025-04-14 04:57:28,954 - WARNING - Found 495 invalid timestamps at rows [0 1 2 3 4]...
2025-04-14 04:57:28,954 - ERROR - Error processing /mmfs1/home/sww35/testWatchAcc/LightHART/data/smartfallmm/young/accelerometer/watch/S33A03T06.csv: Insufficient valid data rows after cleaning: 0
2025-04-14 04:57:28,954 - ERROR - Error processing /mmfs1/home/sww35/testWatchAcc/LightHART/data/smartfallmm/young/accelerometer/watch/S33A03T06.csv: Insufficient valid data rows after cleaning: 0
2025-04-14 04:57:28,959 - INFO - Fixed 7 duplicate timestamps
2025-04-14 04:57:28,961 - WARNING - Found 1 time reversals
2025-04-14 04:57:29,004 - INFO - Fixed 733 duplicate timestamps
2025-04-14 04:57:29,020 - WARNING - Found 282 time reversals
2025-04-14 04:57:29,033 - INFO - Fixed 68 duplicate timestamps
2025-04-14 04:57:29,039 - WARNING - Found 28 time reversals
2025-04-14 04:57:29,044 - INFO - Fixed 1 duplicate timestamps
2025-04-14 04:57:29,050 - INFO - Fixed 7 duplicate timestamps
2025-04-14 04:57:29,052 - WARNING - Found 1 time reversals
2025-04-14 04:57:29,057 - INFO - Fixed 2 duplicate timestamps
2025-04-14 04:57:29,091 - INFO - Fixed 471 duplicate timestamps
2025-04-14 04:57:29,103 - WARNING - Found 147 time reversals
2025-04-14 04:57:29,109 - INFO - Fixed 11 duplicate timestamps
2025-04-14 04:57:29,112 - WARNING - Found 2 time reversals
2025-04-14 04:57:29,123 - INFO - Fixed 31 duplicate timestamps
2025-04-14 04:57:29,128 - WARNING - Found 14 time reversals
2025-04-14 04:57:29,133 - INFO - Fixed 1 duplicate timestamps
2025-04-14 04:57:29,141 - INFO - Fixed 1 duplicate timestamps
2025-04-14 04:57:29,152 - INFO - Fixed 2 duplicate timestamps
2025-04-14 04:57:29,162 - INFO - Fixed 17 duplicate timestamps
2025-04-14 04:57:29,164 - WARNING - Found 4 time reversals
2025-04-14 04:57:29,169 - INFO - Fixed 13 duplicate timestamps
2025-04-14 04:57:29,170 - WARNING - Found 2 time reversals
2025-04-14 04:57:29,177 - INFO - Fixed 41 duplicate timestamps
2025-04-14 04:57:29,178 - WARNING - Found 10 time reversals
2025-04-14 04:57:29,183 - INFO - Fixed 14 duplicate timestamps
2025-04-14 04:57:29,184 - WARNING - Found 4 time reversals
2025-04-14 04:57:29,193 - INFO - Fixed 2 duplicate timestamps
2025-04-14 04:57:29,203 - INFO - Fixed 72 duplicate timestamps
2025-04-14 04:57:29,205 - WARNING - Found 18 time reversals
2025-04-14 04:57:29,210 - INFO - Fixed 3 duplicate timestamps
2025-04-14 04:57:29,218 - INFO - Fixed 2 duplicate timestamps
/mmfs1/home/sww35/testWatchAcc/LightHART/utils/accelerometer_processor.py:44: UserWarning: Could not infer format, so each element will be parsed individually, falling back to `dateutil`. To ensure parsing is consistent and as-expected, please specify a format.
  timestamps = pd.to_datetime(data.iloc[:, 0], errors='coerce')
2025-04-14 04:57:29,233 - WARNING - Found 157 invalid timestamps at rows [0 1 2 3 4]...
2025-04-14 04:57:29,233 - ERROR - Error processing /mmfs1/home/sww35/testWatchAcc/LightHART/data/smartfallmm/young/accelerometer/watch/S33A09T07.csv: Insufficient valid data rows after cleaning: 0
2025-04-14 04:57:29,233 - ERROR - Error processing /mmfs1/home/sww35/testWatchAcc/LightHART/data/smartfallmm/young/accelerometer/watch/S33A09T07.csv: Insufficient valid data rows after cleaning: 0
/mmfs1/home/sww35/testWatchAcc/LightHART/utils/accelerometer_processor.py:44: UserWarning: Could not infer format, so each element will be parsed individually, falling back to `dateutil`. To ensure parsing is consistent and as-expected, please specify a format.
  timestamps = pd.to_datetime(data.iloc[:, 0], errors='coerce')
2025-04-14 04:57:29,264 - WARNING - Found 510 invalid timestamps at rows [0 1 2 3 4]...
2025-04-14 04:57:29,264 - ERROR - Error processing /mmfs1/home/sww35/testWatchAcc/LightHART/data/smartfallmm/young/accelerometer/watch/S33A08T02.csv: Insufficient valid data rows after cleaning: 0
2025-04-14 04:57:29,264 - ERROR - Error processing /mmfs1/home/sww35/testWatchAcc/LightHART/data/smartfallmm/young/accelerometer/watch/S33A08T02.csv: Insufficient valid data rows after cleaning: 0
2025-04-14 04:57:29,270 - INFO - Fixed 1 duplicate timestamps
2025-04-14 04:57:29,285 - INFO - Fixed 151 duplicate timestamps
2025-04-14 04:57:29,289 - WARNING - Found 55 time reversals
2025-04-14 04:57:29,295 - INFO - Fixed 2 duplicate timestamps
2025-04-14 04:57:29,351 - INFO - Fixed 934 duplicate timestamps
2025-04-14 04:57:29,370 - WARNING - Found 430 time reversals
/mmfs1/home/sww35/testWatchAcc/LightHART/utils/accelerometer_processor.py:44: UserWarning: Could not infer format, so each element will be parsed individually, falling back to `dateutil`. To ensure parsing is consistent and as-expected, please specify a format.
  timestamps = pd.to_datetime(data.iloc[:, 0], errors='coerce')
2025-04-14 04:57:29,403 - WARNING - Found 510 invalid timestamps at rows [0 1 2 3 4]...
2025-04-14 04:57:29,403 - ERROR - Error processing /mmfs1/home/sww35/testWatchAcc/LightHART/data/smartfallmm/young/accelerometer/watch/S33A03T15.csv: Insufficient valid data rows after cleaning: 0
2025-04-14 04:57:29,403 - ERROR - Error processing /mmfs1/home/sww35/testWatchAcc/LightHART/data/smartfallmm/young/accelerometer/watch/S33A03T15.csv: Insufficient valid data rows after cleaning: 0
/mmfs1/home/sww35/testWatchAcc/LightHART/utils/accelerometer_processor.py:44: UserWarning: Could not infer format, so each element will be parsed individually, falling back to `dateutil`. To ensure parsing is consistent and as-expected, please specify a format.
  timestamps = pd.to_datetime(data.iloc[:, 0], errors='coerce')
2025-04-14 04:57:29,440 - WARNING - Found 614 invalid timestamps at rows [0 1 2 3 4]...
2025-04-14 04:57:29,440 - ERROR - Error processing /mmfs1/home/sww35/testWatchAcc/LightHART/data/smartfallmm/young/accelerometer/watch/S33A09T10.csv: Insufficient valid data rows after cleaning: 0
2025-04-14 04:57:29,440 - ERROR - Error processing /mmfs1/home/sww35/testWatchAcc/LightHART/data/smartfallmm/young/accelerometer/watch/S33A09T10.csv: Insufficient valid data rows after cleaning: 0
2025-04-14 04:57:29,447 - INFO - Fixed 36 duplicate timestamps
2025-04-14 04:57:29,449 - WARNING - Found 6 time reversals
2025-04-14 04:57:29,455 - INFO - Fixed 3 duplicate timestamps
2025-04-14 04:57:29,471 - INFO - Fixed 34 duplicate timestamps
2025-04-14 04:57:29,479 - WARNING - Found 15 time reversals
2025-04-14 04:57:29,482 - INFO - Fixed 5 duplicate timestamps
2025-04-14 04:57:29,493 - INFO - Fixed 8 duplicate timestamps
/mmfs1/home/sww35/testWatchAcc/LightHART/utils/accelerometer_processor.py:44: UserWarning: Could not infer format, so each element will be parsed individually, falling back to `dateutil`. To ensure parsing is consistent and as-expected, please specify a format.
  timestamps = pd.to_datetime(data.iloc[:, 0], errors='coerce')
2025-04-14 04:57:29,506 - WARNING - Found 114 invalid timestamps at rows [0 1 2 3 4]...
2025-04-14 04:57:29,506 - ERROR - Error processing /mmfs1/home/sww35/testWatchAcc/LightHART/data/smartfallmm/young/accelerometer/watch/S33A13T07.csv: Insufficient valid data rows after cleaning: 0
2025-04-14 04:57:29,506 - ERROR - Error processing /mmfs1/home/sww35/testWatchAcc/LightHART/data/smartfallmm/young/accelerometer/watch/S33A13T07.csv: Insufficient valid data rows after cleaning: 0
/mmfs1/home/sww35/testWatchAcc/LightHART/utils/accelerometer_processor.py:44: UserWarning: Could not infer format, so each element will be parsed individually, falling back to `dateutil`. To ensure parsing is consistent and as-expected, please specify a format.
  timestamps = pd.to_datetime(data.iloc[:, 0], errors='coerce')
2025-04-14 04:57:29,508 - WARNING - Found 1 invalid timestamps at rows [0]...
2025-04-14 04:57:29,509 - ERROR - Error processing /mmfs1/home/sww35/testWatchAcc/LightHART/data/smartfallmm/young/accelerometer/watch/S33A06T04.csv: 0
2025-04-14 04:57:29,509 - ERROR - Error processing /mmfs1/home/sww35/testWatchAcc/LightHART/data/smartfallmm/young/accelerometer/watch/S33A06T04.csv: 0
2025-04-14 04:57:29,514 - INFO - Fixed 3 duplicate timestamps
2025-04-14 04:57:29,521 - INFO - Fixed 4 duplicate timestamps
2025-04-14 04:57:29,554 - INFO - Fixed 563 duplicate timestamps
2025-04-14 04:57:29,566 - WARNING - Found 153 time reversals
2025-04-14 04:57:29,574 - INFO - Fixed 28 duplicate timestamps
2025-04-14 04:57:29,576 - WARNING - Found 3 time reversals
2025-04-14 04:57:29,584 - INFO - Fixed 37 duplicate timestamps
2025-04-14 04:57:29,587 - WARNING - Found 7 time reversals
/mmfs1/home/sww35/testWatchAcc/LightHART/utils/accelerometer_processor.py:44: UserWarning: Could not infer format, so each element will be parsed individually, falling back to `dateutil`. To ensure parsing is consistent and as-expected, please specify a format.
  timestamps = pd.to_datetime(data.iloc[:, 0], errors='coerce')
2025-04-14 04:57:29,594 - WARNING - Found 175 invalid timestamps at rows [  0 348 349 350 351]...
2025-04-14 04:57:29,595 - ERROR - Error processing /mmfs1/home/sww35/testWatchAcc/LightHART/data/smartfallmm/young/accelerometer/watch/S33A07T01.csv: 0
2025-04-14 04:57:29,595 - ERROR - Error processing /mmfs1/home/sww35/testWatchAcc/LightHART/data/smartfallmm/young/accelerometer/watch/S33A07T01.csv: 0
2025-04-14 04:57:29,600 - INFO - Fixed 28 duplicate timestamps
2025-04-14 04:57:29,644 - INFO - Fixed 732 duplicate timestamps
2025-04-14 04:57:29,659 - WARNING - Found 196 time reversals
2025-04-14 04:57:29,668 - INFO - Fixed 53 duplicate timestamps
2025-04-14 04:57:29,671 - WARNING - Found 10 time reversals
2025-04-14 04:57:29,702 - INFO - Fixed 466 duplicate timestamps
2025-04-14 04:57:29,712 - WARNING - Found 174 time reversals
2025-04-14 04:57:29,716 - INFO - Fixed 14 duplicate timestamps
2025-04-14 04:57:29,723 - INFO - Fixed 16 duplicate timestamps
2025-04-14 04:57:29,725 - WARNING - Found 1 time reversals
2025-04-14 04:57:29,732 - INFO - Fixed 41 duplicate timestamps
2025-04-14 04:57:29,735 - WARNING - Found 11 time reversals
/mmfs1/home/sww35/testWatchAcc/LightHART/utils/accelerometer_processor.py:44: UserWarning: Could not infer format, so each element will be parsed individually, falling back to `dateutil`. To ensure parsing is consistent and as-expected, please specify a format.
  timestamps = pd.to_datetime(data.iloc[:, 0], errors='coerce')
2025-04-14 04:57:29,769 - WARNING - Found 482 invalid timestamps at rows [0 1 2 3 4]...
2025-04-14 04:57:29,770 - ERROR - Error processing /mmfs1/home/sww35/testWatchAcc/LightHART/data/smartfallmm/young/accelerometer/watch/S33A01T01.csv: Insufficient valid data rows after cleaning: 0
2025-04-14 04:57:29,770 - ERROR - Error processing /mmfs1/home/sww35/testWatchAcc/LightHART/data/smartfallmm/young/accelerometer/watch/S33A01T01.csv: Insufficient valid data rows after cleaning: 0
/mmfs1/home/sww35/testWatchAcc/LightHART/utils/accelerometer_processor.py:44: UserWarning: Could not infer format, so each element will be parsed individually, falling back to `dateutil`. To ensure parsing is consistent and as-expected, please specify a format.
  timestamps = pd.to_datetime(data.iloc[:, 0], errors='coerce')
2025-04-14 04:57:29,772 - WARNING - Found 167 invalid timestamps at rows [  0 339 340 341 342]...
2025-04-14 04:57:29,773 - ERROR - Error processing /mmfs1/home/sww35/testWatchAcc/LightHART/data/smartfallmm/young/accelerometer/watch/S33A07T04.csv: 0
2025-04-14 04:57:29,773 - ERROR - Error processing /mmfs1/home/sww35/testWatchAcc/LightHART/data/smartfallmm/young/accelerometer/watch/S33A07T04.csv: 0
2025-04-14 04:57:29,805 - INFO - Fixed 505 duplicate timestamps
2025-04-14 04:57:29,817 - WARNING - Found 184 time reversals
2025-04-14 04:57:29,823 - INFO - Fixed 43 duplicate timestamps
2025-04-14 04:57:29,824 - WARNING - Found 15 time reversals
/mmfs1/home/sww35/testWatchAcc/LightHART/utils/accelerometer_processor.py:44: UserWarning: Could not infer format, so each element will be parsed individually, falling back to `dateutil`. To ensure parsing is consistent and as-expected, please specify a format.
  timestamps = pd.to_datetime(data.iloc[:, 0], errors='coerce')
2025-04-14 04:57:29,827 - WARNING - Found 1 invalid timestamps at rows [0]...
2025-04-14 04:57:29,828 - ERROR - Error processing /mmfs1/home/sww35/testWatchAcc/LightHART/data/smartfallmm/young/accelerometer/watch/S33A14T01.csv: 0
2025-04-14 04:57:29,828 - ERROR - Error processing /mmfs1/home/sww35/testWatchAcc/LightHART/data/smartfallmm/young/accelerometer/watch/S33A14T01.csv: 0
/mmfs1/home/sww35/testWatchAcc/LightHART/utils/accelerometer_processor.py:44: UserWarning: Could not infer format, so each element will be parsed individually, falling back to `dateutil`. To ensure parsing is consistent and as-expected, please specify a format.
  timestamps = pd.to_datetime(data.iloc[:, 0], errors='coerce')
2025-04-14 04:57:29,830 - WARNING - Found 1 invalid timestamps at rows [0]...
2025-04-14 04:57:29,831 - ERROR - Error processing /mmfs1/home/sww35/testWatchAcc/LightHART/data/smartfallmm/young/accelerometer/watch/S33A14T04.csv: 0
2025-04-14 04:57:29,831 - ERROR - Error processing /mmfs1/home/sww35/testWatchAcc/LightHART/data/smartfallmm/young/accelerometer/watch/S33A14T04.csv: 0
2025-04-14 04:57:29,835 - INFO - Fixed 2 duplicate timestamps
2025-04-14 04:57:29,842 - INFO - Fixed 15 duplicate timestamps
2025-04-14 04:57:29,844 - WARNING - Found 3 time reversals
2025-04-14 04:57:29,850 - INFO - Fixed 6 duplicate timestamps
/mmfs1/home/sww35/testWatchAcc/LightHART/utils/accelerometer_processor.py:44: UserWarning: Could not infer format, so each element will be parsed individually, falling back to `dateutil`. To ensure parsing is consistent and as-expected, please specify a format.
  timestamps = pd.to_datetime(data.iloc[:, 0], errors='coerce')
2025-04-14 04:57:29,854 - WARNING - Found 1 invalid timestamps at rows [0]...
2025-04-14 04:57:29,855 - ERROR - Error processing /mmfs1/home/sww35/testWatchAcc/LightHART/data/smartfallmm/young/accelerometer/watch/S33A07T05.csv: 0
2025-04-14 04:57:29,855 - ERROR - Error processing /mmfs1/home/sww35/testWatchAcc/LightHART/data/smartfallmm/young/accelerometer/watch/S33A07T05.csv: 0
/mmfs1/home/sww35/testWatchAcc/LightHART/utils/accelerometer_processor.py:44: UserWarning: Could not infer format, so each element will be parsed individually, falling back to `dateutil`. To ensure parsing is consistent and as-expected, please specify a format.
  timestamps = pd.to_datetime(data.iloc[:, 0], errors='coerce')
2025-04-14 04:57:29,876 - WARNING - Found 259 invalid timestamps at rows [0 1 2 3 4]...
2025-04-14 04:57:29,876 - ERROR - Error processing /mmfs1/home/sww35/testWatchAcc/LightHART/data/smartfallmm/young/accelerometer/watch/S33A06T09.csv: Insufficient valid data rows after cleaning: 0
2025-04-14 04:57:29,876 - ERROR - Error processing /mmfs1/home/sww35/testWatchAcc/LightHART/data/smartfallmm/young/accelerometer/watch/S33A06T09.csv: Insufficient valid data rows after cleaning: 0
2025-04-14 04:57:29,892 - INFO - Fixed 68 duplicate timestamps
2025-04-14 04:57:29,899 - WARNING - Found 31 time reversals
2025-04-14 04:57:29,904 - INFO - Fixed 3 duplicate timestamps
2025-04-14 04:57:29,916 - INFO - Fixed 113 duplicate timestamps
2025-04-14 04:57:29,919 - WARNING - Found 38 time reversals
2025-04-14 04:57:29,939 - INFO - Fixed 50 duplicate timestamps
2025-04-14 04:57:29,946 - WARNING - Found 16 time reversals
2025-04-14 04:57:29,953 - INFO - Fixed 7 duplicate timestamps
/mmfs1/home/sww35/testWatchAcc/LightHART/utils/accelerometer_processor.py:44: UserWarning: Could not infer format, so each element will be parsed individually, falling back to `dateutil`. To ensure parsing is consistent and as-expected, please specify a format.
  timestamps = pd.to_datetime(data.iloc[:, 0], errors='coerce')
2025-04-14 04:57:29,958 - WARNING - Found 1 invalid timestamps at rows [0]...
2025-04-14 04:57:29,958 - ERROR - Error processing /mmfs1/home/sww35/testWatchAcc/LightHART/data/smartfallmm/young/accelerometer/watch/S33A09T04.csv: 0
2025-04-14 04:57:29,958 - ERROR - Error processing /mmfs1/home/sww35/testWatchAcc/LightHART/data/smartfallmm/young/accelerometer/watch/S33A09T04.csv: 0
2025-04-14 04:57:29,971 - INFO - Fixed 22 duplicate timestamps
2025-04-14 04:57:29,979 - WARNING - Found 11 time reversals
2025-04-14 04:57:29,988 - INFO - Fixed 62 duplicate timestamps
2025-04-14 04:57:29,992 - WARNING - Found 16 time reversals
/mmfs1/home/sww35/testWatchAcc/LightHART/utils/accelerometer_processor.py:44: UserWarning: Could not infer format, so each element will be parsed individually, falling back to `dateutil`. To ensure parsing is consistent and as-expected, please specify a format.
  timestamps = pd.to_datetime(data.iloc[:, 0], errors='coerce')
2025-04-14 04:57:30,023 - WARNING - Found 509 invalid timestamps at rows [0 1 2 3 4]...
2025-04-14 04:57:30,023 - ERROR - Error processing /mmfs1/home/sww35/testWatchAcc/LightHART/data/smartfallmm/young/accelerometer/watch/S33A14T06.csv: Insufficient valid data rows after cleaning: 0
2025-04-14 04:57:30,023 - ERROR - Error processing /mmfs1/home/sww35/testWatchAcc/LightHART/data/smartfallmm/young/accelerometer/watch/S33A14T06.csv: Insufficient valid data rows after cleaning: 0
2025-04-14 04:57:30,029 - INFO - Fixed 53 duplicate timestamps
2025-04-14 04:57:30,064 - INFO - Fixed 514 duplicate timestamps
2025-04-14 04:57:30,076 - WARNING - Found 173 time reversals
2025-04-14 04:57:30,085 - INFO - Fixed 44 duplicate timestamps
2025-04-14 04:57:30,087 - WARNING - Found 10 time reversals
2025-04-14 04:57:30,098 - INFO - Fixed 105 duplicate timestamps
2025-04-14 04:57:30,101 - WARNING - Found 27 time reversals
2025-04-14 04:57:30,150 - INFO - Fixed 750 duplicate timestamps
2025-04-14 04:57:30,170 - WARNING - Found 234 time reversals
2025-04-14 04:57:30,214 - INFO - Fixed 702 duplicate timestamps
2025-04-14 04:57:30,230 - WARNING - Found 285 time reversals
2025-04-14 04:57:30,244 - INFO - Fixed 36 duplicate timestamps
2025-04-14 04:57:30,251 - WARNING - Found 12 time reversals
2025-04-14 04:57:30,256 - INFO - Fixed 8 duplicate timestamps
2025-04-14 04:57:30,258 - WARNING - Found 1 time reversals
2025-04-14 04:57:30,269 - INFO - Fixed 73 duplicate timestamps
2025-04-14 04:57:30,273 - WARNING - Found 16 time reversals
2025-04-14 04:57:30,314 - INFO - Fixed 748 duplicate timestamps
2025-04-14 04:57:30,330 - WARNING - Found 263 time reversals
2025-04-14 04:57:30,368 - INFO - Fixed 563 duplicate timestamps
2025-04-14 04:57:30,381 - WARNING - Found 193 time reversals
2025-04-14 04:57:30,414 - INFO - Fixed 514 duplicate timestamps
2025-04-14 04:57:30,427 - WARNING - Found 142 time reversals
2025-04-14 04:57:30,434 - INFO - Fixed 9 duplicate timestamps
2025-04-14 04:57:30,436 - WARNING - Found 1 time reversals
2025-04-14 04:57:30,444 - INFO - Fixed 57 duplicate timestamps
2025-04-14 04:57:30,446 - WARNING - Found 20 time reversals
2025-04-14 04:57:30,450 - INFO - Fixed 1 duplicate timestamps
2025-04-14 04:57:30,464 - INFO - Fixed 68 duplicate timestamps
2025-04-14 04:57:30,470 - WARNING - Found 28 time reversals
2025-04-14 04:57:30,477 - INFO - Fixed 18 duplicate timestamps
2025-04-14 04:57:30,479 - WARNING - Found 3 time reversals
/mmfs1/home/sww35/testWatchAcc/LightHART/utils/accelerometer_processor.py:44: UserWarning: Could not infer format, so each element will be parsed individually, falling back to `dateutil`. To ensure parsing is consistent and as-expected, please specify a format.
  timestamps = pd.to_datetime(data.iloc[:, 0], errors='coerce')
2025-04-14 04:57:30,506 - WARNING - Found 330 invalid timestamps at rows [0 1 2 3 4]...
2025-04-14 04:57:30,506 - ERROR - Error processing /mmfs1/home/sww35/testWatchAcc/LightHART/data/smartfallmm/young/accelerometer/watch/S33A02T08.csv: Insufficient valid data rows after cleaning: 0
2025-04-14 04:57:30,506 - ERROR - Error processing /mmfs1/home/sww35/testWatchAcc/LightHART/data/smartfallmm/young/accelerometer/watch/S33A02T08.csv: Insufficient valid data rows after cleaning: 0
2025-04-14 04:57:30,518 - INFO - Fixed 68 duplicate timestamps
2025-04-14 04:57:30,524 - WARNING - Found 28 time reversals
2025-04-14 04:57:30,582 - INFO - Fixed 964 duplicate timestamps
2025-04-14 04:57:30,601 - WARNING - Found 332 time reversals
2025-04-14 04:57:30,607 - INFO - Fixed 1 duplicate timestamps
2025-04-14 04:57:30,615 - INFO - Fixed 6 duplicate timestamps
2025-04-14 04:57:30,630 - INFO - Fixed 68 duplicate timestamps
2025-04-14 04:57:30,635 - WARNING - Found 28 time reversals
2025-04-14 04:57:30,640 - INFO - Fixed 2 duplicate timestamps
2025-04-14 04:57:30,668 - INFO - Fixed 530 duplicate timestamps
2025-04-14 04:57:30,680 - WARNING - Found 118 time reversals
2025-04-14 04:57:30,685 - INFO - Fixed 9 duplicate timestamps
2025-04-14 04:57:30,692 - INFO - Fixed 1 duplicate timestamps
/mmfs1/home/sww35/testWatchAcc/LightHART/utils/accelerometer_processor.py:44: UserWarning: Could not infer format, so each element will be parsed individually, falling back to `dateutil`. To ensure parsing is consistent and as-expected, please specify a format.
  timestamps = pd.to_datetime(data.iloc[:, 0], errors='coerce')
2025-04-14 04:57:30,698 - WARNING - Found 38 invalid timestamps at rows [0 1 2 3 4]...
2025-04-14 04:57:30,699 - ERROR - Error processing /mmfs1/home/sww35/testWatchAcc/LightHART/data/smartfallmm/young/accelerometer/watch/S33A08T06.csv: Insufficient valid data rows after cleaning: 0
2025-04-14 04:57:30,699 - ERROR - Error processing /mmfs1/home/sww35/testWatchAcc/LightHART/data/smartfallmm/young/accelerometer/watch/S33A08T06.csv: Insufficient valid data rows after cleaning: 0
2025-04-14 04:57:30,745 - INFO - Fixed 329 duplicate timestamps
2025-04-14 04:57:30,768 - WARNING - Found 165 time reversals
2025-04-14 04:57:30,793 - INFO - Fixed 96 duplicate timestamps
2025-04-14 04:57:30,803 - WARNING - Found 41 time reversals
/mmfs1/home/sww35/testWatchAcc/LightHART/utils/accelerometer_processor.py:44: UserWarning: Could not infer format, so each element will be parsed individually, falling back to `dateutil`. To ensure parsing is consistent and as-expected, please specify a format.
  timestamps = pd.to_datetime(data.iloc[:, 0], errors='coerce')
2025-04-14 04:57:30,807 - WARNING - Found 1 invalid timestamps at rows [0]...
2025-04-14 04:57:30,808 - ERROR - Error processing /mmfs1/home/sww35/testWatchAcc/LightHART/data/smartfallmm/young/accelerometer/watch/S33A12T03.csv: 0
2025-04-14 04:57:30,808 - ERROR - Error processing /mmfs1/home/sww35/testWatchAcc/LightHART/data/smartfallmm/young/accelerometer/watch/S33A12T03.csv: 0
2025-04-14 04:57:30,813 - INFO - Fixed 2 duplicate timestamps
/mmfs1/home/sww35/testWatchAcc/LightHART/utils/accelerometer_processor.py:44: UserWarning: Could not infer format, so each element will be parsed individually, falling back to `dateutil`. To ensure parsing is consistent and as-expected, please specify a format.
  timestamps = pd.to_datetime(data.iloc[:, 0], errors='coerce')
2025-04-14 04:57:30,846 - WARNING - Found 409 invalid timestamps at rows [0 1 2 3 4]...
2025-04-14 04:57:30,846 - ERROR - Error processing /mmfs1/home/sww35/testWatchAcc/LightHART/data/smartfallmm/young/accelerometer/watch/S33A07T08.csv: Insufficient valid data rows after cleaning: 0
2025-04-14 04:57:30,846 - ERROR - Error processing /mmfs1/home/sww35/testWatchAcc/LightHART/data/smartfallmm/young/accelerometer/watch/S33A07T08.csv: Insufficient valid data rows after cleaning: 0
2025-04-14 04:57:30,852 - INFO - Fixed 18 duplicate timestamps
/mmfs1/home/sww35/testWatchAcc/LightHART/utils/accelerometer_processor.py:44: UserWarning: Could not infer format, so each element will be parsed individually, falling back to `dateutil`. To ensure parsing is consistent and as-expected, please specify a format.
  timestamps = pd.to_datetime(data.iloc[:, 0], errors='coerce')
2025-04-14 04:57:30,893 - WARNING - Found 649 invalid timestamps at rows [0 1 2 3 4]...
2025-04-14 04:57:30,894 - ERROR - Error processing /mmfs1/home/sww35/testWatchAcc/LightHART/data/smartfallmm/young/accelerometer/watch/S33A08T10.csv: Insufficient valid data rows after cleaning: 0
2025-04-14 04:57:30,894 - ERROR - Error processing /mmfs1/home/sww35/testWatchAcc/LightHART/data/smartfallmm/young/accelerometer/watch/S33A08T10.csv: Insufficient valid data rows after cleaning: 0
2025-04-14 04:57:30,903 - INFO - Fixed 3 duplicate timestamps
/mmfs1/home/sww35/testWatchAcc/LightHART/utils/accelerometer_processor.py:44: UserWarning: Could not infer format, so each element will be parsed individually, falling back to `dateutil`. To ensure parsing is consistent and as-expected, please specify a format.
  timestamps = pd.to_datetime(data.iloc[:, 0], errors='coerce')
2025-04-14 04:57:30,943 - WARNING - Found 649 invalid timestamps at rows [0 1 2 3 4]...
2025-04-14 04:57:30,943 - ERROR - Error processing /mmfs1/home/sww35/testWatchAcc/LightHART/data/smartfallmm/young/accelerometer/watch/S33A02T05.csv: Insufficient valid data rows after cleaning: 0
2025-04-14 04:57:30,944 - ERROR - Error processing /mmfs1/home/sww35/testWatchAcc/LightHART/data/smartfallmm/young/accelerometer/watch/S33A02T05.csv: Insufficient valid data rows after cleaning: 0
2025-04-14 04:57:30,948 - INFO - Fixed 11 duplicate timestamps
2025-04-14 04:57:30,949 - WARNING - Found 1 time reversals
2025-04-14 04:57:30,959 - INFO - Fixed 67 duplicate timestamps
2025-04-14 04:57:30,962 - WARNING - Found 17 time reversals
/mmfs1/home/sww35/testWatchAcc/LightHART/utils/accelerometer_processor.py:44: UserWarning: Could not infer format, so each element will be parsed individually, falling back to `dateutil`. To ensure parsing is consistent and as-expected, please specify a format.
  timestamps = pd.to_datetime(data.iloc[:, 0], errors='coerce')
2025-04-14 04:57:30,979 - WARNING - Found 202 invalid timestamps at rows [0 1 2 3 4]...
2025-04-14 04:57:30,980 - ERROR - Error processing /mmfs1/home/sww35/testWatchAcc/LightHART/data/smartfallmm/young/accelerometer/watch/S33A03T13.csv: Insufficient valid data rows after cleaning: 0
2025-04-14 04:57:30,980 - ERROR - Error processing /mmfs1/home/sww35/testWatchAcc/LightHART/data/smartfallmm/young/accelerometer/watch/S33A03T13.csv: Insufficient valid data rows after cleaning: 0
2025-04-14 04:57:30,994 - INFO - Fixed 180 duplicate timestamps
2025-04-14 04:57:30,999 - WARNING - Found 59 time reversals
/mmfs1/home/sww35/testWatchAcc/LightHART/utils/accelerometer_processor.py:44: UserWarning: Could not infer format, so each element will be parsed individually, falling back to `dateutil`. To ensure parsing is consistent and as-expected, please specify a format.
  timestamps = pd.to_datetime(data.iloc[:, 0], errors='coerce')
2025-04-14 04:57:31,041 - WARNING - Found 615 invalid timestamps at rows [0 1 2 3 4]...
2025-04-14 04:57:31,042 - ERROR - Error processing /mmfs1/home/sww35/testWatchAcc/LightHART/data/smartfallmm/young/accelerometer/watch/S33A13T06.csv: Insufficient valid data rows after cleaning: 0
2025-04-14 04:57:31,042 - ERROR - Error processing /mmfs1/home/sww35/testWatchAcc/LightHART/data/smartfallmm/young/accelerometer/watch/S33A13T06.csv: Insufficient valid data rows after cleaning: 0
/mmfs1/home/sww35/testWatchAcc/LightHART/utils/accelerometer_processor.py:44: UserWarning: Could not infer format, so each element will be parsed individually, falling back to `dateutil`. To ensure parsing is consistent and as-expected, please specify a format.
  timestamps = pd.to_datetime(data.iloc[:, 0], errors='coerce')
2025-04-14 04:57:31,060 - WARNING - Found 222 invalid timestamps at rows [0 1 2 3 4]...
2025-04-14 04:57:31,060 - ERROR - Error processing /mmfs1/home/sww35/testWatchAcc/LightHART/data/smartfallmm/young/accelerometer/watch/S33A07T07.csv: Insufficient valid data rows after cleaning: 0
2025-04-14 04:57:31,060 - ERROR - Error processing /mmfs1/home/sww35/testWatchAcc/LightHART/data/smartfallmm/young/accelerometer/watch/S33A07T07.csv: Insufficient valid data rows after cleaning: 0
2025-04-14 04:57:31,073 - INFO - Fixed 68 duplicate timestamps
2025-04-14 04:57:31,078 - WARNING - Found 28 time reversals
2025-04-14 04:57:31,091 - INFO - Fixed 68 duplicate timestamps
2025-04-14 04:57:31,097 - WARNING - Found 28 time reversals
2025-04-14 04:57:31,140 - INFO - Fixed 900 duplicate timestamps
2025-04-14 04:57:31,159 - WARNING - Found 221 time reversals
2025-04-14 04:57:31,165 - INFO - Fixed 26 duplicate timestamps
2025-04-14 04:57:31,172 - INFO - Fixed 4 duplicate timestamps
2025-04-14 04:57:31,181 - INFO - Fixed 2 duplicate timestamps
/mmfs1/home/sww35/testWatchAcc/LightHART/utils/accelerometer_processor.py:44: UserWarning: Could not infer format, so each element will be parsed individually, falling back to `dateutil`. To ensure parsing is consistent and as-expected, please specify a format.
  timestamps = pd.to_datetime(data.iloc[:, 0], errors='coerce')
2025-04-14 04:57:31,207 - WARNING - Found 216 invalid timestamps at rows [0 1 2 3 4]...
2025-04-14 04:57:31,208 - ERROR - Error processing /mmfs1/home/sww35/testWatchAcc/LightHART/data/smartfallmm/young/accelerometer/watch/S33A03T08.csv: Insufficient valid data rows after cleaning: 0
2025-04-14 04:57:31,208 - ERROR - Error processing /mmfs1/home/sww35/testWatchAcc/LightHART/data/smartfallmm/young/accelerometer/watch/S33A03T08.csv: Insufficient valid data rows after cleaning: 0
2025-04-14 04:57:31,213 - INFO - Fixed 2 duplicate timestamps
/mmfs1/home/sww35/testWatchAcc/LightHART/utils/accelerometer_processor.py:44: UserWarning: Could not infer format, so each element will be parsed individually, falling back to `dateutil`. To ensure parsing is consistent and as-expected, please specify a format.
  timestamps = pd.to_datetime(data.iloc[:, 0], errors='coerce')
2025-04-14 04:57:31,218 - WARNING - Found 215 invalid timestamps at rows [  0 435 436 437 438]...
2025-04-14 04:57:31,219 - ERROR - Error processing /mmfs1/home/sww35/testWatchAcc/LightHART/data/smartfallmm/young/accelerometer/watch/S33A02T02.csv: 0
2025-04-14 04:57:31,219 - ERROR - Error processing /mmfs1/home/sww35/testWatchAcc/LightHART/data/smartfallmm/young/accelerometer/watch/S33A02T02.csv: 0
2025-04-14 04:57:31,246 - INFO - Fixed 433 duplicate timestamps
2025-04-14 04:57:31,255 - WARNING - Found 139 time reversals
2025-04-14 04:57:31,262 - INFO - Fixed 8 duplicate timestamps
/mmfs1/home/sww35/testWatchAcc/LightHART/utils/accelerometer_processor.py:44: UserWarning: Could not infer format, so each element will be parsed individually, falling back to `dateutil`. To ensure parsing is consistent and as-expected, please specify a format.
  timestamps = pd.to_datetime(data.iloc[:, 0], errors='coerce')
2025-04-14 04:57:31,296 - WARNING - Found 510 invalid timestamps at rows [0 1 2 3 4]...
2025-04-14 04:57:31,296 - ERROR - Error processing /mmfs1/home/sww35/testWatchAcc/LightHART/data/smartfallmm/young/accelerometer/watch/S33A07T11.csv: Insufficient valid data rows after cleaning: 0
2025-04-14 04:57:31,296 - ERROR - Error processing /mmfs1/home/sww35/testWatchAcc/LightHART/data/smartfallmm/young/accelerometer/watch/S33A07T11.csv: Insufficient valid data rows after cleaning: 0
2025-04-14 04:57:31,301 - INFO - Fixed 13 duplicate timestamps
2025-04-14 04:57:31,308 - INFO - Fixed 22 duplicate timestamps
/mmfs1/home/sww35/testWatchAcc/LightHART/utils/accelerometer_processor.py:44: UserWarning: Could not infer format, so each element will be parsed individually, falling back to `dateutil`. To ensure parsing is consistent and as-expected, please specify a format.
  timestamps = pd.to_datetime(data.iloc[:, 0], errors='coerce')
2025-04-14 04:57:31,339 - WARNING - Found 509 invalid timestamps at rows [0 1 2 3 4]...
2025-04-14 04:57:31,340 - ERROR - Error processing /mmfs1/home/sww35/testWatchAcc/LightHART/data/smartfallmm/young/accelerometer/watch/S33A02T06.csv: Insufficient valid data rows after cleaning: 0
2025-04-14 04:57:31,340 - ERROR - Error processing /mmfs1/home/sww35/testWatchAcc/LightHART/data/smartfallmm/young/accelerometer/watch/S33A02T06.csv: Insufficient valid data rows after cleaning: 0
2025-04-14 04:57:31,345 - INFO - Fixed 11 duplicate timestamps
2025-04-14 04:57:31,346 - WARNING - Found 1 time reversals
2025-04-14 04:57:31,351 - INFO - Fixed 1 duplicate timestamps
/mmfs1/home/sww35/testWatchAcc/LightHART/utils/accelerometer_processor.py:44: UserWarning: Could not infer format, so each element will be parsed individually, falling back to `dateutil`. To ensure parsing is consistent and as-expected, please specify a format.
  timestamps = pd.to_datetime(data.iloc[:, 0], errors='coerce')
2025-04-14 04:57:31,357 - WARNING - Found 38 invalid timestamps at rows [0 1 2 3 4]...
2025-04-14 04:57:31,358 - ERROR - Error processing /mmfs1/home/sww35/testWatchAcc/LightHART/data/smartfallmm/young/accelerometer/watch/S33A11T05.csv: Insufficient valid data rows after cleaning: 0
2025-04-14 04:57:31,358 - ERROR - Error processing /mmfs1/home/sww35/testWatchAcc/LightHART/data/smartfallmm/young/accelerometer/watch/S33A11T05.csv: Insufficient valid data rows after cleaning: 0
2025-04-14 04:57:31,374 - INFO - Fixed 41 duplicate timestamps
2025-04-14 04:57:31,383 - WARNING - Found 19 time reversals
/mmfs1/home/sww35/testWatchAcc/LightHART/utils/accelerometer_processor.py:44: UserWarning: Could not infer format, so each element will be parsed individually, falling back to `dateutil`. To ensure parsing is consistent and as-expected, please specify a format.
  timestamps = pd.to_datetime(data.iloc[:, 0], errors='coerce')
2025-04-14 04:57:31,402 - WARNING - Found 221 invalid timestamps at rows [0 1 2 3 4]...
2025-04-14 04:57:31,403 - ERROR - Error processing /mmfs1/home/sww35/testWatchAcc/LightHART/data/smartfallmm/young/accelerometer/watch/S33A01T02.csv: Insufficient valid data rows after cleaning: 0
2025-04-14 04:57:31,403 - ERROR - Error processing /mmfs1/home/sww35/testWatchAcc/LightHART/data/smartfallmm/young/accelerometer/watch/S33A01T02.csv: Insufficient valid data rows after cleaning: 0
2025-04-14 04:57:31,407 - INFO - Fixed 1 duplicate timestamps
2025-04-14 04:57:31,415 - INFO - Fixed 10 duplicate timestamps
2025-04-14 04:57:31,465 - INFO - Fixed 760 duplicate timestamps
2025-04-14 04:57:31,483 - WARNING - Found 154 time reversals
2025-04-14 04:57:31,489 - INFO - Fixed 4 duplicate timestamps
2025-04-14 04:57:31,496 - INFO - Fixed 45 duplicate timestamps
2025-04-14 04:57:31,497 - WARNING - Found 13 time reversals
2025-04-14 04:57:31,503 - INFO - Fixed 9 duplicate timestamps
2025-04-14 04:57:31,505 - WARNING - Found 1 time reversals
2025-04-14 04:57:31,515 - INFO - Fixed 3 duplicate timestamps
2025-04-14 04:57:31,523 - INFO - Fixed 15 duplicate timestamps
2025-04-14 04:57:31,543 - INFO - Fixed 64 duplicate timestamps
2025-04-14 04:57:31,552 - WARNING - Found 16 time reversals
2025-04-14 04:57:31,559 - INFO - Dataset Statistics for subjects [45, 36, 29, 32, 39, 31, 33, 34, 35, 37, 43, 44]:
2025-04-14 04:57:31,559 - INFO - Total files: 564
2025-04-14 04:57:31,559 - INFO - Successfully processed: 454 (80.5%)
2025-04-14 04:57:31,559 - INFO - Errors: 110
2025-04-14 04:57:31,559 - INFO - Falls: 1843 samples
2025-04-14 04:57:31,559 - INFO - Non-falls: 3586 samples
2025-04-14 04:57:31,559 - INFO - Activities distribution:
2025-04-14 04:57:31,559 - INFO -   Activity 1 (ADL): 30 files
2025-04-14 04:57:31,559 - INFO -   Activity 2 (ADL): 42 files
2025-04-14 04:57:31,559 - INFO -   Activity 3 (ADL): 50 files
2025-04-14 04:57:31,559 - INFO -   Activity 4 (ADL): 5 files
2025-04-14 04:57:31,559 - INFO -   Activity 5 (ADL): 45 files
2025-04-14 04:57:31,559 - INFO -   Activity 6 (ADL): 39 files
2025-04-14 04:57:31,559 - INFO -   Activity 7 (ADL): 35 files
2025-04-14 04:57:31,559 - INFO -   Activity 8 (ADL): 46 files
2025-04-14 04:57:31,559 - INFO -   Activity 9 (ADL): 44 files
2025-04-14 04:57:31,559 - INFO -   Activity 10 (Fall): 51 files
2025-04-14 04:57:31,559 - INFO -   Activity 11 (Fall): 39 files
2025-04-14 04:57:31,559 - INFO -   Activity 12 (Fall): 49 files
2025-04-14 04:57:31,559 - INFO -   Activity 13 (Fall): 43 files
2025-04-14 04:57:31,559 - INFO -   Activity 14 (Fall): 46 files
2025-04-14 04:57:32,298 - INFO - Fixed 26 duplicate timestamps
2025-04-14 04:57:32,300 - WARNING - Found 4 time reversals
2025-04-14 04:57:32,311 - INFO - Fixed 94 duplicate timestamps
2025-04-14 04:57:32,314 - WARNING - Found 35 time reversals
2025-04-14 04:57:32,368 - INFO - Fixed 971 duplicate timestamps
2025-04-14 04:57:32,385 - WARNING - Found 431 time reversals
2025-04-14 04:57:32,441 - INFO - Fixed 953 duplicate timestamps
2025-04-14 04:57:32,461 - WARNING - Found 312 time reversals
2025-04-14 04:57:32,469 - INFO - Fixed 8 duplicate timestamps
2025-04-14 04:57:32,471 - WARNING - Found 1 time reversals
2025-04-14 04:57:32,531 - INFO - Fixed 953 duplicate timestamps
2025-04-14 04:57:32,551 - WARNING - Found 312 time reversals
2025-04-14 04:57:32,608 - INFO - Fixed 953 duplicate timestamps
2025-04-14 04:57:32,628 - WARNING - Found 312 time reversals
2025-04-14 04:57:32,635 - INFO - Fixed 29 duplicate timestamps
2025-04-14 04:57:32,636 - WARNING - Found 5 time reversals
2025-04-14 04:57:32,671 - INFO - Fixed 432 duplicate timestamps
2025-04-14 04:57:32,680 - WARNING - Found 186 time reversals
2025-04-14 04:57:32,735 - INFO - Fixed 953 duplicate timestamps
2025-04-14 04:57:32,755 - WARNING - Found 312 time reversals
2025-04-14 04:57:32,763 - INFO - Fixed 1 duplicate timestamps
2025-04-14 04:57:32,775 - INFO - Fixed 93 duplicate timestamps
2025-04-14 04:57:32,779 - WARNING - Found 33 time reversals
2025-04-14 04:57:32,787 - INFO - Fixed 43 duplicate timestamps
2025-04-14 04:57:32,790 - WARNING - Found 17 time reversals
2025-04-14 04:57:32,814 - INFO - Fixed 363 duplicate timestamps
2025-04-14 04:57:32,822 - WARNING - Found 141 time reversals
2025-04-14 04:57:32,828 - INFO - Fixed 2 duplicate timestamps
2025-04-14 04:57:32,842 - INFO - Fixed 75 duplicate timestamps
2025-04-14 04:57:32,847 - WARNING - Found 27 time reversals
2025-04-14 04:57:32,870 - INFO - Fixed 363 duplicate timestamps
2025-04-14 04:57:32,878 - WARNING - Found 137 time reversals
2025-04-14 04:57:32,888 - INFO - Fixed 79 duplicate timestamps
2025-04-14 04:57:32,892 - WARNING - Found 18 time reversals
2025-04-14 04:57:32,900 - INFO - Fixed 9 duplicate timestamps
2025-04-14 04:57:32,954 - INFO - Fixed 971 duplicate timestamps
2025-04-14 04:57:32,971 - WARNING - Found 431 time reversals
2025-04-14 04:57:33,027 - INFO - Fixed 953 duplicate timestamps
2025-04-14 04:57:33,047 - WARNING - Found 312 time reversals
2025-04-14 04:57:33,056 - INFO - Fixed 26 duplicate timestamps
2025-04-14 04:57:33,076 - INFO - Fixed 96 duplicate timestamps
2025-04-14 04:57:33,084 - WARNING - Found 28 time reversals
2025-04-14 04:57:33,111 - INFO - Fixed 430 duplicate timestamps
2025-04-14 04:57:33,120 - WARNING - Found 171 time reversals
2025-04-14 04:57:33,175 - INFO - Fixed 971 duplicate timestamps
2025-04-14 04:57:33,192 - WARNING - Found 431 time reversals
2025-04-14 04:57:33,212 - INFO - Fixed 123 duplicate timestamps
2025-04-14 04:57:33,222 - WARNING - Found 41 time reversals
2025-04-14 04:57:33,281 - INFO - Fixed 953 duplicate timestamps
2025-04-14 04:57:33,301 - WARNING - Found 312 time reversals
2025-04-14 04:57:33,308 - INFO - Fixed 2 duplicate timestamps
2025-04-14 04:57:33,328 - INFO - Fixed 72 duplicate timestamps
2025-04-14 04:57:33,331 - WARNING - Found 19 time reversals
2025-04-14 04:57:33,342 - INFO - Fixed 64 duplicate timestamps
2025-04-14 04:57:33,344 - WARNING - Found 14 time reversals
2025-04-14 04:57:33,348 - INFO - Fixed 6 duplicate timestamps
2025-04-14 04:57:33,404 - INFO - Fixed 953 duplicate timestamps
2025-04-14 04:57:33,424 - WARNING - Found 312 time reversals
2025-04-14 04:57:33,436 - INFO - Fixed 101 duplicate timestamps
2025-04-14 04:57:33,440 - WARNING - Found 37 time reversals
2025-04-14 04:57:33,473 - INFO - Fixed 501 duplicate timestamps
2025-04-14 04:57:33,484 - WARNING - Found 173 time reversals
2025-04-14 04:57:33,504 - INFO - Fixed 123 duplicate timestamps
2025-04-14 04:57:33,514 - WARNING - Found 41 time reversals
2025-04-14 04:57:33,574 - INFO - Fixed 953 duplicate timestamps
2025-04-14 04:57:33,594 - WARNING - Found 312 time reversals
2025-04-14 04:57:33,607 - INFO - Fixed 75 duplicate timestamps
2025-04-14 04:57:33,612 - WARNING - Found 27 time reversals
2025-04-14 04:57:33,618 - INFO - Fixed 8 duplicate timestamps
2025-04-14 04:57:33,626 - INFO - Fixed 1 duplicate timestamps
2025-04-14 04:57:33,646 - INFO - Fixed 252 duplicate timestamps
2025-04-14 04:57:33,650 - WARNING - Found 99 time reversals
2025-04-14 04:57:33,704 - INFO - Fixed 971 duplicate timestamps
2025-04-14 04:57:33,721 - WARNING - Found 431 time reversals
2025-04-14 04:57:33,777 - INFO - Fixed 953 duplicate timestamps
2025-04-14 04:57:33,798 - WARNING - Found 312 time reversals
2025-04-14 04:57:33,854 - INFO - Fixed 953 duplicate timestamps
2025-04-14 04:57:33,875 - WARNING - Found 312 time reversals
2025-04-14 04:57:33,892 - INFO - Fixed 252 duplicate timestamps
2025-04-14 04:57:33,896 - WARNING - Found 99 time reversals
2025-04-14 04:57:33,923 - INFO - Fixed 430 duplicate timestamps
2025-04-14 04:57:33,931 - WARNING - Found 171 time reversals
2025-04-14 04:57:33,939 - INFO - Fixed 51 duplicate timestamps
2025-04-14 04:57:33,957 - INFO - Fixed 252 duplicate timestamps
2025-04-14 04:57:33,961 - WARNING - Found 99 time reversals
2025-04-14 04:57:33,967 - INFO - Fixed 12 duplicate timestamps
2025-04-14 04:57:34,023 - INFO - Fixed 953 duplicate timestamps
2025-04-14 04:57:34,043 - WARNING - Found 312 time reversals
2025-04-14 04:57:34,052 - INFO - Fixed 42 duplicate timestamps
2025-04-14 04:57:34,109 - INFO - Fixed 953 duplicate timestamps
2025-04-14 04:57:34,129 - WARNING - Found 312 time reversals
2025-04-14 04:57:34,139 - INFO - Fixed 73 duplicate timestamps
2025-04-14 04:57:34,142 - WARNING - Found 18 time reversals
2025-04-14 04:57:34,169 - INFO - Fixed 430 duplicate timestamps
2025-04-14 04:57:34,178 - WARNING - Found 171 time reversals
2025-04-14 04:57:34,189 - INFO - Fixed 94 duplicate timestamps
2025-04-14 04:57:34,193 - WARNING - Found 21 time reversals
2025-04-14 04:57:34,220 - INFO - Fixed 430 duplicate timestamps
2025-04-14 04:57:34,228 - WARNING - Found 171 time reversals
2025-04-14 04:57:34,244 - INFO - Fixed 252 duplicate timestamps
2025-04-14 04:57:34,248 - WARNING - Found 99 time reversals
2025-04-14 04:57:34,275 - INFO - Fixed 443 duplicate timestamps
2025-04-14 04:57:34,285 - WARNING - Found 134 time reversals
2025-04-14 04:57:34,297 - INFO - Fixed 75 duplicate timestamps
2025-04-14 04:57:34,302 - WARNING - Found 27 time reversals
2025-04-14 04:57:34,317 - INFO - Fixed 101 duplicate timestamps
2025-04-14 04:57:34,324 - WARNING - Found 32 time reversals
2025-04-14 04:57:34,357 - INFO - Fixed 123 duplicate timestamps
2025-04-14 04:57:34,366 - WARNING - Found 41 time reversals
2025-04-14 04:57:34,373 - INFO - Fixed 28 duplicate timestamps
2025-04-14 04:57:34,375 - WARNING - Found 11 time reversals
2025-04-14 04:57:34,430 - INFO - Fixed 953 duplicate timestamps
2025-04-14 04:57:34,450 - WARNING - Found 312 time reversals
2025-04-14 04:57:34,506 - INFO - Fixed 953 duplicate timestamps
2025-04-14 04:57:34,526 - WARNING - Found 312 time reversals
2025-04-14 04:57:34,547 - INFO - Fixed 123 duplicate timestamps
2025-04-14 04:57:34,557 - WARNING - Found 41 time reversals
2025-04-14 04:57:34,612 - INFO - Fixed 953 duplicate timestamps
2025-04-14 04:57:34,632 - WARNING - Found 312 time reversals
2025-04-14 04:57:34,688 - INFO - Fixed 953 duplicate timestamps
2025-04-14 04:57:34,708 - WARNING - Found 312 time reversals
2025-04-14 04:57:34,729 - INFO - Fixed 123 duplicate timestamps
2025-04-14 04:57:34,740 - WARNING - Found 41 time reversals
2025-04-14 04:57:34,749 - INFO - Fixed 2 duplicate timestamps
2025-04-14 04:57:34,804 - INFO - Fixed 953 duplicate timestamps
2025-04-14 04:57:34,824 - WARNING - Found 312 time reversals
2025-04-14 04:57:34,880 - INFO - Fixed 953 duplicate timestamps
2025-04-14 04:57:34,900 - WARNING - Found 312 time reversals
2025-04-14 04:57:34,908 - INFO - Fixed 12 duplicate timestamps
2025-04-14 04:57:34,938 - INFO - Fixed 443 duplicate timestamps
2025-04-14 04:57:34,948 - WARNING - Found 134 time reversals
2025-04-14 04:57:34,953 - INFO - Fixed 1 duplicate timestamps
2025-04-14 04:57:35,009 - INFO - Fixed 953 duplicate timestamps
2025-04-14 04:57:35,030 - WARNING - Found 312 time reversals
2025-04-14 04:57:35,086 - INFO - Fixed 953 duplicate timestamps
2025-04-14 04:57:35,106 - WARNING - Found 312 time reversals
2025-04-14 04:57:35,113 - INFO - Fixed 9 duplicate timestamps
2025-04-14 04:57:35,131 - INFO - Fixed 252 duplicate timestamps
2025-04-14 04:57:35,135 - WARNING - Found 99 time reversals
2025-04-14 04:57:35,143 - INFO - Fixed 10 duplicate timestamps
2025-04-14 04:57:35,152 - INFO - Fixed 15 duplicate timestamps
2025-04-14 04:57:35,163 - INFO - Fixed 60 duplicate timestamps
2025-04-14 04:57:35,166 - WARNING - Found 11 time reversals
2025-04-14 04:57:35,179 - INFO - Fixed 86 duplicate timestamps
2025-04-14 04:57:35,182 - WARNING - Found 28 time reversals
2025-04-14 04:57:35,237 - INFO - Fixed 953 duplicate timestamps
2025-04-14 04:57:35,257 - WARNING - Found 312 time reversals
2025-04-14 04:57:35,313 - INFO - Fixed 953 duplicate timestamps
2025-04-14 04:57:35,333 - WARNING - Found 312 time reversals
2025-04-14 04:57:35,362 - INFO - Fixed 349 duplicate timestamps
2025-04-14 04:57:35,369 - WARNING - Found 148 time reversals
2025-04-14 04:57:35,373 - INFO - Fixed 3 duplicate timestamps
2025-04-14 04:57:35,429 - INFO - Fixed 953 duplicate timestamps
2025-04-14 04:57:35,449 - WARNING - Found 312 time reversals
2025-04-14 04:57:35,477 - INFO - Fixed 443 duplicate timestamps
2025-04-14 04:57:35,487 - WARNING - Found 134 time reversals
2025-04-14 04:57:35,514 - INFO - Fixed 443 duplicate timestamps
2025-04-14 04:57:35,524 - WARNING - Found 134 time reversals
2025-04-14 04:57:35,533 - INFO - Fixed 52 duplicate timestamps
2025-04-14 04:57:35,535 - WARNING - Found 17 time reversals
2025-04-14 04:57:35,562 - INFO - Fixed 430 duplicate timestamps
2025-04-14 04:57:35,571 - WARNING - Found 171 time reversals
2025-04-14 04:57:35,629 - INFO - Fixed 971 duplicate timestamps
2025-04-14 04:57:35,645 - WARNING - Found 431 time reversals
2025-04-14 04:57:35,672 - INFO - Fixed 397 duplicate timestamps
2025-04-14 04:57:35,680 - WARNING - Found 160 time reversals
2025-04-14 04:57:35,693 - INFO - Fixed 75 duplicate timestamps
2025-04-14 04:57:35,698 - WARNING - Found 27 time reversals
2025-04-14 04:57:35,703 - INFO - Fixed 7 duplicate timestamps
2025-04-14 04:57:35,759 - INFO - Fixed 953 duplicate timestamps
2025-04-14 04:57:35,779 - WARNING - Found 312 time reversals
2025-04-14 04:57:35,788 - INFO - Fixed 61 duplicate timestamps
2025-04-14 04:57:35,792 - WARNING - Found 15 time reversals
2025-04-14 04:57:35,846 - INFO - Fixed 953 duplicate timestamps
2025-04-14 04:57:35,866 - WARNING - Found 312 time reversals
2025-04-14 04:57:35,872 - INFO - Fixed 3 duplicate timestamps
2025-04-14 04:57:35,928 - INFO - Fixed 953 duplicate timestamps
2025-04-14 04:57:35,948 - WARNING - Found 312 time reversals
2025-04-14 04:57:35,954 - INFO - Fixed 1 duplicate timestamps
2025-04-14 04:57:35,962 - INFO - Fixed 5 duplicate timestamps
2025-04-14 04:57:35,974 - INFO - Fixed 29 duplicate timestamps
2025-04-14 04:57:35,975 - WARNING - Found 6 time reversals
2025-04-14 04:57:35,994 - INFO - Fixed 123 duplicate timestamps
2025-04-14 04:57:36,004 - WARNING - Found 41 time reversals
2025-04-14 04:57:36,028 - INFO - Fixed 369 duplicate timestamps
2025-04-14 04:57:36,036 - WARNING - Found 154 time reversals
2025-04-14 04:57:36,050 - INFO - Fixed 95 duplicate timestamps
2025-04-14 04:57:36,056 - WARNING - Found 28 time reversals
2025-04-14 04:57:36,060 - INFO - Fixed 3 duplicate timestamps
2025-04-14 04:57:36,067 - INFO - Fixed 64 duplicate timestamps
2025-04-14 04:57:36,068 - WARNING - Found 25 time reversals
2025-04-14 04:57:36,076 - INFO - Fixed 68 duplicate timestamps
2025-04-14 04:57:36,079 - WARNING - Found 17 time reversals
2025-04-14 04:57:36,137 - INFO - Fixed 953 duplicate timestamps
2025-04-14 04:57:36,157 - WARNING - Found 312 time reversals
2025-04-14 04:57:36,181 - INFO - Fixed 349 duplicate timestamps
2025-04-14 04:57:36,189 - WARNING - Found 148 time reversals
2025-04-14 04:57:36,197 - INFO - Fixed 55 duplicate timestamps
2025-04-14 04:57:36,227 - INFO - Fixed 443 duplicate timestamps
2025-04-14 04:57:36,236 - WARNING - Found 134 time reversals
2025-04-14 04:57:36,291 - INFO - Fixed 953 duplicate timestamps
2025-04-14 04:57:36,312 - WARNING - Found 312 time reversals
2025-04-14 04:57:36,344 - INFO - Fixed 468 duplicate timestamps
2025-04-14 04:57:36,355 - WARNING - Found 154 time reversals
2025-04-14 04:57:36,410 - INFO - Fixed 953 duplicate timestamps
2025-04-14 04:57:36,430 - WARNING - Found 312 time reversals
2025-04-14 04:57:36,443 - INFO - Fixed 75 duplicate timestamps
2025-04-14 04:57:36,448 - WARNING - Found 27 time reversals
2025-04-14 04:57:36,455 - INFO - Fixed 59 duplicate timestamps
2025-04-14 04:57:36,457 - WARNING - Found 22 time reversals
2025-04-14 04:57:36,511 - INFO - Fixed 953 duplicate timestamps
2025-04-14 04:57:36,532 - WARNING - Found 312 time reversals
2025-04-14 04:57:36,557 - INFO - Fixed 365 duplicate timestamps
2025-04-14 04:57:36,565 - WARNING - Found 169 time reversals
2025-04-14 04:57:36,567 - INFO - Dataset Statistics for subjects [38, 46]:
2025-04-14 04:57:36,567 - INFO - Total files: 697
2025-04-14 04:57:36,567 - INFO - Successfully processed: 587 (84.2%)
2025-04-14 04:57:36,567 - INFO - Errors: 110
2025-04-14 04:57:36,567 - INFO - Falls: 141 samples
2025-04-14 04:57:36,567 - INFO - Non-falls: 1801 samples
2025-04-14 04:57:36,567 - INFO - Activities distribution:
2025-04-14 04:57:36,567 - INFO -   Activity 1 (ADL): 40 files
2025-04-14 04:57:36,567 - INFO -   Activity 2 (ADL): 52 files
2025-04-14 04:57:36,567 - INFO -   Activity 3 (ADL): 60 files
2025-04-14 04:57:36,567 - INFO -   Activity 4 (ADL): 10 files
2025-04-14 04:57:36,567 - INFO -   Activity 5 (ADL): 55 files
2025-04-14 04:57:36,567 - INFO -   Activity 6 (ADL): 49 files
2025-04-14 04:57:36,567 - INFO -   Activity 7 (ADL): 46 files
2025-04-14 04:57:36,567 - INFO -   Activity 8 (ADL): 56 files
2025-04-14 04:57:36,567 - INFO -   Activity 9 (ADL): 54 files
2025-04-14 04:57:36,567 - INFO -   Activity 10 (Fall): 61 files
2025-04-14 04:57:36,567 - INFO -   Activity 11 (Fall): 49 files
2025-04-14 04:57:36,567 - INFO -   Activity 12 (Fall): 59 files
2025-04-14 04:57:36,567 - INFO -   Activity 13 (Fall): 51 files
2025-04-14 04:57:36,567 - INFO -   Activity 14 (Fall): 55 files
2025-04-14 04:57:38,414 - INFO - Fixed 46 duplicate timestamps
2025-04-14 04:57:38,424 - INFO - Fixed 33 duplicate timestamps
2025-04-14 04:57:38,433 - INFO - Fixed 35 duplicate timestamps
2025-04-14 04:57:38,441 - INFO - Fixed 1 duplicate timestamps
2025-04-14 04:57:38,452 - INFO - Fixed 48 duplicate timestamps
2025-04-14 04:57:38,460 - INFO - Fixed 8 duplicate timestamps
2025-04-14 04:57:38,461 - WARNING - Found 1 time reversals
2025-04-14 04:57:38,466 - INFO - Fixed 11 duplicate timestamps
2025-04-14 04:57:38,482 - INFO - Fixed 94 duplicate timestamps
2025-04-14 04:57:38,487 - WARNING - Found 30 time reversals
2025-04-14 04:57:38,493 - INFO - Fixed 29 duplicate timestamps
2025-04-14 04:57:38,495 - WARNING - Found 6 time reversals
2025-04-14 04:57:38,501 - INFO - Fixed 3 duplicate timestamps
2025-04-14 04:57:38,508 - INFO - Fixed 12 duplicate timestamps
2025-04-14 04:57:38,510 - WARNING - Found 1 time reversals
2025-04-14 04:57:38,518 - INFO - Fixed 35 duplicate timestamps
2025-04-14 04:57:38,521 - WARNING - Found 10 time reversals
2025-04-14 04:57:38,527 - INFO - Fixed 2 duplicate timestamps
2025-04-14 04:57:38,538 - INFO - Fixed 28 duplicate timestamps
2025-04-14 04:57:38,541 - WARNING - Found 5 time reversals
2025-04-14 04:57:38,545 - INFO - Fixed 9 duplicate timestamps
2025-04-14 04:57:38,560 - INFO - Fixed 3 duplicate timestamps
2025-04-14 04:57:38,572 - INFO - Fixed 17 duplicate timestamps
2025-04-14 04:57:38,575 - WARNING - Found 5 time reversals
2025-04-14 04:57:38,580 - INFO - Fixed 22 duplicate timestamps
2025-04-14 04:57:38,581 - WARNING - Found 3 time reversals
2025-04-14 04:57:38,588 - INFO - Fixed 29 duplicate timestamps
2025-04-14 04:57:38,590 - WARNING - Found 10 time reversals
2025-04-14 04:57:38,595 - INFO - Fixed 16 duplicate timestamps
2025-04-14 04:57:38,602 - INFO - Fixed 6 duplicate timestamps
2025-04-14 04:57:38,615 - INFO - Fixed 23 duplicate timestamps
2025-04-14 04:57:38,626 - INFO - Fixed 28 duplicate timestamps
2025-04-14 04:57:38,636 - INFO - Fixed 5 duplicate timestamps
2025-04-14 04:57:38,651 - INFO - Fixed 60 duplicate timestamps
2025-04-14 04:57:38,657 - WARNING - Found 19 time reversals
2025-04-14 04:57:38,664 - INFO - Fixed 19 duplicate timestamps
2025-04-14 04:57:38,667 - WARNING - Found 3 time reversals
2025-04-14 04:57:38,676 - INFO - Fixed 2 duplicate timestamps
2025-04-14 04:57:38,685 - INFO - Fixed 38 duplicate timestamps
2025-04-14 04:57:38,687 - WARNING - Found 5 time reversals
2025-04-14 04:57:38,693 - INFO - Fixed 23 duplicate timestamps
2025-04-14 04:57:38,704 - INFO - Fixed 65 duplicate timestamps
2025-04-14 04:57:38,707 - WARNING - Found 18 time reversals
2025-04-14 04:57:38,713 - INFO - Fixed 2 duplicate timestamps
2025-04-14 04:57:38,722 - INFO - Fixed 72 duplicate timestamps
2025-04-14 04:57:38,724 - WARNING - Found 20 time reversals
2025-04-14 04:57:38,729 - INFO - Fixed 1 duplicate timestamps
2025-04-14 04:57:38,734 - INFO - Fixed 6 duplicate timestamps
2025-04-14 04:57:38,740 - INFO - Fixed 6 duplicate timestamps
2025-04-14 04:57:38,747 - INFO - Fixed 22 duplicate timestamps
2025-04-14 04:57:38,760 - INFO - Fixed 65 duplicate timestamps
2025-04-14 04:57:38,763 - WARNING - Found 19 time reversals
2025-04-14 04:57:38,769 - INFO - Fixed 2 duplicate timestamps
2025-04-14 04:57:38,777 - INFO - Fixed 26 duplicate timestamps
2025-04-14 04:57:38,778 - WARNING - Found 5 time reversals
2025-04-14 04:57:38,781 - INFO - Dataset Statistics for subjects [30]:
2025-04-14 04:57:38,781 - INFO - Total files: 743
2025-04-14 04:57:38,781 - INFO - Successfully processed: 633 (85.2%)
2025-04-14 04:57:38,781 - INFO - Errors: 110
2025-04-14 04:57:38,781 - INFO - Falls: 209 samples
2025-04-14 04:57:38,781 - INFO - Non-falls: 51 samples
2025-04-14 04:57:38,781 - INFO - Activities distribution:
2025-04-14 04:57:38,781 - INFO -   Activity 1 (ADL): 41 files
2025-04-14 04:57:38,781 - INFO -   Activity 2 (ADL): 53 files
2025-04-14 04:57:38,781 - INFO -   Activity 3 (ADL): 65 files
2025-04-14 04:57:38,781 - INFO -   Activity 4 (ADL): 10 files
2025-04-14 04:57:38,781 - INFO -   Activity 5 (ADL): 60 files
2025-04-14 04:57:38,781 - INFO -   Activity 6 (ADL): 52 files
2025-04-14 04:57:38,781 - INFO -   Activity 7 (ADL): 50 files
2025-04-14 04:57:38,781 - INFO -   Activity 8 (ADL): 59 files
2025-04-14 04:57:38,781 - INFO -   Activity 9 (ADL): 57 files
2025-04-14 04:57:38,781 - INFO -   Activity 10 (Fall): 62 files
2025-04-14 04:57:38,781 - INFO -   Activity 11 (Fall): 54 files
2025-04-14 04:57:38,781 - INFO -   Activity 12 (Fall): 64 files
2025-04-14 04:57:38,781 - INFO -   Activity 13 (Fall): 56 files
2025-04-14 04:57:38,781 - INFO -   Activity 14 (Fall): 60 files
2025-04-14 04:57:39,024 - INFO - Data loaded - Train: 5429 samples
2025-04-14 04:57:39,025 - INFO - Val: 1942 samples
2025-04-14 04:57:39,025 - INFO - Test: 260 samples
2025-04-14 04:57:39,025 - INFO - Train class distribution - Non-falls: 3586, Falls: 1843
2025-04-14 04:57:39,025 - INFO - Val class distribution - Non-falls: 1801, Falls: 141
2025-04-14 04:57:39,025 - INFO - Test class distribution - Non-falls: 51, Falls: 209
/home/sww35/.local/lib/python3.9/site-packages/torch/optim/lr_scheduler.py:62: UserWarning: The verbose parameter is deprecated. Please use get_last_lr() to access the learning rate.
  warnings.warn(
  0%|                                                   | 0/170 [00:00<?, ?it/s] 11%|████▎                                    | 18/170 [00:00<00:00, 178.72it/s] 22%|█████████▏                               | 38/170 [00:00<00:00, 185.98it/s] 34%|█████████████▉                           | 58/170 [00:00<00:00, 188.20it/s] 46%|██████████████████▊                      | 78/170 [00:00<00:00, 189.28it/s] 58%|███████████████████████▋                 | 98/170 [00:00<00:00, 189.88it/s] 69%|███████████████████████████▊            | 118/170 [00:00<00:00, 190.25it/s] 81%|████████████████████████████████▍       | 138/170 [00:00<00:00, 189.37it/s] 93%|█████████████████████████████████████▏  | 158/170 [00:00<00:00, 189.81it/s]100%|████████████████████████████████████████| 170/170 [00:01<00:00, 163.84it/s]
2025-04-14 04:57:40,069 - INFO - Epoch 0: Training Loss: 0.0495, Acc: 54.45%, F1: 45.59%, Precision: 38.34%, Recall: 56.21%, AUC: 54.88%
2025-04-14 04:57:40,070 - INFO - Time consumption: [Data]21%, [Network]77%
2025-04-14 04:57:40,070 - INFO - Eval epoch: 0
  0%|                                                    | 0/61 [00:00<?, ?it/s] 57%|████████████████████████                  | 35/61 [00:00<00:00, 344.14it/s]100%|██████████████████████████████████████████| 61/61 [00:00<00:00, 365.84it/s]
2025-04-14 04:57:40,242 - INFO - Val Loss: 0.0237, Acc: 41.71%, F1: 10.73%, Precision: 6.03%, Recall: 48.23%, AUC: 44.71%
2025-04-14 04:57:40,315 - INFO - Weights Saved: F1 improved to 10.73%
  0%|                                                   | 0/170 [00:00<?, ?it/s] 11%|████▎                                    | 18/170 [00:00<00:00, 178.69it/s] 22%|████████▉                                | 37/170 [00:00<00:00, 185.06it/s] 33%|█████████████▌                           | 56/170 [00:00<00:00, 187.02it/s] 44%|██████████████████                       | 75/170 [00:00<00:00, 187.99it/s] 55%|██████████████████████▋                  | 94/170 [00:00<00:00, 188.46it/s] 66%|██████████████████████████▌             | 113/170 [00:00<00:00, 188.89it/s] 78%|███████████████████████████████         | 132/170 [00:00<00:00, 189.20it/s] 89%|███████████████████████████████████▌    | 151/170 [00:00<00:00, 189.42it/s]100%|████████████████████████████████████████| 170/170 [00:00<00:00, 189.57it/s]100%|████████████████████████████████████████| 170/170 [00:00<00:00, 188.36it/s]
2025-04-14 04:57:41,223 - INFO - Epoch 1: Training Loss: 0.0295, Acc: 56.90%, F1: 48.71%, Precision: 40.86%, Recall: 60.28%, AUC: 57.72%
2025-04-14 04:57:41,223 - INFO - Time consumption: [Data]24%, [Network]73%
2025-04-14 04:57:41,223 - INFO - Eval epoch: 1
  0%|                                                    | 0/61 [00:00<?, ?it/s] 66%|███████████████████████████▌              | 40/61 [00:00<00:00, 396.84it/s]100%|██████████████████████████████████████████| 61/61 [00:00<00:00, 397.87it/s]
2025-04-14 04:57:41,381 - INFO - Val Loss: 0.0252, Acc: 41.45%, F1: 13.40%, Precision: 7.51%, Recall: 62.41%, AUC: 51.11%
2025-04-14 04:57:41,388 - INFO - Weights Saved: F1 improved to 13.40%
  0%|                                                   | 0/170 [00:00<?, ?it/s] 11%|████▌                                    | 19/170 [00:00<00:00, 188.98it/s] 23%|█████████▍                               | 39/170 [00:00<00:00, 189.85it/s] 35%|██████████████▏                          | 59/170 [00:00<00:00, 190.20it/s] 46%|███████████████████                      | 79/170 [00:00<00:00, 190.35it/s] 58%|███████████████████████▉                 | 99/170 [00:00<00:00, 190.45it/s] 70%|████████████████████████████            | 119/170 [00:00<00:00, 190.52it/s] 82%|████████████████████████████████▋       | 139/170 [00:00<00:00, 190.54it/s] 94%|█████████████████████████████████████▍  | 159/170 [00:00<00:00, 190.56it/s]100%|████████████████████████████████████████| 170/170 [00:00<00:00, 190.39it/s]
2025-04-14 04:57:42,287 - INFO - Epoch 2: Training Loss: 0.0265, Acc: 62.83%, F1: 54.79%, Precision: 46.66%, Recall: 66.36%, AUC: 63.69%
2025-04-14 04:57:42,287 - INFO - Time consumption: [Data]25%, [Network]73%
2025-04-14 04:57:42,287 - INFO - Eval epoch: 2
  0%|                                                    | 0/61 [00:00<?, ?it/s] 66%|███████████████████████████▌              | 40/61 [00:00<00:00, 399.13it/s]100%|██████████████████████████████████████████| 61/61 [00:00<00:00, 399.33it/s]
2025-04-14 04:57:42,445 - INFO - Val Loss: 0.0241, Acc: 52.21%, F1: 12.62%, Precision: 7.27%, Recall: 47.52%, AUC: 50.05%
  0%|                                                   | 0/170 [00:00<?, ?it/s] 11%|████▌                                    | 19/170 [00:00<00:00, 189.08it/s] 23%|█████████▍                               | 39/170 [00:00<00:00, 190.06it/s] 35%|██████████████▏                          | 59/170 [00:00<00:00, 189.96it/s] 46%|███████████████████                      | 79/170 [00:00<00:00, 190.26it/s] 58%|███████████████████████▉                 | 99/170 [00:00<00:00, 190.45it/s] 70%|████████████████████████████            | 119/170 [00:00<00:00, 190.56it/s] 82%|████████████████████████████████▋       | 139/170 [00:00<00:00, 190.62it/s] 94%|█████████████████████████████████████▍  | 159/170 [00:00<00:00, 190.66it/s]100%|████████████████████████████████████████| 170/170 [00:00<00:00, 190.37it/s]
2025-04-14 04:57:43,343 - INFO - Epoch 3: Training Loss: 0.0257, Acc: 63.93%, F1: 55.88%, Precision: 47.78%, Recall: 67.28%, AUC: 64.75%
2025-04-14 04:57:43,343 - INFO - Time consumption: [Data]25%, [Network]73%
2025-04-14 04:57:43,344 - INFO - Eval epoch: 3
  0%|                                                    | 0/61 [00:00<?, ?it/s] 67%|████████████████████████████▏             | 41/61 [00:00<00:00, 400.32it/s]100%|██████████████████████████████████████████| 61/61 [00:00<00:00, 400.59it/s]
2025-04-14 04:57:43,501 - INFO - Val Loss: 0.0234, Acc: 65.19%, F1: 9.63%, Precision: 5.93%, Recall: 25.53%, AUC: 46.91%
  0%|                                                   | 0/170 [00:00<?, ?it/s] 11%|████▌                                    | 19/170 [00:00<00:00, 188.86it/s] 23%|█████████▍                               | 39/170 [00:00<00:00, 189.74it/s] 35%|██████████████▏                          | 59/170 [00:00<00:00, 190.10it/s] 46%|███████████████████                      | 79/170 [00:00<00:00, 190.36it/s] 58%|███████████████████████▉                 | 99/170 [00:00<00:00, 190.48it/s] 70%|████████████████████████████            | 119/170 [00:00<00:00, 190.55it/s] 82%|████████████████████████████████▋       | 139/170 [00:00<00:00, 190.70it/s] 94%|█████████████████████████████████████▍  | 159/170 [00:00<00:00, 190.74it/s]100%|████████████████████████████████████████| 170/170 [00:00<00:00, 190.45it/s]
2025-04-14 04:57:44,402 - INFO - Epoch 4: Training Loss: 0.0247, Acc: 67.78%, F1: 57.50%, Precision: 52.07%, Recall: 64.19%, AUC: 66.91%
2025-04-14 04:57:44,402 - INFO - Time consumption: [Data]25%, [Network]73%
2025-04-14 04:57:44,402 - INFO - Eval epoch: 4
  0%|                                                    | 0/61 [00:00<?, ?it/s] 66%|███████████████████████████▌              | 40/61 [00:00<00:00, 399.73it/s]100%|██████████████████████████████████████████| 61/61 [00:00<00:00, 400.10it/s]
2025-04-14 04:57:44,560 - INFO - Val Loss: 0.0247, Acc: 70.24%, F1: 11.35%, Precision: 7.24%, Recall: 26.24%, AUC: 49.96%
  0%|                                                   | 0/170 [00:00<?, ?it/s] 11%|████▌                                    | 19/170 [00:00<00:00, 189.20it/s] 22%|█████████▏                               | 38/170 [00:00<00:00, 187.95it/s] 34%|█████████████▉                           | 58/170 [00:00<00:00, 189.00it/s] 46%|██████████████████▊                      | 78/170 [00:00<00:00, 189.63it/s] 58%|███████████████████████▋                 | 98/170 [00:00<00:00, 190.04it/s] 69%|███████████████████████████▊            | 118/170 [00:00<00:00, 190.37it/s] 81%|████████████████████████████████▍       | 138/170 [00:00<00:00, 190.49it/s] 93%|█████████████████████████████████████▏  | 158/170 [00:00<00:00, 190.30it/s]100%|████████████████████████████████████████| 170/170 [00:00<00:00, 189.97it/s]
2025-04-14 04:57:45,460 - INFO - Epoch 5: Training Loss: 0.0235, Acc: 70.73%, F1: 60.42%, Precision: 55.85%, Recall: 65.82%, AUC: 69.54%
2025-04-14 04:57:45,460 - INFO - Time consumption: [Data]25%, [Network]73%
2025-04-14 04:57:45,461 - INFO - Eval epoch: 5
  0%|                                                    | 0/61 [00:00<?, ?it/s] 67%|████████████████████████████▏             | 41/61 [00:00<00:00, 400.35it/s]100%|██████████████████████████████████████████| 61/61 [00:00<00:00, 400.61it/s]
2025-04-14 04:57:45,618 - INFO - Val Loss: 0.0232, Acc: 69.41%, F1: 11.87%, Precision: 7.50%, Recall: 28.37%, AUC: 50.50%
  0%|                                                   | 0/170 [00:00<?, ?it/s] 11%|████▌                                    | 19/170 [00:00<00:00, 189.27it/s] 22%|█████████▏                               | 38/170 [00:00<00:00, 189.27it/s] 34%|█████████████▉                           | 58/170 [00:00<00:00, 189.93it/s] 46%|██████████████████▊                      | 78/170 [00:00<00:00, 190.38it/s] 58%|███████████████████████▋                 | 98/170 [00:00<00:00, 190.53it/s] 69%|███████████████████████████▊            | 118/170 [00:00<00:00, 190.61it/s] 81%|████████████████████████████████▍       | 138/170 [00:00<00:00, 190.61it/s] 93%|█████████████████████████████████████▏  | 158/170 [00:00<00:00, 190.65it/s]100%|████████████████████████████████████████| 170/170 [00:00<00:00, 190.36it/s]
2025-04-14 04:57:46,517 - INFO - Epoch 6: Training Loss: 0.0230, Acc: 72.35%, F1: 61.89%, Precision: 58.16%, Recall: 66.14%, AUC: 70.84%
2025-04-14 04:57:46,517 - INFO - Time consumption: [Data]25%, [Network]73%
2025-04-14 04:57:46,517 - INFO - Eval epoch: 6
  0%|                                                    | 0/61 [00:00<?, ?it/s] 66%|███████████████████████████▌              | 40/61 [00:00<00:00, 393.49it/s]100%|██████████████████████████████████████████| 61/61 [00:00<00:00, 395.46it/s]
2025-04-14 04:57:46,677 - INFO - Val Loss: 0.0265, Acc: 66.68%, F1: 11.49%, Precision: 7.12%, Recall: 29.79%, AUC: 49.68%
  0%|                                                   | 0/170 [00:00<?, ?it/s] 11%|████▌                                    | 19/170 [00:00<00:00, 189.13it/s] 23%|█████████▍                               | 39/170 [00:00<00:00, 190.17it/s] 35%|██████████████▏                          | 59/170 [00:00<00:00, 190.51it/s] 46%|███████████████████                      | 79/170 [00:00<00:00, 190.63it/s] 58%|███████████████████████▉                 | 99/170 [00:00<00:00, 190.68it/s] 70%|████████████████████████████            | 119/170 [00:00<00:00, 190.79it/s] 82%|████████████████████████████████▋       | 139/170 [00:00<00:00, 190.85it/s] 94%|█████████████████████████████████████▍  | 159/170 [00:00<00:00, 190.93it/s]100%|████████████████████████████████████████| 170/170 [00:00<00:00, 190.69it/s]
2025-04-14 04:57:47,574 - INFO - Epoch 7: Training Loss: 0.0224, Acc: 72.94%, F1: 62.67%, Precision: 58.94%, Recall: 66.90%, AUC: 71.47%
2025-04-14 04:57:47,574 - INFO - Time consumption: [Data]25%, [Network]73%
2025-04-14 04:57:47,575 - INFO - Eval epoch: 7
  0%|                                                    | 0/61 [00:00<?, ?it/s] 67%|████████████████████████████▏             | 41/61 [00:00<00:00, 400.71it/s]100%|██████████████████████████████████████████| 61/61 [00:00<00:00, 401.11it/s]
2025-04-14 04:57:47,731 - INFO - Val Loss: 0.0232, Acc: 61.23%, F1: 17.88%, Precision: 10.57%, Recall: 58.16%, AUC: 59.81%
2025-04-14 04:57:47,739 - INFO - Weights Saved: F1 improved to 17.88%
  0%|                                                   | 0/170 [00:00<?, ?it/s] 11%|████▌                                    | 19/170 [00:00<00:00, 188.08it/s] 23%|█████████▍                               | 39/170 [00:00<00:00, 189.55it/s] 34%|█████████████▉                           | 58/170 [00:00<00:00, 189.65it/s] 46%|██████████████████▊                      | 78/170 [00:00<00:00, 189.90it/s] 58%|███████████████████████▋                 | 98/170 [00:00<00:00, 190.05it/s] 69%|███████████████████████████▊            | 118/170 [00:00<00:00, 190.25it/s] 81%|████████████████████████████████▍       | 138/170 [00:00<00:00, 190.32it/s] 93%|█████████████████████████████████████▏  | 158/170 [00:00<00:00, 190.36it/s]100%|████████████████████████████████████████| 170/170 [00:00<00:00, 190.08it/s]
2025-04-14 04:57:48,643 - INFO - Epoch 8: Training Loss: 0.0218, Acc: 73.60%, F1: 64.36%, Precision: 59.41%, Recall: 70.21%, AUC: 72.78%
2025-04-14 04:57:48,643 - INFO - Time consumption: [Data]25%, [Network]73%
2025-04-14 04:57:48,643 - INFO - Eval epoch: 8
  0%|                                                    | 0/61 [00:00<?, ?it/s] 66%|███████████████████████████▌              | 40/61 [00:00<00:00, 399.62it/s]100%|██████████████████████████████████████████| 61/61 [00:00<00:00, 399.84it/s]
2025-04-14 04:57:48,801 - INFO - Val Loss: 0.0244, Acc: 61.12%, F1: 17.12%, Precision: 10.13%, Recall: 55.32%, AUC: 58.45%
  0%|                                                   | 0/170 [00:00<?, ?it/s] 11%|████▌                                    | 19/170 [00:00<00:00, 189.28it/s] 23%|█████████▍                               | 39/170 [00:00<00:00, 190.10it/s] 35%|██████████████▏                          | 59/170 [00:00<00:00, 190.38it/s] 46%|███████████████████                      | 79/170 [00:00<00:00, 190.35it/s] 58%|███████████████████████▉                 | 99/170 [00:00<00:00, 190.50it/s] 70%|████████████████████████████            | 119/170 [00:00<00:00, 190.56it/s] 82%|████████████████████████████████▋       | 139/170 [00:00<00:00, 190.60it/s] 94%|█████████████████████████████████████▍  | 159/170 [00:00<00:00, 190.68it/s]100%|████████████████████████████████████████| 170/170 [00:00<00:00, 190.46it/s]
2025-04-14 04:57:49,703 - INFO - Epoch 9: Training Loss: 0.0217, Acc: 74.69%, F1: 65.92%, Precision: 60.71%, Recall: 72.11%, AUC: 74.06%
2025-04-14 04:57:49,703 - INFO - Time consumption: [Data]25%, [Network]73%
2025-04-14 04:57:49,704 - INFO - Eval epoch: 9
  0%|                                                    | 0/61 [00:00<?, ?it/s] 66%|███████████████████████████▌              | 40/61 [00:00<00:00, 393.62it/s]100%|██████████████████████████████████████████| 61/61 [00:00<00:00, 395.86it/s]
2025-04-14 04:57:49,863 - INFO - Val Loss: 0.0279, Acc: 49.23%, F1: 19.44%, Precision: 10.99%, Recall: 84.40%, AUC: 65.44%
2025-04-14 04:57:49,870 - INFO - Weights Saved: F1 improved to 19.44%
  0%|                                                   | 0/170 [00:00<?, ?it/s] 11%|████▌                                    | 19/170 [00:00<00:00, 188.48it/s] 23%|█████████▍                               | 39/170 [00:00<00:00, 189.55it/s] 35%|██████████████▏                          | 59/170 [00:00<00:00, 189.97it/s] 46%|███████████████████                      | 79/170 [00:00<00:00, 190.18it/s] 58%|███████████████████████▉                 | 99/170 [00:00<00:00, 190.09it/s] 70%|████████████████████████████            | 119/170 [00:00<00:00, 190.28it/s] 82%|████████████████████████████████▋       | 139/170 [00:00<00:00, 190.32it/s] 94%|█████████████████████████████████████▍  | 159/170 [00:00<00:00, 190.35it/s]100%|████████████████████████████████████████| 170/170 [00:00<00:00, 190.15it/s]
2025-04-14 04:57:50,769 - INFO - Epoch 10: Training Loss: 0.0209, Acc: 75.43%, F1: 66.90%, Precision: 61.64%, Recall: 73.14%, AUC: 74.87%
2025-04-14 04:57:50,770 - INFO - Time consumption: [Data]25%, [Network]73%
2025-04-14 04:57:50,770 - INFO - Eval epoch: 10
  0%|                                                    | 0/61 [00:00<?, ?it/s] 66%|███████████████████████████▌              | 40/61 [00:00<00:00, 399.10it/s]100%|██████████████████████████████████████████| 61/61 [00:00<00:00, 399.65it/s]
2025-04-14 04:57:50,927 - INFO - Val Loss: 0.0280, Acc: 58.65%, F1: 20.57%, Precision: 11.95%, Recall: 73.76%, AUC: 65.61%
2025-04-14 04:57:50,934 - INFO - Weights Saved: F1 improved to 20.57%
  0%|                                                   | 0/170 [00:00<?, ?it/s] 11%|████▌                                    | 19/170 [00:00<00:00, 188.37it/s] 23%|█████████▍                               | 39/170 [00:00<00:00, 189.51it/s] 35%|██████████████▏                          | 59/170 [00:00<00:00, 189.90it/s] 46%|███████████████████                      | 79/170 [00:00<00:00, 190.11it/s] 58%|███████████████████████▉                 | 99/170 [00:00<00:00, 190.20it/s] 70%|████████████████████████████            | 119/170 [00:00<00:00, 190.31it/s] 82%|████████████████████████████████▋       | 139/170 [00:00<00:00, 190.39it/s] 94%|█████████████████████████████████████▍  | 159/170 [00:00<00:00, 190.30it/s]100%|████████████████████████████████████████| 170/170 [00:00<00:00, 190.13it/s]
2025-04-14 04:57:51,839 - INFO - Epoch 11: Training Loss: 0.0205, Acc: 76.07%, F1: 67.79%, Precision: 62.42%, Recall: 74.17%, AUC: 75.61%
2025-04-14 04:57:51,839 - INFO - Time consumption: [Data]25%, [Network]73%
2025-04-14 04:57:51,839 - INFO - Eval epoch: 11
  0%|                                                    | 0/61 [00:00<?, ?it/s] 66%|███████████████████████████▌              | 40/61 [00:00<00:00, 399.26it/s]100%|██████████████████████████████████████████| 61/61 [00:00<00:00, 399.57it/s]
2025-04-14 04:57:51,997 - INFO - Val Loss: 0.0245, Acc: 62.41%, F1: 16.48%, Precision: 9.82%, Recall: 51.06%, AUC: 57.18%
  0%|                                                   | 0/170 [00:00<?, ?it/s] 11%|████▌                                    | 19/170 [00:00<00:00, 189.14it/s] 23%|█████████▍                               | 39/170 [00:00<00:00, 190.07it/s] 35%|██████████████▏                          | 59/170 [00:00<00:00, 190.40it/s] 46%|███████████████████                      | 79/170 [00:00<00:00, 190.60it/s] 58%|███████████████████████▉                 | 99/170 [00:00<00:00, 190.67it/s] 70%|████████████████████████████            | 119/170 [00:00<00:00, 190.79it/s] 82%|████████████████████████████████▋       | 139/170 [00:00<00:00, 190.83it/s] 94%|█████████████████████████████████████▍  | 159/170 [00:00<00:00, 190.88it/s]100%|████████████████████████████████████████| 170/170 [00:00<00:00, 190.63it/s]
2025-04-14 04:57:52,895 - INFO - Epoch 12: Training Loss: 0.0200, Acc: 77.53%, F1: 69.56%, Precision: 64.39%, Recall: 75.64%, AUC: 77.07%
2025-04-14 04:57:52,895 - INFO - Time consumption: [Data]25%, [Network]73%
2025-04-14 04:57:52,895 - INFO - Eval epoch: 12
  0%|                                                    | 0/61 [00:00<?, ?it/s] 66%|███████████████████████████▌              | 40/61 [00:00<00:00, 399.01it/s]100%|██████████████████████████████████████████| 61/61 [00:00<00:00, 399.59it/s]
2025-04-14 04:57:53,053 - INFO - Val Loss: 0.0248, Acc: 59.11%, F1: 21.54%, Precision: 12.51%, Recall: 77.30%, AUC: 67.50%
2025-04-14 04:57:53,060 - INFO - Weights Saved: F1 improved to 21.54%
  0%|                                                   | 0/170 [00:00<?, ?it/s] 11%|████▌                                    | 19/170 [00:00<00:00, 188.91it/s] 23%|█████████▍                               | 39/170 [00:00<00:00, 189.10it/s] 34%|█████████████▉                           | 58/170 [00:00<00:00, 189.39it/s] 46%|██████████████████▊                      | 78/170 [00:00<00:00, 189.76it/s] 58%|███████████████████████▋                 | 98/170 [00:00<00:00, 189.94it/s] 69%|███████████████████████████▊            | 118/170 [00:00<00:00, 190.09it/s] 81%|████████████████████████████████▍       | 138/170 [00:00<00:00, 190.15it/s] 93%|█████████████████████████████████████▏  | 158/170 [00:00<00:00, 190.26it/s]100%|████████████████████████████████████████| 170/170 [00:00<00:00, 189.93it/s]
2025-04-14 04:57:53,963 - INFO - Epoch 13: Training Loss: 0.0200, Acc: 76.63%, F1: 69.37%, Precision: 62.48%, Recall: 77.97%, AUC: 76.95%
2025-04-14 04:57:53,963 - INFO - Time consumption: [Data]25%, [Network]73%
2025-04-14 04:57:53,963 - INFO - Eval epoch: 13
  0%|                                                    | 0/61 [00:00<?, ?it/s] 66%|███████████████████████████▌              | 40/61 [00:00<00:00, 398.43it/s]100%|██████████████████████████████████████████| 61/61 [00:00<00:00, 398.06it/s]
2025-04-14 04:57:54,121 - INFO - Val Loss: 0.0211, Acc: 58.03%, F1: 19.55%, Precision: 11.35%, Recall: 70.21%, AUC: 63.65%
  0%|                                                   | 0/170 [00:00<?, ?it/s] 11%|████▌                                    | 19/170 [00:00<00:00, 188.75it/s] 23%|█████████▍                               | 39/170 [00:00<00:00, 189.81it/s] 35%|██████████████▏                          | 59/170 [00:00<00:00, 190.16it/s] 46%|███████████████████                      | 79/170 [00:00<00:00, 190.24it/s] 58%|███████████████████████▉                 | 99/170 [00:00<00:00, 190.43it/s] 70%|████████████████████████████            | 119/170 [00:00<00:00, 190.40it/s] 82%|████████████████████████████████▋       | 139/170 [00:00<00:00, 189.24it/s] 94%|█████████████████████████████████████▍  | 159/170 [00:00<00:00, 189.62it/s]100%|████████████████████████████████████████| 170/170 [00:00<00:00, 189.83it/s]
2025-04-14 04:57:55,023 - INFO - Epoch 14: Training Loss: 0.0196, Acc: 77.27%, F1: 70.21%, Precision: 63.24%, Recall: 78.89%, AUC: 77.66%
2025-04-14 04:57:55,023 - INFO - Time consumption: [Data]25%, [Network]73%
2025-04-14 04:57:55,023 - INFO - Eval epoch: 14
  0%|                                                    | 0/61 [00:00<?, ?it/s] 66%|███████████████████████████▌              | 40/61 [00:00<00:00, 399.22it/s]100%|██████████████████████████████████████████| 61/61 [00:00<00:00, 399.62it/s]
2025-04-14 04:57:55,181 - INFO - Val Loss: 0.0238, Acc: 57.83%, F1: 19.78%, Precision: 11.48%, Recall: 71.63%, AUC: 64.19%
  0%|                                                   | 0/170 [00:00<?, ?it/s] 11%|████▌                                    | 19/170 [00:00<00:00, 188.94it/s] 22%|█████████▏                               | 38/170 [00:00<00:00, 186.52it/s] 34%|█████████████▋                           | 57/170 [00:00<00:00, 187.95it/s] 45%|██████████████████▎                      | 76/170 [00:00<00:00, 188.66it/s] 56%|██████████████████████▉                  | 95/170 [00:00<00:00, 189.11it/s] 68%|███████████████████████████             | 115/170 [00:00<00:00, 189.47it/s] 79%|███████████████████████████████▊        | 135/170 [00:00<00:00, 189.69it/s] 91%|████████████████████████████████████▍   | 155/170 [00:00<00:00, 189.82it/s]100%|████████████████████████████████████████| 170/170 [00:00<00:00, 189.23it/s]
2025-04-14 04:57:56,085 - INFO - Epoch 15: Training Loss: 0.0186, Acc: 78.87%, F1: 71.66%, Precision: 65.79%, Recall: 78.68%, AUC: 78.82%
2025-04-14 04:57:56,086 - INFO - Time consumption: [Data]24%, [Network]73%
2025-04-14 04:57:56,086 - INFO - Eval epoch: 15
  0%|                                                    | 0/61 [00:00<?, ?it/s] 66%|███████████████████████████▌              | 40/61 [00:00<00:00, 399.64it/s]100%|██████████████████████████████████████████| 61/61 [00:00<00:00, 399.94it/s]
2025-04-14 04:57:56,243 - INFO - Val Loss: 0.0307, Acc: 54.99%, F1: 17.70%, Precision: 10.21%, Recall: 66.67%, AUC: 60.37%
  0%|                                                   | 0/170 [00:00<?, ?it/s] 11%|████▌                                    | 19/170 [00:00<00:00, 188.97it/s] 23%|█████████▍                               | 39/170 [00:00<00:00, 190.00it/s] 35%|██████████████▏                          | 59/170 [00:00<00:00, 190.37it/s] 46%|███████████████████                      | 79/170 [00:00<00:00, 190.38it/s] 58%|███████████████████████▉                 | 99/170 [00:00<00:00, 190.51it/s] 70%|████████████████████████████            | 119/170 [00:00<00:00, 190.42it/s] 82%|████████████████████████████████▋       | 139/170 [00:00<00:00, 190.56it/s] 94%|█████████████████████████████████████▍  | 159/170 [00:00<00:00, 190.66it/s]100%|████████████████████████████████████████| 170/170 [00:00<00:00, 190.43it/s]
2025-04-14 04:57:57,143 - INFO - Epoch 16: Training Loss: 0.0185, Acc: 78.67%, F1: 71.41%, Precision: 65.52%, Recall: 78.46%, AUC: 78.62%
2025-04-14 04:57:57,143 - INFO - Time consumption: [Data]25%, [Network]73%
2025-04-14 04:57:57,143 - INFO - Eval epoch: 16
  0%|                                                    | 0/61 [00:00<?, ?it/s] 66%|███████████████████████████▌              | 40/61 [00:00<00:00, 399.48it/s]100%|██████████████████████████████████████████| 61/61 [00:00<00:00, 399.75it/s]
2025-04-14 04:57:57,301 - INFO - Val Loss: 0.0249, Acc: 63.54%, F1: 19.18%, Precision: 11.43%, Recall: 59.57%, AUC: 61.71%
  0%|                                                   | 0/170 [00:00<?, ?it/s] 11%|████▌                                    | 19/170 [00:00<00:00, 189.00it/s] 23%|█████████▍                               | 39/170 [00:00<00:00, 190.02it/s] 35%|██████████████▏                          | 59/170 [00:00<00:00, 190.28it/s] 46%|███████████████████                      | 79/170 [00:00<00:00, 190.46it/s] 58%|███████████████████████▉                 | 99/170 [00:00<00:00, 190.53it/s] 70%|████████████████████████████            | 119/170 [00:00<00:00, 190.57it/s] 82%|████████████████████████████████▋       | 139/170 [00:00<00:00, 190.64it/s] 94%|█████████████████████████████████████▍  | 159/170 [00:00<00:00, 190.63it/s]100%|████████████████████████████████████████| 170/170 [00:00<00:00, 190.44it/s]
2025-04-14 04:57:58,200 - INFO - Epoch 17: Training Loss: 0.0193, Acc: 77.71%, F1: 70.14%, Precision: 64.33%, Recall: 77.10%, AUC: 77.56%
2025-04-14 04:57:58,200 - INFO - Time consumption: [Data]25%, [Network]73%
2025-04-14 04:57:58,200 - INFO - Eval epoch: 17
  0%|                                                    | 0/61 [00:00<?, ?it/s] 67%|████████████████████████████▏             | 41/61 [00:00<00:00, 400.50it/s]100%|██████████████████████████████████████████| 61/61 [00:00<00:00, 400.80it/s]
2025-04-14 04:57:58,357 - INFO - Val Loss: 0.0270, Acc: 59.73%, F1: 20.37%, Precision: 11.89%, Recall: 70.92%, AUC: 64.89%
  0%|                                                   | 0/170 [00:00<?, ?it/s] 11%|████▌                                    | 19/170 [00:00<00:00, 188.95it/s] 23%|█████████▍                               | 39/170 [00:00<00:00, 189.74it/s] 35%|██████████████▏                          | 59/170 [00:00<00:00, 190.13it/s] 46%|███████████████████                      | 79/170 [00:00<00:00, 190.30it/s] 58%|███████████████████████▉                 | 99/170 [00:00<00:00, 190.44it/s] 70%|████████████████████████████            | 119/170 [00:00<00:00, 190.49it/s] 82%|████████████████████████████████▋       | 139/170 [00:00<00:00, 190.51it/s] 94%|█████████████████████████████████████▍  | 159/170 [00:00<00:00, 190.54it/s]100%|████████████████████████████████████████| 170/170 [00:00<00:00, 190.33it/s]
2025-04-14 04:57:59,257 - INFO - Epoch 18: Training Loss: 0.0189, Acc: 78.19%, F1: 70.24%, Precision: 65.43%, Recall: 75.80%, AUC: 77.61%
2025-04-14 04:57:59,258 - INFO - Time consumption: [Data]25%, [Network]73%
2025-04-14 04:57:59,258 - INFO - Eval epoch: 18
  0%|                                                    | 0/61 [00:00<?, ?it/s] 66%|███████████████████████████▌              | 40/61 [00:00<00:00, 397.91it/s]100%|██████████████████████████████████████████| 61/61 [00:00<00:00, 398.85it/s]
2025-04-14 04:57:59,416 - INFO - Val Loss: 0.0316, Acc: 53.40%, F1: 20.54%, Precision: 11.72%, Recall: 82.98%, AUC: 67.03%
  0%|                                                   | 0/170 [00:00<?, ?it/s] 11%|████▌                                    | 19/170 [00:00<00:00, 188.59it/s] 23%|█████████▍                               | 39/170 [00:00<00:00, 189.67it/s] 35%|██████████████▏                          | 59/170 [00:00<00:00, 189.98it/s] 46%|██████████████████▊                      | 78/170 [00:00<00:00, 188.90it/s] 58%|███████████████████████▋                 | 98/170 [00:00<00:00, 189.42it/s] 69%|███████████████████████████▌            | 117/170 [00:00<00:00, 187.72it/s] 80%|████████████████████████████████        | 136/170 [00:00<00:00, 183.95it/s] 91%|████████████████████████████████████▍   | 155/170 [00:00<00:00, 185.70it/s]100%|████████████████████████████████████████| 170/170 [00:00<00:00, 186.95it/s]
2025-04-14 04:58:00,333 - INFO - Epoch 19: Training Loss: 0.0183, Acc: 79.22%, F1: 72.26%, Precision: 66.08%, Recall: 79.71%, AUC: 79.34%
2025-04-14 04:58:00,333 - INFO - Time consumption: [Data]24%, [Network]73%
2025-04-14 04:58:00,333 - INFO - Eval epoch: 19
  0%|                                                    | 0/61 [00:00<?, ?it/s] 67%|████████████████████████████▏             | 41/61 [00:00<00:00, 400.20it/s]100%|██████████████████████████████████████████| 61/61 [00:00<00:00, 400.47it/s]
2025-04-14 04:58:00,490 - INFO - Val Loss: 0.0304, Acc: 57.98%, F1: 19.84%, Precision: 11.52%, Recall: 71.63%, AUC: 64.27%
  0%|                                                   | 0/170 [00:00<?, ?it/s] 11%|████▌                                    | 19/170 [00:00<00:00, 186.15it/s] 23%|█████████▍                               | 39/170 [00:00<00:00, 188.55it/s] 34%|█████████████▉                           | 58/170 [00:00<00:00, 189.19it/s] 45%|██████████████████▌                      | 77/170 [00:00<00:00, 189.49it/s] 56%|███████████████████████▏                 | 96/170 [00:00<00:00, 188.51it/s] 68%|███████████████████████████             | 115/170 [00:00<00:00, 188.98it/s] 79%|███████████████████████████████▊        | 135/170 [00:00<00:00, 189.31it/s] 91%|████████████████████████████████████▏   | 154/170 [00:00<00:00, 189.43it/s]100%|████████████████████████████████████████| 170/170 [00:00<00:00, 189.13it/s]
2025-04-14 04:58:01,395 - INFO - Epoch 20: Training Loss: 0.0180, Acc: 78.80%, F1: 71.66%, Precision: 65.60%, Recall: 78.95%, AUC: 78.84%
2025-04-14 04:58:01,395 - INFO - Time consumption: [Data]24%, [Network]73%
2025-04-14 04:58:01,395 - INFO - Eval epoch: 20
  0%|                                                    | 0/61 [00:00<?, ?it/s] 67%|████████████████████████████▏             | 41/61 [00:00<00:00, 400.52it/s]100%|██████████████████████████████████████████| 61/61 [00:00<00:00, 400.79it/s]
2025-04-14 04:58:01,552 - INFO - Val Loss: 0.0292, Acc: 58.75%, F1: 19.98%, Precision: 11.63%, Recall: 70.92%, AUC: 64.36%
  0%|                                                   | 0/170 [00:00<?, ?it/s] 11%|████▌                                    | 19/170 [00:00<00:00, 188.48it/s] 22%|█████████▏                               | 38/170 [00:00<00:00, 189.34it/s] 34%|█████████████▉                           | 58/170 [00:00<00:00, 189.69it/s] 45%|██████████████████▌                      | 77/170 [00:00<00:00, 189.77it/s] 57%|███████████████████████▍                 | 97/170 [00:00<00:00, 189.88it/s] 69%|███████████████████████████▌            | 117/170 [00:00<00:00, 189.96it/s] 80%|████████████████████████████████        | 136/170 [00:00<00:00, 189.96it/s] 91%|████████████████████████████████████▍   | 155/170 [00:00<00:00, 189.95it/s]100%|████████████████████████████████████████| 170/170 [00:00<00:00, 189.80it/s]
2025-04-14 04:58:02,456 - INFO - Epoch 21: Training Loss: 0.0184, Acc: 79.11%, F1: 72.01%, Precision: 66.05%, Recall: 79.16%, AUC: 79.12%
2025-04-14 04:58:02,456 - INFO - Time consumption: [Data]24%, [Network]73%
2025-04-14 04:58:02,456 - INFO - Eval epoch: 21
  0%|                                                    | 0/61 [00:00<?, ?it/s] 66%|███████████████████████████▌              | 40/61 [00:00<00:00, 399.65it/s]100%|██████████████████████████████████████████| 61/61 [00:00<00:00, 399.94it/s]
2025-04-14 04:58:02,614 - INFO - Val Loss: 0.0250, Acc: 57.88%, F1: 21.19%, Precision: 12.26%, Recall: 78.01%, AUC: 67.16%
  0%|                                                   | 0/170 [00:00<?, ?it/s] 11%|████▌                                    | 19/170 [00:00<00:00, 188.21it/s] 23%|█████████▍                               | 39/170 [00:00<00:00, 189.30it/s] 35%|██████████████▏                          | 59/170 [00:00<00:00, 189.68it/s] 46%|██████████████████▊                      | 78/170 [00:00<00:00, 189.77it/s] 58%|███████████████████████▋                 | 98/170 [00:00<00:00, 189.91it/s] 69%|███████████████████████████▊            | 118/170 [00:00<00:00, 190.02it/s] 81%|████████████████████████████████▍       | 138/170 [00:00<00:00, 190.09it/s] 93%|█████████████████████████████████████▏  | 158/170 [00:00<00:00, 190.13it/s]100%|████████████████████████████████████████| 170/170 [00:00<00:00, 189.88it/s]
2025-04-14 04:58:03,514 - INFO - Epoch 22: Training Loss: 0.0182, Acc: 79.02%, F1: 71.77%, Precision: 66.06%, Recall: 78.57%, AUC: 78.91%
2025-04-14 04:58:03,515 - INFO - Time consumption: [Data]25%, [Network]73%
2025-04-14 04:58:03,515 - INFO - Eval epoch: 22
  0%|                                                    | 0/61 [00:00<?, ?it/s] 67%|████████████████████████████▏             | 41/61 [00:00<00:00, 400.11it/s]100%|██████████████████████████████████████████| 61/61 [00:00<00:00, 400.36it/s]
2025-04-14 04:58:03,672 - INFO - Val Loss: 0.0292, Acc: 54.79%, F1: 16.70%, Precision: 9.64%, Recall: 62.41%, AUC: 58.30%
  0%|                                                   | 0/170 [00:00<?, ?it/s] 11%|████▌                                    | 19/170 [00:00<00:00, 188.32it/s] 23%|█████████▍                               | 39/170 [00:00<00:00, 189.47it/s] 35%|██████████████▏                          | 59/170 [00:00<00:00, 189.77it/s] 46%|███████████████████                      | 79/170 [00:00<00:00, 189.93it/s] 58%|███████████████████████▉                 | 99/170 [00:00<00:00, 190.08it/s] 70%|████████████████████████████            | 119/170 [00:00<00:00, 190.17it/s] 82%|████████████████████████████████▋       | 139/170 [00:00<00:00, 190.21it/s] 94%|█████████████████████████████████████▍  | 159/170 [00:00<00:00, 190.25it/s]100%|████████████████████████████████████████| 170/170 [00:00<00:00, 190.01it/s]
2025-04-14 04:58:04,572 - INFO - Epoch 23: Training Loss: 0.0174, Acc: 80.29%, F1: 73.12%, Precision: 68.09%, Recall: 78.95%, AUC: 79.96%
2025-04-14 04:58:04,572 - INFO - Time consumption: [Data]24%, [Network]73%
2025-04-14 04:58:04,573 - INFO - Eval epoch: 23
  0%|                                                    | 0/61 [00:00<?, ?it/s] 66%|███████████████████████████▌              | 40/61 [00:00<00:00, 399.97it/s]100%|██████████████████████████████████████████| 61/61 [00:00<00:00, 399.88it/s]
2025-04-14 04:58:04,730 - INFO - Val Loss: 0.0291, Acc: 51.49%, F1: 17.80%, Precision: 10.15%, Recall: 72.34%, AUC: 61.10%
  0%|                                                   | 0/170 [00:00<?, ?it/s] 11%|████▌                                    | 19/170 [00:00<00:00, 185.26it/s] 23%|█████████▍                               | 39/170 [00:00<00:00, 188.11it/s] 34%|█████████████▉                           | 58/170 [00:00<00:00, 188.87it/s] 46%|██████████████████▊                      | 78/170 [00:00<00:00, 189.45it/s] 58%|███████████████████████▋                 | 98/170 [00:00<00:00, 189.69it/s] 69%|███████████████████████████▌            | 117/170 [00:00<00:00, 189.16it/s] 81%|████████████████████████████████▏       | 137/170 [00:00<00:00, 189.48it/s] 92%|████████████████████████████████████▉   | 157/170 [00:00<00:00, 189.71it/s]100%|████████████████████████████████████████| 170/170 [00:00<00:00, 189.32it/s]
2025-04-14 04:58:05,634 - INFO - Epoch 24: Training Loss: 0.0166, Acc: 80.33%, F1: 73.75%, Precision: 67.42%, Recall: 81.39%, AUC: 80.59%
2025-04-14 04:58:05,634 - INFO - Time consumption: [Data]24%, [Network]73%
2025-04-14 04:58:05,634 - INFO - Eval epoch: 24
  0%|                                                    | 0/61 [00:00<?, ?it/s] 67%|████████████████████████████▏             | 41/61 [00:00<00:00, 400.52it/s]100%|██████████████████████████████████████████| 61/61 [00:00<00:00, 400.64it/s]
2025-04-14 04:58:05,792 - INFO - Val Loss: 0.0252, Acc: 59.27%, F1: 19.70%, Precision: 11.49%, Recall: 68.79%, AUC: 63.66%
  0%|                                                   | 0/170 [00:00<?, ?it/s] 11%|████▌                                    | 19/170 [00:00<00:00, 188.44it/s] 23%|█████████▍                               | 39/170 [00:00<00:00, 189.49it/s] 35%|██████████████▏                          | 59/170 [00:00<00:00, 189.86it/s] 46%|███████████████████                      | 79/170 [00:00<00:00, 189.97it/s] 58%|███████████████████████▉                 | 99/170 [00:00<00:00, 189.99it/s] 70%|████████████████████████████            | 119/170 [00:00<00:00, 190.01it/s] 82%|████████████████████████████████▋       | 139/170 [00:00<00:00, 190.06it/s] 94%|█████████████████████████████████████▍  | 159/170 [00:00<00:00, 190.17it/s]100%|████████████████████████████████████████| 170/170 [00:00<00:00, 189.94it/s]
2025-04-14 04:58:06,695 - INFO - Epoch 25: Training Loss: 0.0157, Acc: 82.43%, F1: 76.22%, Precision: 70.49%, Recall: 82.96%, AUC: 82.56%
2025-04-14 04:58:06,695 - INFO - Time consumption: [Data]25%, [Network]73%
2025-04-14 04:58:06,695 - INFO - Eval epoch: 25
  0%|                                                    | 0/61 [00:00<?, ?it/s] 67%|████████████████████████████▏             | 41/61 [00:00<00:00, 400.23it/s]100%|██████████████████████████████████████████| 61/61 [00:00<00:00, 400.49it/s]
2025-04-14 04:58:06,853 - INFO - Val Loss: 0.0289, Acc: 59.99%, F1: 20.31%, Precision: 11.87%, Recall: 70.21%, AUC: 64.70%
  0%|                                                   | 0/170 [00:00<?, ?it/s] 11%|████▌                                    | 19/170 [00:00<00:00, 188.42it/s] 22%|█████████▏                               | 38/170 [00:00<00:00, 189.34it/s] 34%|█████████████▉                           | 58/170 [00:00<00:00, 189.72it/s] 45%|██████████████████▌                      | 77/170 [00:00<00:00, 189.82it/s] 57%|███████████████████████▍                 | 97/170 [00:00<00:00, 189.93it/s] 69%|███████████████████████████▌            | 117/170 [00:00<00:00, 190.05it/s] 81%|████████████████████████████████▏       | 137/170 [00:00<00:00, 190.02it/s] 92%|████████████████████████████████████▉   | 157/170 [00:00<00:00, 190.13it/s]100%|████████████████████████████████████████| 170/170 [00:00<00:00, 189.90it/s]
2025-04-14 04:58:07,754 - INFO - Epoch 26: Training Loss: 0.0163, Acc: 81.40%, F1: 74.85%, Precision: 69.17%, Recall: 81.55%, AUC: 81.43%
2025-04-14 04:58:07,755 - INFO - Time consumption: [Data]25%, [Network]73%
2025-04-14 04:58:07,755 - INFO - Eval epoch: 26
  0%|                                                    | 0/61 [00:00<?, ?it/s] 67%|████████████████████████████▏             | 41/61 [00:00<00:00, 400.70it/s]100%|██████████████████████████████████████████| 61/61 [00:00<00:00, 401.14it/s]
2025-04-14 04:58:07,912 - INFO - Val Loss: 0.0311, Acc: 56.80%, F1: 21.07%, Precision: 12.15%, Recall: 79.43%, AUC: 67.23%
  0%|                                                   | 0/170 [00:00<?, ?it/s] 11%|████▌                                    | 19/170 [00:00<00:00, 188.72it/s] 23%|█████████▍                               | 39/170 [00:00<00:00, 189.58it/s] 35%|██████████████▏                          | 59/170 [00:00<00:00, 189.81it/s] 46%|██████████████████▊                      | 78/170 [00:00<00:00, 189.84it/s] 58%|███████████████████████▋                 | 98/170 [00:00<00:00, 190.04it/s] 69%|███████████████████████████▊            | 118/170 [00:00<00:00, 190.19it/s] 81%|████████████████████████████████▍       | 138/170 [00:00<00:00, 190.26it/s] 93%|█████████████████████████████████████▏  | 158/170 [00:00<00:00, 190.28it/s]100%|████████████████████████████████████████| 170/170 [00:00<00:00, 190.04it/s]
2025-04-14 04:58:08,814 - INFO - Epoch 27: Training Loss: 0.0163, Acc: 81.67%, F1: 75.32%, Precision: 69.38%, Recall: 82.37%, AUC: 81.84%
2025-04-14 04:58:08,814 - INFO - Time consumption: [Data]24%, [Network]73%
2025-04-14 04:58:08,815 - INFO - Eval epoch: 27
  0%|                                                    | 0/61 [00:00<?, ?it/s] 67%|████████████████████████████▏             | 41/61 [00:00<00:00, 400.73it/s]100%|██████████████████████████████████████████| 61/61 [00:00<00:00, 394.38it/s]
2025-04-14 04:58:08,974 - INFO - Val Loss: 0.0344, Acc: 53.71%, F1: 16.99%, Precision: 9.77%, Recall: 65.25%, AUC: 59.03%
  0%|                                                   | 0/170 [00:00<?, ?it/s] 11%|████▌                                    | 19/170 [00:00<00:00, 184.90it/s] 23%|█████████▍                               | 39/170 [00:00<00:00, 187.98it/s] 35%|██████████████▏                          | 59/170 [00:00<00:00, 189.01it/s] 46%|███████████████████                      | 79/170 [00:00<00:00, 189.51it/s] 58%|███████████████████████▋                 | 98/170 [00:00<00:00, 189.68it/s] 69%|███████████████████████████▌            | 117/170 [00:00<00:00, 189.76it/s] 81%|████████████████████████████████▏       | 137/170 [00:00<00:00, 189.96it/s] 92%|████████████████████████████████████▋   | 156/170 [00:00<00:00, 189.08it/s]100%|████████████████████████████████████████| 170/170 [00:00<00:00, 189.18it/s]
2025-04-14 04:58:09,880 - INFO - Epoch 28: Training Loss: 0.0157, Acc: 82.72%, F1: 76.55%, Precision: 70.98%, Recall: 83.07%, AUC: 82.81%
2025-04-14 04:58:09,880 - INFO - Time consumption: [Data]25%, [Network]73%
2025-04-14 04:58:09,881 - INFO - Eval epoch: 28
  0%|                                                    | 0/61 [00:00<?, ?it/s] 67%|████████████████████████████▏             | 41/61 [00:00<00:00, 400.48it/s]100%|██████████████████████████████████████████| 61/61 [00:00<00:00, 401.12it/s]
2025-04-14 04:58:10,037 - INFO - Val Loss: 0.0308, Acc: 61.12%, F1: 20.44%, Precision: 12.00%, Recall: 68.79%, AUC: 64.66%
  0%|                                                   | 0/170 [00:00<?, ?it/s] 11%|████▌                                    | 19/170 [00:00<00:00, 188.40it/s] 23%|█████████▍                               | 39/170 [00:00<00:00, 189.46it/s] 34%|█████████████▉                           | 58/170 [00:00<00:00, 188.80it/s] 46%|██████████████████▊                      | 78/170 [00:00<00:00, 189.41it/s] 57%|███████████████████████▍                 | 97/170 [00:00<00:00, 189.23it/s] 68%|███████████████████████████▎            | 116/170 [00:00<00:00, 189.04it/s] 79%|███████████████████████████████▊        | 135/170 [00:00<00:00, 188.82it/s] 91%|████████████████████████████████████▏   | 154/170 [00:00<00:00, 188.72it/s]100%|████████████████████████████████████████| 170/170 [00:00<00:00, 188.92it/s]
2025-04-14 04:58:10,944 - INFO - Epoch 29: Training Loss: 0.0156, Acc: 83.09%, F1: 76.85%, Precision: 71.79%, Recall: 82.69%, AUC: 82.99%
2025-04-14 04:58:10,945 - INFO - Time consumption: [Data]24%, [Network]73%
2025-04-14 04:58:10,945 - INFO - Eval epoch: 29
  0%|                                                    | 0/61 [00:00<?, ?it/s] 67%|████████████████████████████▏             | 41/61 [00:00<00:00, 401.35it/s]100%|██████████████████████████████████████████| 61/61 [00:00<00:00, 400.95it/s]
2025-04-14 04:58:11,102 - INFO - Val Loss: 0.0309, Acc: 58.44%, F1: 20.02%, Precision: 11.64%, Recall: 71.63%, AUC: 64.52%
  0%|                                                   | 0/170 [00:00<?, ?it/s] 11%|████▌                                    | 19/170 [00:00<00:00, 185.52it/s] 22%|█████████▏                               | 38/170 [00:00<00:00, 184.84it/s] 34%|█████████████▋                           | 57/170 [00:00<00:00, 185.72it/s] 45%|██████████████████▎                      | 76/170 [00:00<00:00, 186.62it/s] 56%|██████████████████████▉                  | 95/170 [00:00<00:00, 186.61it/s] 67%|██████████████████████████▊             | 114/170 [00:00<00:00, 187.06it/s] 78%|███████████████████████████████▎        | 133/170 [00:00<00:00, 187.96it/s] 90%|████████████████████████████████████    | 153/170 [00:00<00:00, 188.68it/s]100%|████████████████████████████████████████| 170/170 [00:00<00:00, 187.65it/s]
2025-04-14 04:58:12,018 - INFO - Epoch 30: Training Loss: 0.0149, Acc: 83.70%, F1: 77.52%, Precision: 72.87%, Recall: 82.80%, AUC: 83.48%
2025-04-14 04:58:12,018 - INFO - Time consumption: [Data]24%, [Network]73%
2025-04-14 04:58:12,018 - INFO - Eval epoch: 30
  0%|                                                    | 0/61 [00:00<?, ?it/s] 67%|████████████████████████████▏             | 41/61 [00:00<00:00, 400.50it/s]100%|██████████████████████████████████████████| 61/61 [00:00<00:00, 400.79it/s]
2025-04-14 04:58:12,175 - INFO - Val Loss: 0.0291, Acc: 64.57%, F1: 19.63%, Precision: 11.75%, Recall: 59.57%, AUC: 62.27%
  0%|                                                   | 0/170 [00:00<?, ?it/s] 11%|████▌                                    | 19/170 [00:00<00:00, 188.64it/s] 23%|█████████▍                               | 39/170 [00:00<00:00, 189.50it/s] 35%|██████████████▏                          | 59/170 [00:00<00:00, 189.82it/s] 46%|███████████████████                      | 79/170 [00:00<00:00, 189.95it/s] 58%|███████████████████████▉                 | 99/170 [00:00<00:00, 190.04it/s] 70%|████████████████████████████            | 119/170 [00:00<00:00, 190.11it/s] 82%|████████████████████████████████▋       | 139/170 [00:00<00:00, 190.21it/s] 94%|█████████████████████████████████████▍  | 159/170 [00:00<00:00, 190.28it/s]100%|████████████████████████████████████████| 170/170 [00:00<00:00, 190.03it/s]
2025-04-14 04:58:13,076 - INFO - Epoch 31: Training Loss: 0.0152, Acc: 83.39%, F1: 76.92%, Precision: 72.78%, Recall: 81.55%, AUC: 82.94%
2025-04-14 04:58:13,076 - INFO - Time consumption: [Data]24%, [Network]73%
2025-04-14 04:58:13,076 - INFO - Eval epoch: 31
  0%|                                                    | 0/61 [00:00<?, ?it/s] 66%|███████████████████████████▌              | 40/61 [00:00<00:00, 399.92it/s]100%|██████████████████████████████████████████| 61/61 [00:00<00:00, 399.85it/s]
2025-04-14 04:58:13,234 - INFO - Val Loss: 0.0334, Acc: 61.43%, F1: 18.68%, Precision: 11.03%, Recall: 60.99%, AUC: 61.23%
  0%|                                                   | 0/170 [00:00<?, ?it/s] 11%|████▌                                    | 19/170 [00:00<00:00, 188.60it/s] 23%|█████████▍                               | 39/170 [00:00<00:00, 189.61it/s] 35%|██████████████▏                          | 59/170 [00:00<00:00, 189.82it/s] 46%|██████████████████▊                      | 78/170 [00:00<00:00, 189.84it/s] 58%|███████████████████████▋                 | 98/170 [00:00<00:00, 189.91it/s] 69%|███████████████████████████▊            | 118/170 [00:00<00:00, 190.03it/s] 81%|████████████████████████████████▍       | 138/170 [00:00<00:00, 190.08it/s] 93%|█████████████████████████████████████▏  | 158/170 [00:00<00:00, 190.07it/s]100%|████████████████████████████████████████| 170/170 [00:00<00:00, 189.90it/s]
2025-04-14 04:58:14,134 - INFO - Epoch 32: Training Loss: 0.0151, Acc: 83.48%, F1: 77.01%, Precision: 72.98%, Recall: 81.50%, AUC: 83.00%
2025-04-14 04:58:14,135 - INFO - Time consumption: [Data]25%, [Network]73%
2025-04-14 04:58:14,135 - INFO - Eval epoch: 32
  0%|                                                    | 0/61 [00:00<?, ?it/s] 66%|███████████████████████████▌              | 40/61 [00:00<00:00, 399.60it/s]100%|██████████████████████████████████████████| 61/61 [00:00<00:00, 399.25it/s]
2025-04-14 04:58:14,292 - INFO - Val Loss: 0.0323, Acc: 55.82%, F1: 17.82%, Precision: 10.30%, Recall: 65.96%, AUC: 60.49%
  0%|                                                   | 0/170 [00:00<?, ?it/s] 11%|████▌                                    | 19/170 [00:00<00:00, 188.67it/s] 23%|█████████▍                               | 39/170 [00:00<00:00, 189.68it/s] 35%|██████████████▏                          | 59/170 [00:00<00:00, 189.90it/s] 46%|███████████████████                      | 79/170 [00:00<00:00, 190.00it/s] 58%|███████████████████████▋                 | 98/170 [00:00<00:00, 189.02it/s] 69%|███████████████████████████▊            | 118/170 [00:00<00:00, 189.43it/s] 81%|████████████████████████████████▍       | 138/170 [00:00<00:00, 189.75it/s] 93%|█████████████████████████████████████▏  | 158/170 [00:00<00:00, 189.85it/s]100%|████████████████████████████████████████| 170/170 [00:00<00:00, 189.68it/s]
2025-04-14 04:58:15,198 - INFO - Epoch 33: Training Loss: 0.0150, Acc: 83.99%, F1: 77.85%, Precision: 73.41%, Recall: 82.85%, AUC: 83.72%
2025-04-14 04:58:15,198 - INFO - Time consumption: [Data]25%, [Network]73%
2025-04-14 04:58:15,198 - INFO - Eval epoch: 33
  0%|                                                    | 0/61 [00:00<?, ?it/s] 66%|███████████████████████████▌              | 40/61 [00:00<00:00, 399.06it/s]100%|██████████████████████████████████████████| 61/61 [00:00<00:00, 397.02it/s]
2025-04-14 04:58:15,357 - INFO - Val Loss: 0.0344, Acc: 58.86%, F1: 18.05%, Precision: 10.55%, Recall: 62.41%, AUC: 60.49%
  0%|                                                   | 0/170 [00:00<?, ?it/s] 11%|████▌                                    | 19/170 [00:00<00:00, 188.34it/s] 23%|█████████▍                               | 39/170 [00:00<00:00, 189.57it/s] 35%|██████████████▏                          | 59/170 [00:00<00:00, 189.85it/s] 46%|███████████████████                      | 79/170 [00:00<00:00, 189.96it/s] 58%|███████████████████████▉                 | 99/170 [00:00<00:00, 190.11it/s] 70%|████████████████████████████            | 119/170 [00:00<00:00, 190.09it/s] 82%|████████████████████████████████▋       | 139/170 [00:00<00:00, 190.17it/s] 94%|█████████████████████████████████████▍  | 159/170 [00:00<00:00, 190.11it/s]100%|████████████████████████████████████████| 170/170 [00:00<00:00, 189.99it/s]
2025-04-14 04:58:16,258 - INFO - Epoch 34: Training Loss: 0.0147, Acc: 83.79%, F1: 77.53%, Precision: 73.23%, Recall: 82.37%, AUC: 83.44%
2025-04-14 04:58:16,258 - INFO - Time consumption: [Data]24%, [Network]73%
2025-04-14 04:58:16,258 - INFO - Eval epoch: 34
  0%|                                                    | 0/61 [00:00<?, ?it/s] 67%|████████████████████████████▏             | 41/61 [00:00<00:00, 400.21it/s]100%|██████████████████████████████████████████| 61/61 [00:00<00:00, 400.48it/s]
2025-04-14 04:58:16,415 - INFO - Val Loss: 0.0303, Acc: 61.38%, F1: 17.76%, Precision: 10.51%, Recall: 57.45%, AUC: 59.57%
  0%|                                                   | 0/170 [00:00<?, ?it/s] 11%|████▌                                    | 19/170 [00:00<00:00, 188.62it/s] 23%|█████████▍                               | 39/170 [00:00<00:00, 189.56it/s] 35%|██████████████▏                          | 59/170 [00:00<00:00, 189.84it/s] 46%|██████████████████▊                      | 78/170 [00:00<00:00, 189.84it/s] 58%|███████████████████████▋                 | 98/170 [00:00<00:00, 189.98it/s] 69%|███████████████████████████▊            | 118/170 [00:00<00:00, 190.19it/s] 81%|████████████████████████████████▍       | 138/170 [00:00<00:00, 190.26it/s] 93%|█████████████████████████████████████▏  | 158/170 [00:00<00:00, 190.28it/s]100%|████████████████████████████████████████| 170/170 [00:00<00:00, 190.04it/s]
2025-04-14 04:58:17,316 - INFO - Epoch 35: Training Loss: 0.0139, Acc: 84.27%, F1: 78.52%, Precision: 73.18%, Recall: 84.70%, AUC: 84.37%
2025-04-14 04:58:17,317 - INFO - Time consumption: [Data]24%, [Network]73%
2025-04-14 04:58:17,317 - INFO - Eval epoch: 35
  0%|                                                    | 0/61 [00:00<?, ?it/s] 66%|███████████████████████████▌              | 40/61 [00:00<00:00, 399.00it/s]100%|██████████████████████████████████████████| 61/61 [00:00<00:00, 399.83it/s]
2025-04-14 04:58:17,474 - INFO - Val Loss: 0.0315, Acc: 58.50%, F1: 19.24%, Precision: 11.20%, Recall: 68.09%, AUC: 62.92%
  0%|                                                   | 0/170 [00:00<?, ?it/s] 11%|████▌                                    | 19/170 [00:00<00:00, 188.63it/s] 23%|█████████▍                               | 39/170 [00:00<00:00, 189.52it/s] 35%|██████████████▏                          | 59/170 [00:00<00:00, 189.77it/s] 46%|███████████████████                      | 79/170 [00:00<00:00, 189.97it/s] 58%|███████████████████████▉                 | 99/170 [00:00<00:00, 190.12it/s] 70%|████████████████████████████            | 119/170 [00:00<00:00, 190.18it/s] 82%|████████████████████████████████▋       | 139/170 [00:00<00:00, 190.23it/s] 94%|█████████████████████████████████████▍  | 159/170 [00:00<00:00, 190.23it/s]100%|████████████████████████████████████████| 170/170 [00:00<00:00, 190.03it/s]
2025-04-14 04:58:18,375 - INFO - Epoch 36: Training Loss: 0.0138, Acc: 85.43%, F1: 79.88%, Precision: 75.19%, Recall: 85.19%, AUC: 85.37%
2025-04-14 04:58:18,375 - INFO - Time consumption: [Data]25%, [Network]73%
2025-04-14 04:58:18,375 - INFO - Eval epoch: 36
  0%|                                                    | 0/61 [00:00<?, ?it/s] 66%|███████████████████████████▌              | 40/61 [00:00<00:00, 399.60it/s]100%|██████████████████████████████████████████| 61/61 [00:00<00:00, 400.12it/s]
2025-04-14 04:58:18,532 - INFO - Val Loss: 0.0333, Acc: 56.85%, F1: 17.68%, Precision: 10.26%, Recall: 63.83%, AUC: 60.07%
  0%|                                                   | 0/170 [00:00<?, ?it/s] 11%|████▌                                    | 19/170 [00:00<00:00, 188.37it/s] 23%|█████████▍                               | 39/170 [00:00<00:00, 189.46it/s] 34%|█████████████▉                           | 58/170 [00:00<00:00, 189.69it/s] 46%|██████████████████▊                      | 78/170 [00:00<00:00, 189.90it/s] 58%|███████████████████████▋                 | 98/170 [00:00<00:00, 189.98it/s] 69%|███████████████████████████▊            | 118/170 [00:00<00:00, 190.05it/s] 81%|████████████████████████████████▍       | 138/170 [00:00<00:00, 190.14it/s] 93%|█████████████████████████████████████▏  | 158/170 [00:00<00:00, 190.20it/s]100%|████████████████████████████████████████| 170/170 [00:00<00:00, 189.97it/s]
2025-04-14 04:58:19,435 - INFO - Epoch 37: Training Loss: 0.0135, Acc: 85.21%, F1: 79.83%, Precision: 74.32%, Recall: 86.22%, AUC: 85.45%
2025-04-14 04:58:19,435 - INFO - Time consumption: [Data]25%, [Network]73%
2025-04-14 04:58:19,435 - INFO - Eval epoch: 37
  0%|                                                    | 0/61 [00:00<?, ?it/s] 67%|████████████████████████████▏             | 41/61 [00:00<00:00, 400.43it/s]100%|██████████████████████████████████████████| 61/61 [00:00<00:00, 400.82it/s]
2025-04-14 04:58:19,592 - INFO - Val Loss: 0.0373, Acc: 59.06%, F1: 19.29%, Precision: 11.26%, Recall: 67.38%, AUC: 62.89%
  0%|                                                   | 0/170 [00:00<?, ?it/s] 11%|████▌                                    | 19/170 [00:00<00:00, 188.57it/s] 23%|█████████▍                               | 39/170 [00:00<00:00, 189.24it/s] 34%|█████████████▉                           | 58/170 [00:00<00:00, 188.44it/s] 46%|██████████████████▊                      | 78/170 [00:00<00:00, 189.08it/s] 58%|███████████████████████▋                 | 98/170 [00:00<00:00, 189.48it/s] 69%|███████████████████████████▊            | 118/170 [00:00<00:00, 189.70it/s] 81%|████████████████████████████████▍       | 138/170 [00:00<00:00, 189.85it/s] 92%|████████████████████████████████████▉   | 157/170 [00:00<00:00, 188.90it/s]100%|████████████████████████████████████████| 170/170 [00:00<00:00, 189.17it/s]
2025-04-14 04:58:20,498 - INFO - Epoch 38: Training Loss: 0.0135, Acc: 85.47%, F1: 79.73%, Precision: 75.71%, Recall: 84.21%, AUC: 85.16%
2025-04-14 04:58:20,498 - INFO - Time consumption: [Data]25%, [Network]73%
2025-04-14 04:58:20,498 - INFO - Eval epoch: 38
  0%|                                                    | 0/61 [00:00<?, ?it/s] 66%|███████████████████████████▌              | 40/61 [00:00<00:00, 399.61it/s]100%|██████████████████████████████████████████| 61/61 [00:00<00:00, 400.24it/s]
2025-04-14 04:58:20,656 - INFO - Val Loss: 0.0308, Acc: 60.25%, F1: 18.22%, Precision: 10.71%, Recall: 60.99%, AUC: 60.59%
2025-04-14 04:58:20,656 - INFO - Early stopping at epoch 38
2025-04-14 04:58:20,670 - INFO - ===== Testing Subject 30 =====
2025-04-14 04:58:21,498 - INFO - Eval epoch: 0
  0%|                                                    | 0/33 [00:00<?, ?it/s]100%|██████████████████████████████████████████| 33/33 [00:00<00:00, 614.06it/s]
2025-04-14 04:58:21,556 - INFO - Test Loss: 0.2288, Acc: 63.85%, F1: 74.59%, Precision: 85.71%, Recall: 66.03%, AUC: 60.47%
2025-04-14 04:58:22,105 - INFO - ===== Starting fold with test subject 31 =====
2025-04-14 04:58:22,105 - INFO - Train subjects: [45, 36, 29, 32, 39, 30, 33, 34, 35, 37, 43, 44]
2025-04-14 04:58:22,105 - INFO - Val subjects: [38, 46]
2025-04-14 04:58:22,109 - INFO - Model Parameters: 384828
2025-04-14 04:58:22,123 - INFO - Fixed 60 duplicate timestamps
2025-04-14 04:58:22,127 - WARNING - Found 10 time reversals
2025-04-14 04:58:22,134 - INFO - Fixed 4 duplicate timestamps
2025-04-14 04:58:22,142 - INFO - Fixed 10 duplicate timestamps
/mmfs1/home/sww35/testWatchAcc/LightHART/utils/accelerometer_processor.py:44: UserWarning: Could not infer format, so each element will be parsed individually, falling back to `dateutil`. To ensure parsing is consistent and as-expected, please specify a format.
  timestamps = pd.to_datetime(data.iloc[:, 0], errors='coerce')
2025-04-14 04:58:22,151 - WARNING - Found 1 invalid timestamps at rows [0]...
2025-04-14 04:58:22,152 - ERROR - Error processing /mmfs1/home/sww35/testWatchAcc/LightHART/data/smartfallmm/young/accelerometer/watch/S33A10T04.csv: 0
2025-04-14 04:58:22,152 - ERROR - Error processing /mmfs1/home/sww35/testWatchAcc/LightHART/data/smartfallmm/young/accelerometer/watch/S33A10T04.csv: 0
2025-04-14 04:58:22,159 - INFO - Fixed 22 duplicate timestamps
2025-04-14 04:58:22,164 - INFO - Fixed 1 duplicate timestamps
2025-04-14 04:58:22,171 - INFO - Fixed 10 duplicate timestamps
2025-04-14 04:58:22,174 - WARNING - Found 2 time reversals
2025-04-14 04:58:22,179 - INFO - Fixed 2 duplicate timestamps
2025-04-14 04:58:22,186 - INFO - Fixed 4 duplicate timestamps
2025-04-14 04:58:22,191 - INFO - Fixed 1 duplicate timestamps
2025-04-14 04:58:22,197 - INFO - Fixed 6 duplicate timestamps
2025-04-14 04:58:22,199 - WARNING - Found 1 time reversals
2025-04-14 04:58:22,230 - INFO - Fixed 471 duplicate timestamps
2025-04-14 04:58:22,242 - WARNING - Found 164 time reversals
/mmfs1/home/sww35/testWatchAcc/LightHART/utils/accelerometer_processor.py:44: UserWarning: Could not infer format, so each element will be parsed individually, falling back to `dateutil`. To ensure parsing is consistent and as-expected, please specify a format.
  timestamps = pd.to_datetime(data.iloc[:, 0], errors='coerce')
2025-04-14 04:58:22,288 - WARNING - Found 647 invalid timestamps at rows [0 1 2 3 4]...
2025-04-14 04:58:22,288 - ERROR - Error processing /mmfs1/home/sww35/testWatchAcc/LightHART/data/smartfallmm/young/accelerometer/watch/S33A06T08.csv: Insufficient valid data rows after cleaning: 0
2025-04-14 04:58:22,288 - ERROR - Error processing /mmfs1/home/sww35/testWatchAcc/LightHART/data/smartfallmm/young/accelerometer/watch/S33A06T08.csv: Insufficient valid data rows after cleaning: 0
2025-04-14 04:58:22,328 - INFO - Fixed 653 duplicate timestamps
2025-04-14 04:58:22,343 - WARNING - Found 291 time reversals
2025-04-14 04:58:22,348 - INFO - Fixed 1 duplicate timestamps
/mmfs1/home/sww35/testWatchAcc/LightHART/utils/accelerometer_processor.py:44: UserWarning: Could not infer format, so each element will be parsed individually, falling back to `dateutil`. To ensure parsing is consistent and as-expected, please specify a format.
  timestamps = pd.to_datetime(data.iloc[:, 0], errors='coerce')
2025-04-14 04:58:22,351 - WARNING - Found 1 invalid timestamps at rows [0]...
2025-04-14 04:58:22,352 - ERROR - Error processing /mmfs1/home/sww35/testWatchAcc/LightHART/data/smartfallmm/young/accelerometer/watch/S33A10T03.csv: 0
2025-04-14 04:58:22,352 - ERROR - Error processing /mmfs1/home/sww35/testWatchAcc/LightHART/data/smartfallmm/young/accelerometer/watch/S33A10T03.csv: 0
2025-04-14 04:58:22,363 - INFO - Fixed 119 duplicate timestamps
2025-04-14 04:58:22,368 - WARNING - Found 38 time reversals
2025-04-14 04:58:22,375 - INFO - Fixed 72 duplicate timestamps
2025-04-14 04:58:22,376 - WARNING - Found 17 time reversals
2025-04-14 04:58:22,381 - INFO - Fixed 12 duplicate timestamps
2025-04-14 04:58:22,382 - WARNING - Found 1 time reversals
2025-04-14 04:58:22,390 - INFO - Fixed 77 duplicate timestamps
2025-04-14 04:58:22,401 - INFO - Fixed 9 duplicate timestamps
2025-04-14 04:58:22,402 - WARNING - Found 1 time reversals
2025-04-14 04:58:22,436 - INFO - Fixed 496 duplicate timestamps
2025-04-14 04:58:22,448 - WARNING - Found 184 time reversals
2025-04-14 04:58:22,497 - INFO - Fixed 898 duplicate timestamps
2025-04-14 04:58:22,515 - WARNING - Found 346 time reversals
2025-04-14 04:58:22,530 - INFO - Fixed 38 duplicate timestamps
2025-04-14 04:58:22,537 - WARNING - Found 13 time reversals
/mmfs1/home/sww35/testWatchAcc/LightHART/utils/accelerometer_processor.py:44: UserWarning: Could not infer format, so each element will be parsed individually, falling back to `dateutil`. To ensure parsing is consistent and as-expected, please specify a format.
  timestamps = pd.to_datetime(data.iloc[:, 0], errors='coerce')
2025-04-14 04:58:22,568 - WARNING - Found 355 invalid timestamps at rows [0 1 2 3 4]...
2025-04-14 04:58:22,569 - ERROR - Error processing /mmfs1/home/sww35/testWatchAcc/LightHART/data/smartfallmm/young/accelerometer/watch/S33A01T05.csv: Insufficient valid data rows after cleaning: 0
2025-04-14 04:58:22,569 - ERROR - Error processing /mmfs1/home/sww35/testWatchAcc/LightHART/data/smartfallmm/young/accelerometer/watch/S33A01T05.csv: Insufficient valid data rows after cleaning: 0
2025-04-14 04:58:22,581 - INFO - Fixed 68 duplicate timestamps
2025-04-14 04:58:22,587 - WARNING - Found 28 time reversals
2025-04-14 04:58:22,595 - INFO - Fixed 46 duplicate timestamps
2025-04-14 04:58:22,605 - INFO - Fixed 33 duplicate timestamps
2025-04-14 04:58:22,614 - INFO - Fixed 35 duplicate timestamps
2025-04-14 04:58:22,621 - INFO - Fixed 1 duplicate timestamps
2025-04-14 04:58:22,629 - INFO - Fixed 16 duplicate timestamps
2025-04-14 04:58:22,645 - INFO - Fixed 86 duplicate timestamps
2025-04-14 04:58:22,651 - WARNING - Found 32 time reversals
2025-04-14 04:58:22,685 - INFO - Fixed 403 duplicate timestamps
2025-04-14 04:58:22,695 - WARNING - Found 153 time reversals
2025-04-14 04:58:22,700 - INFO - Fixed 3 duplicate timestamps
2025-04-14 04:58:22,707 - INFO - Fixed 61 duplicate timestamps
2025-04-14 04:58:22,709 - WARNING - Found 16 time reversals
2025-04-14 04:58:22,713 - INFO - Fixed 2 duplicate timestamps
2025-04-14 04:58:22,719 - INFO - Fixed 5 duplicate timestamps
2025-04-14 04:58:22,724 - INFO - Fixed 1 duplicate timestamps
2025-04-14 04:58:22,741 - INFO - Fixed 68 duplicate timestamps
2025-04-14 04:58:22,747 - WARNING - Found 28 time reversals
2025-04-14 04:58:22,759 - INFO - Fixed 68 duplicate timestamps
2025-04-14 04:58:22,765 - WARNING - Found 28 time reversals
2025-04-14 04:58:22,772 - INFO - Fixed 10 duplicate timestamps
2025-04-14 04:58:22,779 - INFO - Fixed 1 duplicate timestamps
/mmfs1/home/sww35/testWatchAcc/LightHART/utils/accelerometer_processor.py:44: UserWarning: Could not infer format, so each element will be parsed individually, falling back to `dateutil`. To ensure parsing is consistent and as-expected, please specify a format.
  timestamps = pd.to_datetime(data.iloc[:, 0], errors='coerce')
2025-04-14 04:58:22,783 - WARNING - Found 168 invalid timestamps at rows [  0 341 342 343 344]...
2025-04-14 04:58:22,784 - ERROR - Error processing /mmfs1/home/sww35/testWatchAcc/LightHART/data/smartfallmm/young/accelerometer/watch/S33A13T04.csv: 0
2025-04-14 04:58:22,784 - ERROR - Error processing /mmfs1/home/sww35/testWatchAcc/LightHART/data/smartfallmm/young/accelerometer/watch/S33A13T04.csv: 0
2025-04-14 04:58:22,897 - INFO - Fixed 505 duplicate timestamps
2025-04-14 04:58:22,968 - WARNING - Found 239 time reversals
2025-04-14 04:58:22,979 - INFO - Fixed 43 duplicate timestamps
2025-04-14 04:58:22,984 - INFO - Fixed 3 duplicate timestamps
2025-04-14 04:58:22,990 - INFO - Fixed 8 duplicate timestamps
2025-04-14 04:58:22,992 - WARNING - Found 1 time reversals
2025-04-14 04:58:23,000 - INFO - Fixed 48 duplicate timestamps
2025-04-14 04:58:23,008 - INFO - Fixed 7 duplicate timestamps
2025-04-14 04:58:23,009 - WARNING - Found 1 time reversals
2025-04-14 04:58:23,043 - INFO - Fixed 537 duplicate timestamps
2025-04-14 04:58:23,056 - WARNING - Found 189 time reversals
2025-04-14 04:58:23,062 - INFO - Fixed 2 duplicate timestamps
/mmfs1/home/sww35/testWatchAcc/LightHART/utils/accelerometer_processor.py:44: UserWarning: Could not infer format, so each element will be parsed individually, falling back to `dateutil`. To ensure parsing is consistent and as-expected, please specify a format.
  timestamps = pd.to_datetime(data.iloc[:, 0], errors='coerce')
2025-04-14 04:58:23,069 - WARNING - Found 1 invalid timestamps at rows [0]...
2025-04-14 04:58:23,070 - ERROR - Error processing /mmfs1/home/sww35/testWatchAcc/LightHART/data/smartfallmm/young/accelerometer/watch/S33A03T01.csv: 0
2025-04-14 04:58:23,070 - ERROR - Error processing /mmfs1/home/sww35/testWatchAcc/LightHART/data/smartfallmm/young/accelerometer/watch/S33A03T01.csv: 0
2025-04-14 04:58:23,088 - INFO - Fixed 47 duplicate timestamps
2025-04-14 04:58:23,099 - WARNING - Found 21 time reversals
2025-04-14 04:58:23,142 - INFO - Fixed 751 duplicate timestamps
2025-04-14 04:58:23,159 - WARNING - Found 257 time reversals
/mmfs1/home/sww35/testWatchAcc/LightHART/utils/accelerometer_processor.py:44: UserWarning: Could not infer format, so each element will be parsed individually, falling back to `dateutil`. To ensure parsing is consistent and as-expected, please specify a format.
  timestamps = pd.to_datetime(data.iloc[:, 0], errors='coerce')
2025-04-14 04:58:23,162 - WARNING - Found 1 invalid timestamps at rows [0]...
2025-04-14 04:58:23,162 - ERROR - Error processing /mmfs1/home/sww35/testWatchAcc/LightHART/data/smartfallmm/young/accelerometer/watch/S33A09T02.csv: 0
2025-04-14 04:58:23,162 - ERROR - Error processing /mmfs1/home/sww35/testWatchAcc/LightHART/data/smartfallmm/young/accelerometer/watch/S33A09T02.csv: 0
2025-04-14 04:58:23,204 - INFO - Fixed 733 duplicate timestamps
2025-04-14 04:58:23,220 - WARNING - Found 282 time reversals
2025-04-14 04:58:23,228 - INFO - Fixed 25 duplicate timestamps
2025-04-14 04:58:23,230 - WARNING - Found 4 time reversals
2025-04-14 04:58:23,242 - INFO - Fixed 47 duplicate timestamps
2025-04-14 04:58:23,247 - WARNING - Found 10 time reversals
2025-04-14 04:58:23,253 - INFO - Fixed 7 duplicate timestamps
2025-04-14 04:58:23,256 - WARNING - Found 2 time reversals
2025-04-14 04:58:23,271 - INFO - Fixed 48 duplicate timestamps
2025-04-14 04:58:23,280 - WARNING - Found 20 time reversals
2025-04-14 04:58:23,288 - INFO - Fixed 19 duplicate timestamps
2025-04-14 04:58:23,291 - WARNING - Found 7 time reversals
2025-04-14 04:58:23,302 - INFO - Fixed 37 duplicate timestamps
2025-04-14 04:58:23,307 - WARNING - Found 12 time reversals
/mmfs1/home/sww35/testWatchAcc/LightHART/utils/accelerometer_processor.py:44: UserWarning: Could not infer format, so each element will be parsed individually, falling back to `dateutil`. To ensure parsing is consistent and as-expected, please specify a format.
  timestamps = pd.to_datetime(data.iloc[:, 0], errors='coerce')
2025-04-14 04:58:23,310 - WARNING - Found 110 invalid timestamps at rows [  0 503 504 505 506]...
2025-04-14 04:58:23,311 - ERROR - Error processing /mmfs1/home/sww35/testWatchAcc/LightHART/data/smartfallmm/young/accelerometer/watch/S33A14T02.csv: 0
2025-04-14 04:58:23,311 - ERROR - Error processing /mmfs1/home/sww35/testWatchAcc/LightHART/data/smartfallmm/young/accelerometer/watch/S33A14T02.csv: 0
2025-04-14 04:58:23,365 - INFO - Fixed 930 duplicate timestamps
2025-04-14 04:58:23,384 - WARNING - Found 438 time reversals
2025-04-14 04:58:23,391 - INFO - Fixed 8 duplicate timestamps
2025-04-14 04:58:23,399 - INFO - Fixed 30 duplicate timestamps
2025-04-14 04:58:23,400 - WARNING - Found 3 time reversals
2025-04-14 04:58:23,404 - INFO - Fixed 8 duplicate timestamps
2025-04-14 04:58:23,405 - WARNING - Found 1 time reversals
2025-04-14 04:58:23,409 - INFO - Fixed 15 duplicate timestamps
2025-04-14 04:58:23,411 - WARNING - Found 4 time reversals
/mmfs1/home/sww35/testWatchAcc/LightHART/utils/accelerometer_processor.py:44: UserWarning: Could not infer format, so each element will be parsed individually, falling back to `dateutil`. To ensure parsing is consistent and as-expected, please specify a format.
  timestamps = pd.to_datetime(data.iloc[:, 0], errors='coerce')
2025-04-14 04:58:23,413 - WARNING - Found 172 invalid timestamps at rows [  0 342 343 344 345]...
2025-04-14 04:58:23,414 - ERROR - Error processing /mmfs1/home/sww35/testWatchAcc/LightHART/data/smartfallmm/young/accelerometer/watch/S33A05T03.csv: 0
2025-04-14 04:58:23,414 - ERROR - Error processing /mmfs1/home/sww35/testWatchAcc/LightHART/data/smartfallmm/young/accelerometer/watch/S33A05T03.csv: 0
2025-04-14 04:58:23,451 - INFO - Fixed 530 duplicate timestamps
2025-04-14 04:58:23,464 - WARNING - Found 188 time reversals
2025-04-14 04:58:23,470 - INFO - Fixed 7 duplicate timestamps
2025-04-14 04:58:23,568 - INFO - Fixed 1762 duplicate timestamps
2025-04-14 04:58:23,607 - WARNING - Found 562 time reversals
/mmfs1/home/sww35/testWatchAcc/LightHART/utils/accelerometer_processor.py:44: UserWarning: Could not infer format, so each element will be parsed individually, falling back to `dateutil`. To ensure parsing is consistent and as-expected, please specify a format.
  timestamps = pd.to_datetime(data.iloc[:, 0], errors='coerce')
2025-04-14 04:58:23,646 - WARNING - Found 396 invalid timestamps at rows [0 1 2 3 4]...
2025-04-14 04:58:23,646 - ERROR - Error processing /mmfs1/home/sww35/testWatchAcc/LightHART/data/smartfallmm/young/accelerometer/watch/S33A03T12.csv: Insufficient valid data rows after cleaning: 0
2025-04-14 04:58:23,646 - ERROR - Error processing /mmfs1/home/sww35/testWatchAcc/LightHART/data/smartfallmm/young/accelerometer/watch/S33A03T12.csv: Insufficient valid data rows after cleaning: 0
2025-04-14 04:58:23,692 - INFO - Fixed 796 duplicate timestamps
2025-04-14 04:58:23,709 - WARNING - Found 361 time reversals
2025-04-14 04:58:23,715 - INFO - Fixed 8 duplicate timestamps
2025-04-14 04:58:23,718 - WARNING - Found 1 time reversals
2025-04-14 04:58:23,727 - INFO - Fixed 95 duplicate timestamps
2025-04-14 04:58:23,730 - WARNING - Found 27 time reversals
2025-04-14 04:58:23,735 - INFO - Fixed 30 duplicate timestamps
2025-04-14 04:58:23,804 - INFO - Fixed 978 duplicate timestamps
2025-04-14 04:58:23,828 - WARNING - Found 338 time reversals
2025-04-14 04:58:23,834 - INFO - Fixed 8 duplicate timestamps
2025-04-14 04:58:23,836 - WARNING - Found 2 time reversals
2025-04-14 04:58:23,841 - INFO - Fixed 11 duplicate timestamps
2025-04-14 04:58:23,856 - INFO - Fixed 46 duplicate timestamps
2025-04-14 04:58:23,863 - WARNING - Found 16 time reversals
2025-04-14 04:58:23,876 - INFO - Fixed 68 duplicate timestamps
2025-04-14 04:58:23,881 - WARNING - Found 28 time reversals
2025-04-14 04:58:23,887 - INFO - Fixed 4 duplicate timestamps
2025-04-14 04:58:23,895 - INFO - Fixed 10 duplicate timestamps
2025-04-14 04:58:23,896 - WARNING - Found 1 time reversals
2025-04-14 04:58:23,902 - INFO - Fixed 6 duplicate timestamps
2025-04-14 04:58:23,942 - INFO - Fixed 568 duplicate timestamps
2025-04-14 04:58:23,955 - WARNING - Found 235 time reversals
/mmfs1/home/sww35/testWatchAcc/LightHART/utils/accelerometer_processor.py:44: UserWarning: Could not infer format, so each element will be parsed individually, falling back to `dateutil`. To ensure parsing is consistent and as-expected, please specify a format.
  timestamps = pd.to_datetime(data.iloc[:, 0], errors='coerce')
2025-04-14 04:58:23,959 - WARNING - Found 1 invalid timestamps at rows [0]...
2025-04-14 04:58:23,959 - ERROR - Error processing /mmfs1/home/sww35/testWatchAcc/LightHART/data/smartfallmm/young/accelerometer/watch/S33A13T03.csv: 0
2025-04-14 04:58:23,959 - ERROR - Error processing /mmfs1/home/sww35/testWatchAcc/LightHART/data/smartfallmm/young/accelerometer/watch/S33A13T03.csv: 0
2025-04-14 04:58:23,990 - INFO - Fixed 511 duplicate timestamps
2025-04-14 04:58:24,002 - WARNING - Found 145 time reversals
2025-04-14 04:58:24,011 - INFO - Fixed 83 duplicate timestamps
2025-04-14 04:58:24,034 - INFO - Fixed 88 duplicate timestamps
2025-04-14 04:58:24,045 - WARNING - Found 28 time reversals
2025-04-14 04:58:24,051 - INFO - Fixed 2 duplicate timestamps
2025-04-14 04:58:24,088 - INFO - Fixed 507 duplicate timestamps
2025-04-14 04:58:24,100 - WARNING - Found 157 time reversals
2025-04-14 04:58:24,135 - INFO - Fixed 566 duplicate timestamps
2025-04-14 04:58:24,148 - WARNING - Found 204 time reversals
2025-04-14 04:58:24,160 - INFO - Fixed 68 duplicate timestamps
2025-04-14 04:58:24,166 - WARNING - Found 28 time reversals
2025-04-14 04:58:24,175 - INFO - Fixed 3 duplicate timestamps
2025-04-14 04:58:24,188 - INFO - Fixed 61 duplicate timestamps
2025-04-14 04:58:24,190 - WARNING - Found 20 time reversals
2025-04-14 04:58:24,200 - INFO - Fixed 3 duplicate timestamps
2025-04-14 04:58:24,209 - INFO - Fixed 33 duplicate timestamps
2025-04-14 04:58:24,237 - INFO - Fixed 403 duplicate timestamps
2025-04-14 04:58:24,246 - WARNING - Found 133 time reversals
/mmfs1/home/sww35/testWatchAcc/LightHART/utils/accelerometer_processor.py:44: UserWarning: Could not infer format, so each element will be parsed individually, falling back to `dateutil`. To ensure parsing is consistent and as-expected, please specify a format.
  timestamps = pd.to_datetime(data.iloc[:, 0], errors='coerce')
2025-04-14 04:58:24,258 - WARNING - Found 137 invalid timestamps at rows [0 1 2 3 4]...
2025-04-14 04:58:24,259 - ERROR - Error processing /mmfs1/home/sww35/testWatchAcc/LightHART/data/smartfallmm/young/accelerometer/watch/S33A14T05.csv: Insufficient valid data rows after cleaning: 0
2025-04-14 04:58:24,259 - ERROR - Error processing /mmfs1/home/sww35/testWatchAcc/LightHART/data/smartfallmm/young/accelerometer/watch/S33A14T05.csv: Insufficient valid data rows after cleaning: 0
2025-04-14 04:58:24,266 - INFO - Fixed 3 duplicate timestamps
2025-04-14 04:58:24,272 - INFO - Fixed 2 duplicate timestamps
/mmfs1/home/sww35/testWatchAcc/LightHART/utils/accelerometer_processor.py:44: UserWarning: Could not infer format, so each element will be parsed individually, falling back to `dateutil`. To ensure parsing is consistent and as-expected, please specify a format.
  timestamps = pd.to_datetime(data.iloc[:, 0], errors='coerce')
2025-04-14 04:58:24,308 - WARNING - Found 446 invalid timestamps at rows [0 1 2 3 4]...
2025-04-14 04:58:24,308 - ERROR - Error processing /mmfs1/home/sww35/testWatchAcc/LightHART/data/smartfallmm/young/accelerometer/watch/S33A08T04.csv: Insufficient valid data rows after cleaning: 0
2025-04-14 04:58:24,308 - ERROR - Error processing /mmfs1/home/sww35/testWatchAcc/LightHART/data/smartfallmm/young/accelerometer/watch/S33A08T04.csv: Insufficient valid data rows after cleaning: 0
/mmfs1/home/sww35/testWatchAcc/LightHART/utils/accelerometer_processor.py:44: UserWarning: Could not infer format, so each element will be parsed individually, falling back to `dateutil`. To ensure parsing is consistent and as-expected, please specify a format.
  timestamps = pd.to_datetime(data.iloc[:, 0], errors='coerce')
2025-04-14 04:58:24,318 - WARNING - Found 118 invalid timestamps at rows [0 1 2 3 4]...
2025-04-14 04:58:24,318 - ERROR - Error processing /mmfs1/home/sww35/testWatchAcc/LightHART/data/smartfallmm/young/accelerometer/watch/S33A05T08.csv: Insufficient valid data rows after cleaning: 0
2025-04-14 04:58:24,318 - ERROR - Error processing /mmfs1/home/sww35/testWatchAcc/LightHART/data/smartfallmm/young/accelerometer/watch/S33A05T08.csv: Insufficient valid data rows after cleaning: 0
2025-04-14 04:58:24,329 - INFO - Fixed 94 duplicate timestamps
2025-04-14 04:58:24,334 - WARNING - Found 30 time reversals
/mmfs1/home/sww35/testWatchAcc/LightHART/utils/accelerometer_processor.py:44: UserWarning: Could not infer format, so each element will be parsed individually, falling back to `dateutil`. To ensure parsing is consistent and as-expected, please specify a format.
  timestamps = pd.to_datetime(data.iloc[:, 0], errors='coerce')
2025-04-14 04:58:24,365 - WARNING - Found 510 invalid timestamps at rows [0 1 2 3 4]...
2025-04-14 04:58:24,365 - ERROR - Error processing /mmfs1/home/sww35/testWatchAcc/LightHART/data/smartfallmm/young/accelerometer/watch/S33A06T07.csv: Insufficient valid data rows after cleaning: 0
2025-04-14 04:58:24,366 - ERROR - Error processing /mmfs1/home/sww35/testWatchAcc/LightHART/data/smartfallmm/young/accelerometer/watch/S33A06T07.csv: Insufficient valid data rows after cleaning: 0
2025-04-14 04:58:24,373 - INFO - Fixed 7 duplicate timestamps
2025-04-14 04:58:24,387 - INFO - Fixed 68 duplicate timestamps
2025-04-14 04:58:24,392 - WARNING - Found 28 time reversals
2025-04-14 04:58:24,405 - INFO - Fixed 66 duplicate timestamps
2025-04-14 04:58:24,410 - WARNING - Found 28 time reversals
/mmfs1/home/sww35/testWatchAcc/LightHART/utils/accelerometer_processor.py:44: UserWarning: Could not infer format, so each element will be parsed individually, falling back to `dateutil`. To ensure parsing is consistent and as-expected, please specify a format.
  timestamps = pd.to_datetime(data.iloc[:, 0], errors='coerce')
2025-04-14 04:58:24,413 - WARNING - Found 171 invalid timestamps at rows [  0 341 342 343 344]...
2025-04-14 04:58:24,413 - ERROR - Error processing /mmfs1/home/sww35/testWatchAcc/LightHART/data/smartfallmm/young/accelerometer/watch/S33A06T01.csv: 0
2025-04-14 04:58:24,413 - ERROR - Error processing /mmfs1/home/sww35/testWatchAcc/LightHART/data/smartfallmm/young/accelerometer/watch/S33A06T01.csv: 0
/mmfs1/home/sww35/testWatchAcc/LightHART/utils/accelerometer_processor.py:44: UserWarning: Could not infer format, so each element will be parsed individually, falling back to `dateutil`. To ensure parsing is consistent and as-expected, please specify a format.
  timestamps = pd.to_datetime(data.iloc[:, 0], errors='coerce')
2025-04-14 04:58:24,415 - WARNING - Found 169 invalid timestamps at rows [  0 342 343 344 345]...
2025-04-14 04:58:24,416 - ERROR - Error processing /mmfs1/home/sww35/testWatchAcc/LightHART/data/smartfallmm/young/accelerometer/watch/S33A11T01.csv: 0
2025-04-14 04:58:24,416 - ERROR - Error processing /mmfs1/home/sww35/testWatchAcc/LightHART/data/smartfallmm/young/accelerometer/watch/S33A11T01.csv: 0
2025-04-14 04:58:24,451 - INFO - Fixed 534 duplicate timestamps
2025-04-14 04:58:24,464 - WARNING - Found 200 time reversals
/mmfs1/home/sww35/testWatchAcc/LightHART/utils/accelerometer_processor.py:44: UserWarning: Could not infer format, so each element will be parsed individually, falling back to `dateutil`. To ensure parsing is consistent and as-expected, please specify a format.
  timestamps = pd.to_datetime(data.iloc[:, 0], errors='coerce')
2025-04-14 04:58:24,494 - WARNING - Found 510 invalid timestamps at rows [0 1 2 3 4]...
2025-04-14 04:58:24,495 - ERROR - Error processing /mmfs1/home/sww35/testWatchAcc/LightHART/data/smartfallmm/young/accelerometer/watch/S33A13T05.csv: Insufficient valid data rows after cleaning: 0
2025-04-14 04:58:24,495 - ERROR - Error processing /mmfs1/home/sww35/testWatchAcc/LightHART/data/smartfallmm/young/accelerometer/watch/S33A13T05.csv: Insufficient valid data rows after cleaning: 0
/mmfs1/home/sww35/testWatchAcc/LightHART/utils/accelerometer_processor.py:44: UserWarning: Could not infer format, so each element will be parsed individually, falling back to `dateutil`. To ensure parsing is consistent and as-expected, please specify a format.
  timestamps = pd.to_datetime(data.iloc[:, 0], errors='coerce')
2025-04-14 04:58:24,519 - WARNING - Found 407 invalid timestamps at rows [0 1 2 3 4]...
2025-04-14 04:58:24,519 - ERROR - Error processing /mmfs1/home/sww35/testWatchAcc/LightHART/data/smartfallmm/young/accelerometer/watch/S33A02T09.csv: Insufficient valid data rows after cleaning: 0
2025-04-14 04:58:24,519 - ERROR - Error processing /mmfs1/home/sww35/testWatchAcc/LightHART/data/smartfallmm/young/accelerometer/watch/S33A02T09.csv: Insufficient valid data rows after cleaning: 0
2025-04-14 04:58:24,530 - INFO - Fixed 30 duplicate timestamps
2025-04-14 04:58:24,536 - WARNING - Found 23 time reversals
2025-04-14 04:58:24,584 - INFO - Fixed 890 duplicate timestamps
2025-04-14 04:58:24,603 - WARNING - Found 337 time reversals
2025-04-14 04:58:24,611 - INFO - Fixed 10 duplicate timestamps
2025-04-14 04:58:24,615 - WARNING - Found 1 time reversals
2025-04-14 04:58:24,618 - INFO - Fixed 7 duplicate timestamps
/mmfs1/home/sww35/testWatchAcc/LightHART/utils/accelerometer_processor.py:44: UserWarning: Could not infer format, so each element will be parsed individually, falling back to `dateutil`. To ensure parsing is consistent and as-expected, please specify a format.
  timestamps = pd.to_datetime(data.iloc[:, 0], errors='coerce')
2025-04-14 04:58:24,621 - WARNING - Found 61 invalid timestamps at rows [  0 406 407 408 409]...
2025-04-14 04:58:24,622 - ERROR - Error processing /mmfs1/home/sww35/testWatchAcc/LightHART/data/smartfallmm/young/accelerometer/watch/S33A03T02.csv: 0
2025-04-14 04:58:24,622 - ERROR - Error processing /mmfs1/home/sww35/testWatchAcc/LightHART/data/smartfallmm/young/accelerometer/watch/S33A03T02.csv: 0
2025-04-14 04:58:24,654 - INFO - Fixed 493 duplicate timestamps
2025-04-14 04:58:24,667 - WARNING - Found 191 time reversals
2025-04-14 04:58:24,673 - INFO - Fixed 29 duplicate timestamps
2025-04-14 04:58:24,674 - WARNING - Found 6 time reversals
2025-04-14 04:58:24,684 - INFO - Fixed 19 duplicate timestamps
2025-04-14 04:58:24,689 - WARNING - Found 1 time reversals
2025-04-14 04:58:24,703 - INFO - Fixed 170 duplicate timestamps
2025-04-14 04:58:24,709 - WARNING - Found 59 time reversals
2025-04-14 04:58:24,714 - INFO - Fixed 3 duplicate timestamps
2025-04-14 04:58:24,727 - INFO - Fixed 88 duplicate timestamps
2025-04-14 04:58:24,731 - WARNING - Found 22 time reversals
/mmfs1/home/sww35/testWatchAcc/LightHART/utils/accelerometer_processor.py:44: UserWarning: Could not infer format, so each element will be parsed individually, falling back to `dateutil`. To ensure parsing is consistent and as-expected, please specify a format.
  timestamps = pd.to_datetime(data.iloc[:, 0], errors='coerce')
2025-04-14 04:58:24,733 - WARNING - Found 216 invalid timestamps at rows [  0 435 436 437 438]...
2025-04-14 04:58:24,734 - ERROR - Error processing /mmfs1/home/sww35/testWatchAcc/LightHART/data/smartfallmm/young/accelerometer/watch/S33A13T02.csv: 0
2025-04-14 04:58:24,734 - ERROR - Error processing /mmfs1/home/sww35/testWatchAcc/LightHART/data/smartfallmm/young/accelerometer/watch/S33A13T02.csv: 0
2025-04-14 04:58:24,738 - INFO - Fixed 12 duplicate timestamps
2025-04-14 04:58:24,740 - WARNING - Found 1 time reversals
2025-04-14 04:58:24,747 - INFO - Fixed 35 duplicate timestamps
2025-04-14 04:58:24,750 - WARNING - Found 10 time reversals
2025-04-14 04:58:24,796 - INFO - Fixed 766 duplicate timestamps
2025-04-14 04:58:24,814 - WARNING - Found 326 time reversals
2025-04-14 04:58:24,825 - INFO - Fixed 98 duplicate timestamps
2025-04-14 04:58:24,827 - WARNING - Found 26 time reversals
2025-04-14 04:58:24,833 - INFO - Fixed 2 duplicate timestamps
2025-04-14 04:58:24,841 - INFO - Fixed 41 duplicate timestamps
2025-04-14 04:58:24,843 - WARNING - Found 11 time reversals
/mmfs1/home/sww35/testWatchAcc/LightHART/utils/accelerometer_processor.py:44: UserWarning: Could not infer format, so each element will be parsed individually, falling back to `dateutil`. To ensure parsing is consistent and as-expected, please specify a format.
  timestamps = pd.to_datetime(data.iloc[:, 0], errors='coerce')
2025-04-14 04:58:24,875 - WARNING - Found 407 invalid timestamps at rows [0 1 2 3 4]...
2025-04-14 04:58:24,875 - ERROR - Error processing /mmfs1/home/sww35/testWatchAcc/LightHART/data/smartfallmm/young/accelerometer/watch/S33A11T04.csv: Insufficient valid data rows after cleaning: 0
2025-04-14 04:58:24,875 - ERROR - Error processing /mmfs1/home/sww35/testWatchAcc/LightHART/data/smartfallmm/young/accelerometer/watch/S33A11T04.csv: Insufficient valid data rows after cleaning: 0
2025-04-14 04:58:24,880 - INFO - Fixed 37 duplicate timestamps
2025-04-14 04:58:24,882 - WARNING - Found 14 time reversals
2025-04-14 04:58:24,885 - INFO - Fixed 4 duplicate timestamps
2025-04-14 04:58:24,900 - INFO - Fixed 39 duplicate timestamps
2025-04-14 04:58:24,907 - WARNING - Found 14 time reversals
2025-04-14 04:58:24,912 - INFO - Fixed 33 duplicate timestamps
2025-04-14 04:58:24,967 - INFO - Fixed 934 duplicate timestamps
2025-04-14 04:58:24,986 - WARNING - Found 430 time reversals
2025-04-14 04:58:25,021 - INFO - Fixed 528 duplicate timestamps
2025-04-14 04:58:25,033 - WARNING - Found 181 time reversals
2025-04-14 04:58:25,072 - INFO - Fixed 692 duplicate timestamps
2025-04-14 04:58:25,087 - WARNING - Found 200 time reversals
/mmfs1/home/sww35/testWatchAcc/LightHART/utils/accelerometer_processor.py:44: UserWarning: Could not infer format, so each element will be parsed individually, falling back to `dateutil`. To ensure parsing is consistent and as-expected, please specify a format.
  timestamps = pd.to_datetime(data.iloc[:, 0], errors='coerce')
2025-04-14 04:58:25,109 - WARNING - Found 281 invalid timestamps at rows [0 1 2 3 4]...
2025-04-14 04:58:25,110 - ERROR - Error processing /mmfs1/home/sww35/testWatchAcc/LightHART/data/smartfallmm/young/accelerometer/watch/S33A07T06.csv: Insufficient valid data rows after cleaning: 0
2025-04-14 04:58:25,110 - ERROR - Error processing /mmfs1/home/sww35/testWatchAcc/LightHART/data/smartfallmm/young/accelerometer/watch/S33A07T06.csv: Insufficient valid data rows after cleaning: 0
2025-04-14 04:58:25,115 - INFO - Fixed 4 duplicate timestamps
2025-04-14 04:58:25,211 - INFO - Fixed 416 duplicate timestamps
2025-04-14 04:58:25,268 - WARNING - Found 162 time reversals
2025-04-14 04:58:25,283 - INFO - Fixed 68 duplicate timestamps
2025-04-14 04:58:25,289 - WARNING - Found 28 time reversals
2025-04-14 04:58:25,294 - INFO - Fixed 3 duplicate timestamps
2025-04-14 04:58:25,303 - INFO - Fixed 28 duplicate timestamps
2025-04-14 04:58:25,306 - WARNING - Found 5 time reversals
2025-04-14 04:58:25,310 - INFO - Fixed 9 duplicate timestamps
2025-04-14 04:58:25,337 - INFO - Fixed 435 duplicate timestamps
2025-04-14 04:58:25,347 - WARNING - Found 148 time reversals
/mmfs1/home/sww35/testWatchAcc/LightHART/utils/accelerometer_processor.py:44: UserWarning: Could not infer format, so each element will be parsed individually, falling back to `dateutil`. To ensure parsing is consistent and as-expected, please specify a format.
  timestamps = pd.to_datetime(data.iloc[:, 0], errors='coerce')
2025-04-14 04:58:25,378 - WARNING - Found 507 invalid timestamps at rows [0 1 2 3 4]...
2025-04-14 04:58:25,378 - ERROR - Error processing /mmfs1/home/sww35/testWatchAcc/LightHART/data/smartfallmm/young/accelerometer/watch/S33A08T07.csv: Insufficient valid data rows after cleaning: 0
2025-04-14 04:58:25,378 - ERROR - Error processing /mmfs1/home/sww35/testWatchAcc/LightHART/data/smartfallmm/young/accelerometer/watch/S33A08T07.csv: Insufficient valid data rows after cleaning: 0
2025-04-14 04:58:25,391 - INFO - Fixed 110 duplicate timestamps
2025-04-14 04:58:25,396 - WARNING - Found 40 time reversals
/mmfs1/home/sww35/testWatchAcc/LightHART/utils/accelerometer_processor.py:44: UserWarning: Could not infer format, so each element will be parsed individually, falling back to `dateutil`. To ensure parsing is consistent and as-expected, please specify a format.
  timestamps = pd.to_datetime(data.iloc[:, 0], errors='coerce')
2025-04-14 04:58:25,420 - WARNING - Found 304 invalid timestamps at rows [0 1 2 3 4]...
2025-04-14 04:58:25,421 - ERROR - Error processing /mmfs1/home/sww35/testWatchAcc/LightHART/data/smartfallmm/young/accelerometer/watch/S33A13T09.csv: Insufficient valid data rows after cleaning: 0
2025-04-14 04:58:25,421 - ERROR - Error processing /mmfs1/home/sww35/testWatchAcc/LightHART/data/smartfallmm/young/accelerometer/watch/S33A13T09.csv: Insufficient valid data rows after cleaning: 0
2025-04-14 04:58:25,459 - INFO - Fixed 701 duplicate timestamps
2025-04-14 04:58:25,473 - WARNING - Found 247 time reversals
2025-04-14 04:58:25,507 - INFO - Fixed 119 duplicate timestamps
2025-04-14 04:58:25,527 - WARNING - Found 45 time reversals
2025-04-14 04:58:25,533 - INFO - Fixed 2 duplicate timestamps
/mmfs1/home/sww35/testWatchAcc/LightHART/utils/accelerometer_processor.py:44: UserWarning: Could not infer format, so each element will be parsed individually, falling back to `dateutil`. To ensure parsing is consistent and as-expected, please specify a format.
  timestamps = pd.to_datetime(data.iloc[:, 0], errors='coerce')
2025-04-14 04:58:25,540 - WARNING - Found 182 invalid timestamps at rows [  0 366 367 368 369]...
2025-04-14 04:58:25,541 - ERROR - Error processing /mmfs1/home/sww35/testWatchAcc/LightHART/data/smartfallmm/young/accelerometer/watch/S33A07T02.csv: 0
2025-04-14 04:58:25,541 - ERROR - Error processing /mmfs1/home/sww35/testWatchAcc/LightHART/data/smartfallmm/young/accelerometer/watch/S33A07T02.csv: 0
/mmfs1/home/sww35/testWatchAcc/LightHART/utils/accelerometer_processor.py:44: UserWarning: Could not infer format, so each element will be parsed individually, falling back to `dateutil`. To ensure parsing is consistent and as-expected, please specify a format.
  timestamps = pd.to_datetime(data.iloc[:, 0], errors='coerce')
2025-04-14 04:58:25,543 - WARNING - Found 170 invalid timestamps at rows [  0 341 342 343 344]...
2025-04-14 04:58:25,543 - ERROR - Error processing /mmfs1/home/sww35/testWatchAcc/LightHART/data/smartfallmm/young/accelerometer/watch/S33A02T01.csv: 0
2025-04-14 04:58:25,543 - ERROR - Error processing /mmfs1/home/sww35/testWatchAcc/LightHART/data/smartfallmm/young/accelerometer/watch/S33A02T01.csv: 0
2025-04-14 04:58:25,570 - INFO - Fixed 430 duplicate timestamps
2025-04-14 04:58:25,581 - WARNING - Found 98 time reversals
2025-04-14 04:58:25,595 - INFO - Fixed 47 duplicate timestamps
2025-04-14 04:58:25,602 - WARNING - Found 16 time reversals
2025-04-14 04:58:25,627 - INFO - Fixed 471 duplicate timestamps
2025-04-14 04:58:25,637 - WARNING - Found 97 time reversals
/mmfs1/home/sww35/testWatchAcc/LightHART/utils/accelerometer_processor.py:44: UserWarning: Could not infer format, so each element will be parsed individually, falling back to `dateutil`. To ensure parsing is consistent and as-expected, please specify a format.
  timestamps = pd.to_datetime(data.iloc[:, 0], errors='coerce')
2025-04-14 04:58:25,670 - WARNING - Found 491 invalid timestamps at rows [0 1 2 3 4]...
2025-04-14 04:58:25,671 - ERROR - Error processing /mmfs1/home/sww35/testWatchAcc/LightHART/data/smartfallmm/young/accelerometer/watch/S33A07T12.csv: Insufficient valid data rows after cleaning: 0
2025-04-14 04:58:25,671 - ERROR - Error processing /mmfs1/home/sww35/testWatchAcc/LightHART/data/smartfallmm/young/accelerometer/watch/S33A07T12.csv: Insufficient valid data rows after cleaning: 0
2025-04-14 04:58:25,677 - INFO - Fixed 15 duplicate timestamps
2025-04-14 04:58:25,679 - WARNING - Found 2 time reversals
2025-04-14 04:58:25,703 - INFO - Fixed 468 duplicate timestamps
2025-04-14 04:58:25,713 - WARNING - Found 79 time reversals
2025-04-14 04:58:25,725 - INFO - Fixed 44 duplicate timestamps
2025-04-14 04:58:25,731 - WARNING - Found 16 time reversals
/mmfs1/home/sww35/testWatchAcc/LightHART/utils/accelerometer_processor.py:44: UserWarning: Could not infer format, so each element will be parsed individually, falling back to `dateutil`. To ensure parsing is consistent and as-expected, please specify a format.
  timestamps = pd.to_datetime(data.iloc[:, 0], errors='coerce')
2025-04-14 04:58:25,762 - WARNING - Found 309 invalid timestamps at rows [0 1 2 3 4]...
2025-04-14 04:58:25,762 - ERROR - Error processing /mmfs1/home/sww35/testWatchAcc/LightHART/data/smartfallmm/young/accelerometer/watch/S33A01T04.csv: Insufficient valid data rows after cleaning: 0
2025-04-14 04:58:25,762 - ERROR - Error processing /mmfs1/home/sww35/testWatchAcc/LightHART/data/smartfallmm/young/accelerometer/watch/S33A01T04.csv: Insufficient valid data rows after cleaning: 0
/mmfs1/home/sww35/testWatchAcc/LightHART/utils/accelerometer_processor.py:44: UserWarning: Could not infer format, so each element will be parsed individually, falling back to `dateutil`. To ensure parsing is consistent and as-expected, please specify a format.
  timestamps = pd.to_datetime(data.iloc[:, 0], errors='coerce')
2025-04-14 04:58:25,797 - WARNING - Found 486 invalid timestamps at rows [0 1 2 3 4]...
2025-04-14 04:58:25,797 - ERROR - Error processing /mmfs1/home/sww35/testWatchAcc/LightHART/data/smartfallmm/young/accelerometer/watch/S33A02T07.csv: Insufficient valid data rows after cleaning: 0
2025-04-14 04:58:25,797 - ERROR - Error processing /mmfs1/home/sww35/testWatchAcc/LightHART/data/smartfallmm/young/accelerometer/watch/S33A02T07.csv: Insufficient valid data rows after cleaning: 0
/mmfs1/home/sww35/testWatchAcc/LightHART/utils/accelerometer_processor.py:44: UserWarning: Could not infer format, so each element will be parsed individually, falling back to `dateutil`. To ensure parsing is consistent and as-expected, please specify a format.
  timestamps = pd.to_datetime(data.iloc[:, 0], errors='coerce')
2025-04-14 04:58:25,831 - WARNING - Found 448 invalid timestamps at rows [0 1 2 3 4]...
2025-04-14 04:58:25,831 - ERROR - Error processing /mmfs1/home/sww35/testWatchAcc/LightHART/data/smartfallmm/young/accelerometer/watch/S33A10T05.csv: Insufficient valid data rows after cleaning: 0
2025-04-14 04:58:25,831 - ERROR - Error processing /mmfs1/home/sww35/testWatchAcc/LightHART/data/smartfallmm/young/accelerometer/watch/S33A10T05.csv: Insufficient valid data rows after cleaning: 0
2025-04-14 04:58:25,843 - INFO - Fixed 91 duplicate timestamps
2025-04-14 04:58:25,849 - WARNING - Found 35 time reversals
2025-04-14 04:58:25,896 - INFO - Fixed 786 duplicate timestamps
2025-04-14 04:58:25,914 - WARNING - Found 284 time reversals
2025-04-14 04:58:25,919 - INFO - Fixed 2 duplicate timestamps
2025-04-14 04:58:25,924 - INFO - Fixed 1 duplicate timestamps
2025-04-14 04:58:25,942 - INFO - Fixed 13 duplicate timestamps
2025-04-14 04:58:25,960 - INFO - Fixed 31 duplicate timestamps
2025-04-14 04:58:25,965 - WARNING - Found 10 time reversals
2025-04-14 04:58:25,972 - INFO - Fixed 7 duplicate timestamps
2025-04-14 04:58:25,974 - WARNING - Found 1 time reversals
/mmfs1/home/sww35/testWatchAcc/LightHART/utils/accelerometer_processor.py:44: UserWarning: Could not infer format, so each element will be parsed individually, falling back to `dateutil`. To ensure parsing is consistent and as-expected, please specify a format.
  timestamps = pd.to_datetime(data.iloc[:, 0], errors='coerce')
2025-04-14 04:58:25,995 - WARNING - Found 259 invalid timestamps at rows [0 1 2 3 4]...
2025-04-14 04:58:25,995 - ERROR - Error processing /mmfs1/home/sww35/testWatchAcc/LightHART/data/smartfallmm/young/accelerometer/watch/S33A03T09.csv: Insufficient valid data rows after cleaning: 0
2025-04-14 04:58:25,995 - ERROR - Error processing /mmfs1/home/sww35/testWatchAcc/LightHART/data/smartfallmm/young/accelerometer/watch/S33A03T09.csv: Insufficient valid data rows after cleaning: 0
2025-04-14 04:58:26,009 - INFO - Fixed 174 duplicate timestamps
2025-04-14 04:58:26,010 - WARNING - Found 64 time reversals
2025-04-14 04:58:26,017 - INFO - Fixed 5 duplicate timestamps
2025-04-14 04:58:26,034 - INFO - Fixed 68 duplicate timestamps
2025-04-14 04:58:26,040 - WARNING - Found 28 time reversals
2025-04-14 04:58:26,073 - INFO - Fixed 547 duplicate timestamps
2025-04-14 04:58:26,088 - WARNING - Found 139 time reversals
2025-04-14 04:58:26,094 - INFO - Fixed 37 duplicate timestamps
2025-04-14 04:58:26,096 - WARNING - Found 7 time reversals
/mmfs1/home/sww35/testWatchAcc/LightHART/utils/accelerometer_processor.py:44: UserWarning: Could not infer format, so each element will be parsed individually, falling back to `dateutil`. To ensure parsing is consistent and as-expected, please specify a format.
  timestamps = pd.to_datetime(data.iloc[:, 0], errors='coerce')
2025-04-14 04:58:26,099 - WARNING - Found 1 invalid timestamps at rows [0]...
2025-04-14 04:58:26,099 - ERROR - Error processing /mmfs1/home/sww35/testWatchAcc/LightHART/data/smartfallmm/young/accelerometer/watch/S33A10T01.csv: 0
2025-04-14 04:58:26,099 - ERROR - Error processing /mmfs1/home/sww35/testWatchAcc/LightHART/data/smartfallmm/young/accelerometer/watch/S33A10T01.csv: 0
2025-04-14 04:58:26,104 - INFO - Fixed 55 duplicate timestamps
2025-04-14 04:58:26,106 - WARNING - Found 16 time reversals
/mmfs1/home/sww35/testWatchAcc/LightHART/utils/accelerometer_processor.py:44: UserWarning: Could not infer format, so each element will be parsed individually, falling back to `dateutil`. To ensure parsing is consistent and as-expected, please specify a format.
  timestamps = pd.to_datetime(data.iloc[:, 0], errors='coerce')
2025-04-14 04:58:26,110 - WARNING - Found 1 invalid timestamps at rows [0]...
2025-04-14 04:58:26,111 - ERROR - Error processing /mmfs1/home/sww35/testWatchAcc/LightHART/data/smartfallmm/young/accelerometer/watch/S33A03T03.csv: 0
2025-04-14 04:58:26,111 - ERROR - Error processing /mmfs1/home/sww35/testWatchAcc/LightHART/data/smartfallmm/young/accelerometer/watch/S33A03T03.csv: 0
2025-04-14 04:58:26,140 - INFO - Fixed 447 duplicate timestamps
2025-04-14 04:58:26,150 - WARNING - Found 180 time reversals
2025-04-14 04:58:26,157 - INFO - Fixed 3 duplicate timestamps
2025-04-14 04:58:26,169 - INFO - Fixed 70 duplicate timestamps
2025-04-14 04:58:26,172 - WARNING - Found 7 time reversals
2025-04-14 04:58:26,184 - INFO - Fixed 68 duplicate timestamps
2025-04-14 04:58:26,190 - WARNING - Found 28 time reversals
2025-04-14 04:58:26,196 - INFO - Fixed 50 duplicate timestamps
2025-04-14 04:58:26,197 - WARNING - Found 13 time reversals
2025-04-14 04:58:26,205 - INFO - Fixed 1 duplicate timestamps
2025-04-14 04:58:26,218 - INFO - Fixed 51 duplicate timestamps
2025-04-14 04:58:26,230 - INFO - Fixed 56 duplicate timestamps
2025-04-14 04:58:26,232 - WARNING - Found 14 time reversals
2025-04-14 04:58:26,238 - INFO - Fixed 17 duplicate timestamps
2025-04-14 04:58:26,241 - WARNING - Found 5 time reversals
/mmfs1/home/sww35/testWatchAcc/LightHART/utils/accelerometer_processor.py:44: UserWarning: Could not infer format, so each element will be parsed individually, falling back to `dateutil`. To ensure parsing is consistent and as-expected, please specify a format.
  timestamps = pd.to_datetime(data.iloc[:, 0], errors='coerce')
2025-04-14 04:58:26,267 - WARNING - Found 407 invalid timestamps at rows [0 1 2 3 4]...
2025-04-14 04:58:26,267 - ERROR - Error processing /mmfs1/home/sww35/testWatchAcc/LightHART/data/smartfallmm/young/accelerometer/watch/S33A13T10.csv: Insufficient valid data rows after cleaning: 0
2025-04-14 04:58:26,267 - ERROR - Error processing /mmfs1/home/sww35/testWatchAcc/LightHART/data/smartfallmm/young/accelerometer/watch/S33A13T10.csv: Insufficient valid data rows after cleaning: 0
2025-04-14 04:58:26,273 - INFO - Fixed 16 duplicate timestamps
2025-04-14 04:58:26,288 - INFO - Fixed 164 duplicate timestamps
2025-04-14 04:58:26,292 - WARNING - Found 68 time reversals
/mmfs1/home/sww35/testWatchAcc/LightHART/utils/accelerometer_processor.py:44: UserWarning: Could not infer format, so each element will be parsed individually, falling back to `dateutil`. To ensure parsing is consistent and as-expected, please specify a format.
  timestamps = pd.to_datetime(data.iloc[:, 0], errors='coerce')
2025-04-14 04:58:26,322 - WARNING - Found 382 invalid timestamps at rows [0 1 2 3 4]...
2025-04-14 04:58:26,323 - ERROR - Error processing /mmfs1/home/sww35/testWatchAcc/LightHART/data/smartfallmm/young/accelerometer/watch/S33A09T06.csv: Insufficient valid data rows after cleaning: 0
2025-04-14 04:58:26,323 - ERROR - Error processing /mmfs1/home/sww35/testWatchAcc/LightHART/data/smartfallmm/young/accelerometer/watch/S33A09T06.csv: Insufficient valid data rows after cleaning: 0
2025-04-14 04:58:26,331 - INFO - Fixed 91 duplicate timestamps
2025-04-14 04:58:26,334 - WARNING - Found 30 time reversals
/mmfs1/home/sww35/testWatchAcc/LightHART/utils/accelerometer_processor.py:44: UserWarning: Could not infer format, so each element will be parsed individually, falling back to `dateutil`. To ensure parsing is consistent and as-expected, please specify a format.
  timestamps = pd.to_datetime(data.iloc[:, 0], errors='coerce')
2025-04-14 04:58:26,372 - WARNING - Found 649 invalid timestamps at rows [0 1 2 3 4]...
2025-04-14 04:58:26,373 - ERROR - Error processing /mmfs1/home/sww35/testWatchAcc/LightHART/data/smartfallmm/young/accelerometer/watch/S33A14T07.csv: Insufficient valid data rows after cleaning: 0
2025-04-14 04:58:26,373 - ERROR - Error processing /mmfs1/home/sww35/testWatchAcc/LightHART/data/smartfallmm/young/accelerometer/watch/S33A14T07.csv: Insufficient valid data rows after cleaning: 0
2025-04-14 04:58:26,380 - INFO - Fixed 44 duplicate timestamps
2025-04-14 04:58:26,383 - WARNING - Found 12 time reversals
2025-04-14 04:58:26,410 - INFO - Fixed 410 duplicate timestamps
2025-04-14 04:58:26,419 - WARNING - Found 162 time reversals
2025-04-14 04:58:26,441 - INFO - Fixed 396 duplicate timestamps
2025-04-14 04:58:26,450 - WARNING - Found 66 time reversals
2025-04-14 04:58:26,455 - INFO - Fixed 2 duplicate timestamps
2025-04-14 04:58:26,464 - INFO - Fixed 54 duplicate timestamps
2025-04-14 04:58:26,466 - WARNING - Found 16 time reversals
2025-04-14 04:58:26,470 - INFO - Fixed 1 duplicate timestamps
2025-04-14 04:58:26,477 - INFO - Fixed 6 duplicate timestamps
2025-04-14 04:58:26,484 - INFO - Fixed 3 duplicate timestamps
2025-04-14 04:58:26,529 - INFO - Fixed 772 duplicate timestamps
2025-04-14 04:58:26,544 - WARNING - Found 387 time reversals
/mmfs1/home/sww35/testWatchAcc/LightHART/utils/accelerometer_processor.py:44: UserWarning: Could not infer format, so each element will be parsed individually, falling back to `dateutil`. To ensure parsing is consistent and as-expected, please specify a format.
  timestamps = pd.to_datetime(data.iloc[:, 0], errors='coerce')
2025-04-14 04:58:26,570 - WARNING - Found 328 invalid timestamps at rows [0 1 2 3 4]...
2025-04-14 04:58:26,570 - ERROR - Error processing /mmfs1/home/sww35/testWatchAcc/LightHART/data/smartfallmm/young/accelerometer/watch/S33A08T05.csv: Insufficient valid data rows after cleaning: 0
2025-04-14 04:58:26,570 - ERROR - Error processing /mmfs1/home/sww35/testWatchAcc/LightHART/data/smartfallmm/young/accelerometer/watch/S33A08T05.csv: Insufficient valid data rows after cleaning: 0
2025-04-14 04:58:26,587 - INFO - Fixed 93 duplicate timestamps
2025-04-14 04:58:26,596 - WARNING - Found 29 time reversals
2025-04-14 04:58:26,601 - INFO - Fixed 4 duplicate timestamps
/mmfs1/home/sww35/testWatchAcc/LightHART/utils/accelerometer_processor.py:44: UserWarning: Could not infer format, so each element will be parsed individually, falling back to `dateutil`. To ensure parsing is consistent and as-expected, please specify a format.
  timestamps = pd.to_datetime(data.iloc[:, 0], errors='coerce')
2025-04-14 04:58:26,642 - WARNING - Found 681 invalid timestamps at rows [0 1 2 3 4]...
2025-04-14 04:58:26,642 - ERROR - Error processing /mmfs1/home/sww35/testWatchAcc/LightHART/data/smartfallmm/young/accelerometer/watch/S33A09T08.csv: Insufficient valid data rows after cleaning: 0
2025-04-14 04:58:26,642 - ERROR - Error processing /mmfs1/home/sww35/testWatchAcc/LightHART/data/smartfallmm/young/accelerometer/watch/S33A09T08.csv: Insufficient valid data rows after cleaning: 0
2025-04-14 04:58:26,648 - INFO - Fixed 64 duplicate timestamps
2025-04-14 04:58:26,650 - WARNING - Found 26 time reversals
2025-04-14 04:58:26,656 - INFO - Fixed 8 duplicate timestamps
2025-04-14 04:58:26,658 - WARNING - Found 1 time reversals
/mmfs1/home/sww35/testWatchAcc/LightHART/utils/accelerometer_processor.py:44: UserWarning: Could not infer format, so each element will be parsed individually, falling back to `dateutil`. To ensure parsing is consistent and as-expected, please specify a format.
  timestamps = pd.to_datetime(data.iloc[:, 0], errors='coerce')
2025-04-14 04:58:26,692 - WARNING - Found 468 invalid timestamps at rows [0 1 2 3 4]...
2025-04-14 04:58:26,692 - ERROR - Error processing /mmfs1/home/sww35/testWatchAcc/LightHART/data/smartfallmm/young/accelerometer/watch/S33A05T05.csv: Insufficient valid data rows after cleaning: 0
2025-04-14 04:58:26,692 - ERROR - Error processing /mmfs1/home/sww35/testWatchAcc/LightHART/data/smartfallmm/young/accelerometer/watch/S33A05T05.csv: Insufficient valid data rows after cleaning: 0
2025-04-14 04:58:26,697 - INFO - Fixed 33 duplicate timestamps
2025-04-14 04:58:26,704 - INFO - Fixed 10 duplicate timestamps
2025-04-14 04:58:26,706 - WARNING - Found 1 time reversals
/mmfs1/home/sww35/testWatchAcc/LightHART/utils/accelerometer_processor.py:44: UserWarning: Could not infer format, so each element will be parsed individually, falling back to `dateutil`. To ensure parsing is consistent and as-expected, please specify a format.
  timestamps = pd.to_datetime(data.iloc[:, 0], errors='coerce')
2025-04-14 04:58:26,736 - WARNING - Found 508 invalid timestamps at rows [0 1 2 3 4]...
2025-04-14 04:58:26,736 - ERROR - Error processing /mmfs1/home/sww35/testWatchAcc/LightHART/data/smartfallmm/young/accelerometer/watch/S33A02T10.csv: Insufficient valid data rows after cleaning: 0
2025-04-14 04:58:26,736 - ERROR - Error processing /mmfs1/home/sww35/testWatchAcc/LightHART/data/smartfallmm/young/accelerometer/watch/S33A02T10.csv: Insufficient valid data rows after cleaning: 0
/mmfs1/home/sww35/testWatchAcc/LightHART/utils/accelerometer_processor.py:44: UserWarning: Could not infer format, so each element will be parsed individually, falling back to `dateutil`. To ensure parsing is consistent and as-expected, please specify a format.
  timestamps = pd.to_datetime(data.iloc[:, 0], errors='coerce')
2025-04-14 04:58:26,738 - WARNING - Found 1 invalid timestamps at rows [0]...
2025-04-14 04:58:26,739 - ERROR - Error processing /mmfs1/home/sww35/testWatchAcc/LightHART/data/smartfallmm/young/accelerometer/watch/S33A09T01.csv: 0
2025-04-14 04:58:26,739 - ERROR - Error processing /mmfs1/home/sww35/testWatchAcc/LightHART/data/smartfallmm/young/accelerometer/watch/S33A09T01.csv: 0
2025-04-14 04:58:26,746 - INFO - Fixed 22 duplicate timestamps
2025-04-14 04:58:26,749 - WARNING - Found 2 time reversals
2025-04-14 04:58:26,753 - INFO - Fixed 14 duplicate timestamps
/mmfs1/home/sww35/testWatchAcc/LightHART/utils/accelerometer_processor.py:44: UserWarning: Could not infer format, so each element will be parsed individually, falling back to `dateutil`. To ensure parsing is consistent and as-expected, please specify a format.
  timestamps = pd.to_datetime(data.iloc[:, 0], errors='coerce')
2025-04-14 04:58:26,784 - WARNING - Found 363 invalid timestamps at rows [0 1 2 3 4]...
2025-04-14 04:58:26,784 - ERROR - Error processing /mmfs1/home/sww35/testWatchAcc/LightHART/data/smartfallmm/young/accelerometer/watch/S33A05T07.csv: Insufficient valid data rows after cleaning: 0
2025-04-14 04:58:26,784 - ERROR - Error processing /mmfs1/home/sww35/testWatchAcc/LightHART/data/smartfallmm/young/accelerometer/watch/S33A05T07.csv: Insufficient valid data rows after cleaning: 0
2025-04-14 04:58:26,796 - INFO - Fixed 68 duplicate timestamps
2025-04-14 04:58:26,802 - WARNING - Found 28 time reversals
2025-04-14 04:58:27,069 - INFO - Fixed 1269 duplicate timestamps
2025-04-14 04:58:27,342 - WARNING - Found 515 time reversals
2025-04-14 04:58:27,373 - INFO - Fixed 68 duplicate timestamps
2025-04-14 04:58:27,379 - WARNING - Found 28 time reversals
2025-04-14 04:58:27,409 - INFO - Fixed 444 duplicate timestamps
2025-04-14 04:58:27,420 - WARNING - Found 149 time reversals
2025-04-14 04:58:27,449 - INFO - Fixed 567 duplicate timestamps
2025-04-14 04:58:27,461 - WARNING - Found 108 time reversals
2025-04-14 04:58:27,476 - INFO - Fixed 103 duplicate timestamps
2025-04-14 04:58:27,490 - INFO - Fixed 22 duplicate timestamps
2025-04-14 04:58:27,492 - WARNING - Found 3 time reversals
2025-04-14 04:58:27,499 - INFO - Fixed 53 duplicate timestamps
2025-04-14 04:58:27,502 - WARNING - Found 12 time reversals
/mmfs1/home/sww35/testWatchAcc/LightHART/utils/accelerometer_processor.py:44: UserWarning: Could not infer format, so each element will be parsed individually, falling back to `dateutil`. To ensure parsing is consistent and as-expected, please specify a format.
  timestamps = pd.to_datetime(data.iloc[:, 0], errors='coerce')
2025-04-14 04:58:27,536 - WARNING - Found 484 invalid timestamps at rows [0 1 2 3 4]...
2025-04-14 04:58:27,536 - ERROR - Error processing /mmfs1/home/sww35/testWatchAcc/LightHART/data/smartfallmm/young/accelerometer/watch/S33A07T10.csv: Insufficient valid data rows after cleaning: 0
2025-04-14 04:58:27,537 - ERROR - Error processing /mmfs1/home/sww35/testWatchAcc/LightHART/data/smartfallmm/young/accelerometer/watch/S33A07T10.csv: Insufficient valid data rows after cleaning: 0
/mmfs1/home/sww35/testWatchAcc/LightHART/utils/accelerometer_processor.py:44: UserWarning: Could not infer format, so each element will be parsed individually, falling back to `dateutil`. To ensure parsing is consistent and as-expected, please specify a format.
  timestamps = pd.to_datetime(data.iloc[:, 0], errors='coerce')
2025-04-14 04:58:27,566 - WARNING - Found 509 invalid timestamps at rows [0 1 2 3 4]...
2025-04-14 04:58:27,567 - ERROR - Error processing /mmfs1/home/sww35/testWatchAcc/LightHART/data/smartfallmm/young/accelerometer/watch/S33A08T08.csv: Insufficient valid data rows after cleaning: 0
2025-04-14 04:58:27,567 - ERROR - Error processing /mmfs1/home/sww35/testWatchAcc/LightHART/data/smartfallmm/young/accelerometer/watch/S33A08T08.csv: Insufficient valid data rows after cleaning: 0
/mmfs1/home/sww35/testWatchAcc/LightHART/utils/accelerometer_processor.py:44: UserWarning: Could not infer format, so each element will be parsed individually, falling back to `dateutil`. To ensure parsing is consistent and as-expected, please specify a format.
  timestamps = pd.to_datetime(data.iloc[:, 0], errors='coerce')
2025-04-14 04:58:27,569 - WARNING - Found 1 invalid timestamps at rows [0]...
2025-04-14 04:58:27,570 - ERROR - Error processing /mmfs1/home/sww35/testWatchAcc/LightHART/data/smartfallmm/young/accelerometer/watch/S33A03T04.csv: 0
2025-04-14 04:58:27,570 - ERROR - Error processing /mmfs1/home/sww35/testWatchAcc/LightHART/data/smartfallmm/young/accelerometer/watch/S33A03T04.csv: 0
2025-04-14 04:58:27,580 - INFO - Fixed 99 duplicate timestamps
2025-04-14 04:58:27,585 - WARNING - Found 31 time reversals
2025-04-14 04:58:27,589 - INFO - Fixed 1 duplicate timestamps
2025-04-14 04:58:27,603 - INFO - Fixed 56 duplicate timestamps
2025-04-14 04:58:27,649 - INFO - Fixed 630 duplicate timestamps
2025-04-14 04:58:27,665 - WARNING - Found 192 time reversals
2025-04-14 04:58:27,705 - INFO - Fixed 576 duplicate timestamps
2025-04-14 04:58:27,720 - WARNING - Found 228 time reversals
2025-04-14 04:58:27,767 - INFO - Fixed 800 duplicate timestamps
2025-04-14 04:58:27,784 - WARNING - Found 423 time reversals
2025-04-14 04:58:27,791 - INFO - Fixed 29 duplicate timestamps
2025-04-14 04:58:27,793 - WARNING - Found 10 time reversals
/mmfs1/home/sww35/testWatchAcc/LightHART/utils/accelerometer_processor.py:44: UserWarning: Could not infer format, so each element will be parsed individually, falling back to `dateutil`. To ensure parsing is consistent and as-expected, please specify a format.
  timestamps = pd.to_datetime(data.iloc[:, 0], errors='coerce')
2025-04-14 04:58:27,829 - WARNING - Found 469 invalid timestamps at rows [0 1 2 3 4]...
2025-04-14 04:58:27,829 - ERROR - Error processing /mmfs1/home/sww35/testWatchAcc/LightHART/data/smartfallmm/young/accelerometer/watch/S33A06T06.csv: Insufficient valid data rows after cleaning: 0
2025-04-14 04:58:27,829 - ERROR - Error processing /mmfs1/home/sww35/testWatchAcc/LightHART/data/smartfallmm/young/accelerometer/watch/S33A06T06.csv: Insufficient valid data rows after cleaning: 0
2025-04-14 04:58:27,838 - INFO - Fixed 19 duplicate timestamps
2025-04-14 04:58:27,843 - WARNING - Found 9 time reversals
2025-04-14 04:58:27,848 - INFO - Fixed 2 duplicate timestamps
2025-04-14 04:58:27,859 - INFO - Fixed 16 duplicate timestamps
2025-04-14 04:58:27,866 - INFO - Fixed 1 duplicate timestamps
/mmfs1/home/sww35/testWatchAcc/LightHART/utils/accelerometer_processor.py:44: UserWarning: Could not infer format, so each element will be parsed individually, falling back to `dateutil`. To ensure parsing is consistent and as-expected, please specify a format.
  timestamps = pd.to_datetime(data.iloc[:, 0], errors='coerce')
2025-04-14 04:58:27,895 - WARNING - Found 337 invalid timestamps at rows [0 1 2 3 4]...
2025-04-14 04:58:27,895 - ERROR - Error processing /mmfs1/home/sww35/testWatchAcc/LightHART/data/smartfallmm/young/accelerometer/watch/S33A03T11.csv: Insufficient valid data rows after cleaning: 0
2025-04-14 04:58:27,895 - ERROR - Error processing /mmfs1/home/sww35/testWatchAcc/LightHART/data/smartfallmm/young/accelerometer/watch/S33A03T11.csv: Insufficient valid data rows after cleaning: 0
2025-04-14 04:58:27,901 - INFO - Fixed 4 duplicate timestamps
2025-04-14 04:58:27,907 - INFO - Fixed 9 duplicate timestamps
2025-04-14 04:58:27,909 - WARNING - Found 1 time reversals
2025-04-14 04:58:27,914 - INFO - Fixed 2 duplicate timestamps
2025-04-14 04:58:27,922 - INFO - Fixed 11 duplicate timestamps
2025-04-14 04:58:27,929 - INFO - Fixed 2 duplicate timestamps
2025-04-14 04:58:27,935 - INFO - Fixed 8 duplicate timestamps
2025-04-14 04:58:27,949 - INFO - Fixed 68 duplicate timestamps
2025-04-14 04:58:27,955 - WARNING - Found 28 time reversals
2025-04-14 04:58:27,959 - INFO - Fixed 8 duplicate timestamps
2025-04-14 04:58:27,960 - WARNING - Found 1 time reversals
2025-04-14 04:58:27,966 - INFO - Fixed 4 duplicate timestamps
2025-04-14 04:58:27,980 - INFO - Fixed 99 duplicate timestamps
2025-04-14 04:58:27,996 - INFO - Fixed 55 duplicate timestamps
2025-04-14 04:58:27,999 - WARNING - Found 29 time reversals
/mmfs1/home/sww35/testWatchAcc/LightHART/utils/accelerometer_processor.py:44: UserWarning: Could not infer format, so each element will be parsed individually, falling back to `dateutil`. To ensure parsing is consistent and as-expected, please specify a format.
  timestamps = pd.to_datetime(data.iloc[:, 0], errors='coerce')
2025-04-14 04:58:28,035 - WARNING - Found 479 invalid timestamps at rows [0 1 2 3 4]...
2025-04-14 04:58:28,035 - ERROR - Error processing /mmfs1/home/sww35/testWatchAcc/LightHART/data/smartfallmm/young/accelerometer/watch/S33A13T11.csv: Insufficient valid data rows after cleaning: 0
2025-04-14 04:58:28,035 - ERROR - Error processing /mmfs1/home/sww35/testWatchAcc/LightHART/data/smartfallmm/young/accelerometer/watch/S33A13T11.csv: Insufficient valid data rows after cleaning: 0
2025-04-14 04:58:28,062 - INFO - Fixed 359 duplicate timestamps
2025-04-14 04:58:28,073 - WARNING - Found 123 time reversals
/mmfs1/home/sww35/testWatchAcc/LightHART/utils/accelerometer_processor.py:44: UserWarning: Could not infer format, so each element will be parsed individually, falling back to `dateutil`. To ensure parsing is consistent and as-expected, please specify a format.
  timestamps = pd.to_datetime(data.iloc[:, 0], errors='coerce')
2025-04-14 04:58:28,076 - WARNING - Found 28 invalid timestamps at rows [  0 454 455 456 457]...
2025-04-14 04:58:28,077 - ERROR - Error processing /mmfs1/home/sww35/testWatchAcc/LightHART/data/smartfallmm/young/accelerometer/watch/S33A14T03.csv: 0
2025-04-14 04:58:28,077 - ERROR - Error processing /mmfs1/home/sww35/testWatchAcc/LightHART/data/smartfallmm/young/accelerometer/watch/S33A14T03.csv: 0
2025-04-14 04:58:28,080 - INFO - Fixed 6 duplicate timestamps
2025-04-14 04:58:28,086 - INFO - Fixed 2 duplicate timestamps
/mmfs1/home/sww35/testWatchAcc/LightHART/utils/accelerometer_processor.py:44: UserWarning: Could not infer format, so each element will be parsed individually, falling back to `dateutil`. To ensure parsing is consistent and as-expected, please specify a format.
  timestamps = pd.to_datetime(data.iloc[:, 0], errors='coerce')
2025-04-14 04:58:28,089 - WARNING - Found 124 invalid timestamps at rows [  0 371 372 373 374]...
2025-04-14 04:58:28,090 - ERROR - Error processing /mmfs1/home/sww35/testWatchAcc/LightHART/data/smartfallmm/young/accelerometer/watch/S33A06T05.csv: 0
2025-04-14 04:58:28,090 - ERROR - Error processing /mmfs1/home/sww35/testWatchAcc/LightHART/data/smartfallmm/young/accelerometer/watch/S33A06T05.csv: 0
/mmfs1/home/sww35/testWatchAcc/LightHART/utils/accelerometer_processor.py:44: UserWarning: Could not infer format, so each element will be parsed individually, falling back to `dateutil`. To ensure parsing is consistent and as-expected, please specify a format.
  timestamps = pd.to_datetime(data.iloc[:, 0], errors='coerce')
2025-04-14 04:58:28,091 - WARNING - Found 1 invalid timestamps at rows [0]...
2025-04-14 04:58:28,092 - ERROR - Error processing /mmfs1/home/sww35/testWatchAcc/LightHART/data/smartfallmm/young/accelerometer/watch/S33A12T01.csv: 0
2025-04-14 04:58:28,092 - ERROR - Error processing /mmfs1/home/sww35/testWatchAcc/LightHART/data/smartfallmm/young/accelerometer/watch/S33A12T01.csv: 0
2025-04-14 04:58:28,096 - INFO - Fixed 10 duplicate timestamps
2025-04-14 04:58:28,098 - WARNING - Found 1 time reversals
2025-04-14 04:58:28,105 - INFO - Fixed 51 duplicate timestamps
/mmfs1/home/sww35/testWatchAcc/LightHART/utils/accelerometer_processor.py:44: UserWarning: Could not infer format, so each element will be parsed individually, falling back to `dateutil`. To ensure parsing is consistent and as-expected, please specify a format.
  timestamps = pd.to_datetime(data.iloc[:, 0], errors='coerce')
2025-04-14 04:58:28,138 - WARNING - Found 373 invalid timestamps at rows [0 1 2 3 4]...
2025-04-14 04:58:28,138 - ERROR - Error processing /mmfs1/home/sww35/testWatchAcc/LightHART/data/smartfallmm/young/accelerometer/watch/S33A09T05.csv: Insufficient valid data rows after cleaning: 0
2025-04-14 04:58:28,138 - ERROR - Error processing /mmfs1/home/sww35/testWatchAcc/LightHART/data/smartfallmm/young/accelerometer/watch/S33A09T05.csv: Insufficient valid data rows after cleaning: 0
2025-04-14 04:58:28,143 - INFO - Fixed 18 duplicate timestamps
/mmfs1/home/sww35/testWatchAcc/LightHART/utils/accelerometer_processor.py:44: UserWarning: Could not infer format, so each element will be parsed individually, falling back to `dateutil`. To ensure parsing is consistent and as-expected, please specify a format.
  timestamps = pd.to_datetime(data.iloc[:, 0], errors='coerce')
2025-04-14 04:58:28,148 - WARNING - Found 171 invalid timestamps at rows [  0 341 342 343 344]...
2025-04-14 04:58:28,148 - ERROR - Error processing /mmfs1/home/sww35/testWatchAcc/LightHART/data/smartfallmm/young/accelerometer/watch/S33A02T03.csv: 0
2025-04-14 04:58:28,148 - ERROR - Error processing /mmfs1/home/sww35/testWatchAcc/LightHART/data/smartfallmm/young/accelerometer/watch/S33A02T03.csv: 0
2025-04-14 04:58:28,174 - INFO - Fixed 472 duplicate timestamps
2025-04-14 04:58:28,184 - WARNING - Found 168 time reversals
2025-04-14 04:58:28,215 - INFO - Fixed 532 duplicate timestamps
2025-04-14 04:58:28,227 - WARNING - Found 126 time reversals
/mmfs1/home/sww35/testWatchAcc/LightHART/utils/accelerometer_processor.py:44: UserWarning: Could not infer format, so each element will be parsed individually, falling back to `dateutil`. To ensure parsing is consistent and as-expected, please specify a format.
  timestamps = pd.to_datetime(data.iloc[:, 0], errors='coerce')
2025-04-14 04:58:28,231 - WARNING - Found 1 invalid timestamps at rows [0]...
2025-04-14 04:58:28,231 - ERROR - Error processing /mmfs1/home/sww35/testWatchAcc/LightHART/data/smartfallmm/young/accelerometer/watch/S33A12T02.csv: 0
2025-04-14 04:58:28,231 - ERROR - Error processing /mmfs1/home/sww35/testWatchAcc/LightHART/data/smartfallmm/young/accelerometer/watch/S33A12T02.csv: 0
2025-04-14 04:58:28,235 - INFO - Fixed 1 duplicate timestamps
2025-04-14 04:58:28,243 - INFO - Fixed 34 duplicate timestamps
2025-04-14 04:58:28,258 - INFO - Fixed 44 duplicate timestamps
2025-04-14 04:58:28,266 - WARNING - Found 14 time reversals
2025-04-14 04:58:28,300 - INFO - Fixed 463 duplicate timestamps
2025-04-14 04:58:28,310 - WARNING - Found 170 time reversals
2025-04-14 04:58:28,319 - INFO - Fixed 10 duplicate timestamps
2025-04-14 04:58:28,321 - WARNING - Found 1 time reversals
2025-04-14 04:58:28,334 - INFO - Fixed 41 duplicate timestamps
2025-04-14 04:58:28,342 - WARNING - Found 17 time reversals
2025-04-14 04:58:28,347 - INFO - Fixed 9 duplicate timestamps
2025-04-14 04:58:28,356 - INFO - Fixed 30 duplicate timestamps
2025-04-14 04:58:28,390 - INFO - Fixed 454 duplicate timestamps
2025-04-14 04:58:28,402 - WARNING - Found 180 time reversals
2025-04-14 04:58:28,415 - INFO - Fixed 20 duplicate timestamps
2025-04-14 04:58:28,429 - INFO - Fixed 55 duplicate timestamps
2025-04-14 04:58:28,431 - WARNING - Found 13 time reversals
2025-04-14 04:58:28,436 - INFO - Fixed 5 duplicate timestamps
2025-04-14 04:58:28,456 - INFO - Fixed 25 duplicate timestamps
2025-04-14 04:58:28,463 - WARNING - Found 8 time reversals
2025-04-14 04:58:28,479 - INFO - Fixed 135 duplicate timestamps
2025-04-14 04:58:28,485 - WARNING - Found 36 time reversals
2025-04-14 04:58:28,496 - INFO - Fixed 13 duplicate timestamps
2025-04-14 04:58:28,504 - INFO - Fixed 1 duplicate timestamps
2025-04-14 04:58:28,511 - INFO - Fixed 8 duplicate timestamps
2025-04-14 04:58:28,511 - WARNING - Found 1 time reversals
2025-04-14 04:58:28,548 - INFO - Fixed 558 duplicate timestamps
2025-04-14 04:58:28,561 - WARNING - Found 206 time reversals
2025-04-14 04:58:28,574 - INFO - Fixed 68 duplicate timestamps
2025-04-14 04:58:28,579 - WARNING - Found 28 time reversals
2025-04-14 04:58:28,587 - INFO - Fixed 23 duplicate timestamps
2025-04-14 04:58:28,628 - INFO - Fixed 600 duplicate timestamps
2025-04-14 04:58:28,643 - WARNING - Found 225 time reversals
2025-04-14 04:58:28,650 - INFO - Fixed 33 duplicate timestamps
2025-04-14 04:58:28,653 - WARNING - Found 17 time reversals
2025-04-14 04:58:28,660 - INFO - Fixed 28 duplicate timestamps
2025-04-14 04:58:28,669 - INFO - Fixed 5 duplicate timestamps
2025-04-14 04:58:28,677 - INFO - Fixed 9 duplicate timestamps
2025-04-14 04:58:28,686 - INFO - Fixed 13 duplicate timestamps
/mmfs1/home/sww35/testWatchAcc/LightHART/utils/accelerometer_processor.py:44: UserWarning: Could not infer format, so each element will be parsed individually, falling back to `dateutil`. To ensure parsing is consistent and as-expected, please specify a format.
  timestamps = pd.to_datetime(data.iloc[:, 0], errors='coerce')
2025-04-14 04:58:28,692 - WARNING - Found 1 invalid timestamps at rows [0]...
2025-04-14 04:58:28,693 - ERROR - Error processing /mmfs1/home/sww35/testWatchAcc/LightHART/data/smartfallmm/young/accelerometer/watch/S33A06T03.csv: 0
2025-04-14 04:58:28,693 - ERROR - Error processing /mmfs1/home/sww35/testWatchAcc/LightHART/data/smartfallmm/young/accelerometer/watch/S33A06T03.csv: 0
/mmfs1/home/sww35/testWatchAcc/LightHART/utils/accelerometer_processor.py:44: UserWarning: Could not infer format, so each element will be parsed individually, falling back to `dateutil`. To ensure parsing is consistent and as-expected, please specify a format.
  timestamps = pd.to_datetime(data.iloc[:, 0], errors='coerce')
2025-04-14 04:58:28,695 - WARNING - Found 30 invalid timestamps at rows [  0 451 452 453 454]...
2025-04-14 04:58:28,696 - ERROR - Error processing /mmfs1/home/sww35/testWatchAcc/LightHART/data/smartfallmm/young/accelerometer/watch/S33A03T05.csv: 0
2025-04-14 04:58:28,696 - ERROR - Error processing /mmfs1/home/sww35/testWatchAcc/LightHART/data/smartfallmm/young/accelerometer/watch/S33A03T05.csv: 0
2025-04-14 04:58:28,743 - INFO - Fixed 887 duplicate timestamps
2025-04-14 04:58:28,762 - WARNING - Found 351 time reversals
2025-04-14 04:58:28,770 - INFO - Fixed 27 duplicate timestamps
/mmfs1/home/sww35/testWatchAcc/LightHART/utils/accelerometer_processor.py:44: UserWarning: Could not infer format, so each element will be parsed individually, falling back to `dateutil`. To ensure parsing is consistent and as-expected, please specify a format.
  timestamps = pd.to_datetime(data.iloc[:, 0], errors='coerce')
2025-04-14 04:58:28,807 - WARNING - Found 486 invalid timestamps at rows [0 1 2 3 4]...
2025-04-14 04:58:28,807 - ERROR - Error processing /mmfs1/home/sww35/testWatchAcc/LightHART/data/smartfallmm/young/accelerometer/watch/S33A11T02.csv: Insufficient valid data rows after cleaning: 0
2025-04-14 04:58:28,807 - ERROR - Error processing /mmfs1/home/sww35/testWatchAcc/LightHART/data/smartfallmm/young/accelerometer/watch/S33A11T02.csv: Insufficient valid data rows after cleaning: 0
2025-04-14 04:58:28,882 - INFO - Fixed 1512 duplicate timestamps
2025-04-14 04:58:28,906 - WARNING - Found 535 time reversals
2025-04-14 04:58:28,913 - INFO - Fixed 7 duplicate timestamps
2025-04-14 04:58:28,918 - INFO - Fixed 2 duplicate timestamps
/mmfs1/home/sww35/testWatchAcc/LightHART/utils/accelerometer_processor.py:44: UserWarning: Could not infer format, so each element will be parsed individually, falling back to `dateutil`. To ensure parsing is consistent and as-expected, please specify a format.
  timestamps = pd.to_datetime(data.iloc[:, 0], errors='coerce')
2025-04-14 04:58:28,950 - WARNING - Found 509 invalid timestamps at rows [0 1 2 3 4]...
2025-04-14 04:58:28,950 - ERROR - Error processing /mmfs1/home/sww35/testWatchAcc/LightHART/data/smartfallmm/young/accelerometer/watch/S33A08T09.csv: Insufficient valid data rows after cleaning: 0
2025-04-14 04:58:28,950 - ERROR - Error processing /mmfs1/home/sww35/testWatchAcc/LightHART/data/smartfallmm/young/accelerometer/watch/S33A08T09.csv: Insufficient valid data rows after cleaning: 0
2025-04-14 04:58:28,954 - INFO - Fixed 7 duplicate timestamps
2025-04-14 04:58:28,955 - WARNING - Found 1 time reversals
/mmfs1/home/sww35/testWatchAcc/LightHART/utils/accelerometer_processor.py:44: UserWarning: Could not infer format, so each element will be parsed individually, falling back to `dateutil`. To ensure parsing is consistent and as-expected, please specify a format.
  timestamps = pd.to_datetime(data.iloc[:, 0], errors='coerce')
2025-04-14 04:58:28,964 - WARNING - Found 97 invalid timestamps at rows [0 1 2 3 4]...
2025-04-14 04:58:28,965 - ERROR - Error processing /mmfs1/home/sww35/testWatchAcc/LightHART/data/smartfallmm/young/accelerometer/watch/S33A05T06.csv: Insufficient valid data rows after cleaning: 0
2025-04-14 04:58:28,965 - ERROR - Error processing /mmfs1/home/sww35/testWatchAcc/LightHART/data/smartfallmm/young/accelerometer/watch/S33A05T06.csv: Insufficient valid data rows after cleaning: 0
/mmfs1/home/sww35/testWatchAcc/LightHART/utils/accelerometer_processor.py:44: UserWarning: Could not infer format, so each element will be parsed individually, falling back to `dateutil`. To ensure parsing is consistent and as-expected, please specify a format.
  timestamps = pd.to_datetime(data.iloc[:, 0], errors='coerce')
2025-04-14 04:58:28,967 - WARNING - Found 107 invalid timestamps at rows [  0 383 384 385 386]...
2025-04-14 04:58:28,967 - ERROR - Error processing /mmfs1/home/sww35/testWatchAcc/LightHART/data/smartfallmm/young/accelerometer/watch/S33A05T02.csv: 0
2025-04-14 04:58:28,967 - ERROR - Error processing /mmfs1/home/sww35/testWatchAcc/LightHART/data/smartfallmm/young/accelerometer/watch/S33A05T02.csv: 0
2025-04-14 04:58:29,010 - INFO - Fixed 747 duplicate timestamps
2025-04-14 04:58:29,024 - WARNING - Found 371 time reversals
2025-04-14 04:58:29,031 - INFO - Fixed 10 duplicate timestamps
2025-04-14 04:58:29,039 - INFO - Fixed 9 duplicate timestamps
2025-04-14 04:58:29,041 - WARNING - Found 1 time reversals
2025-04-14 04:58:29,045 - INFO - Fixed 1 duplicate timestamps
2025-04-14 04:58:29,051 - INFO - Fixed 6 duplicate timestamps
2025-04-14 04:58:29,052 - WARNING - Found 1 time reversals
2025-04-14 04:58:29,056 - INFO - Fixed 2 duplicate timestamps
2025-04-14 04:58:29,071 - INFO - Fixed 36 duplicate timestamps
2025-04-14 04:58:29,078 - WARNING - Found 12 time reversals
2025-04-14 04:58:29,089 - INFO - Fixed 60 duplicate timestamps
2025-04-14 04:58:29,095 - WARNING - Found 19 time reversals
2025-04-14 04:58:29,099 - INFO - Fixed 4 duplicate timestamps
2025-04-14 04:58:29,113 - INFO - Fixed 68 duplicate timestamps
2025-04-14 04:58:29,119 - WARNING - Found 28 time reversals
2025-04-14 04:58:29,123 - INFO - Fixed 8 duplicate timestamps
2025-04-14 04:58:29,134 - INFO - Fixed 83 duplicate timestamps
2025-04-14 04:58:29,139 - WARNING - Found 17 time reversals
2025-04-14 04:58:29,148 - INFO - Fixed 61 duplicate timestamps
2025-04-14 04:58:29,152 - WARNING - Found 21 time reversals
2025-04-14 04:58:29,157 - INFO - Fixed 3 duplicate timestamps
2025-04-14 04:58:29,164 - INFO - Fixed 5 duplicate timestamps
2025-04-14 04:58:29,170 - INFO - Fixed 17 duplicate timestamps
2025-04-14 04:58:29,178 - INFO - Fixed 11 duplicate timestamps
2025-04-14 04:58:29,193 - INFO - Fixed 48 duplicate timestamps
2025-04-14 04:58:29,200 - WARNING - Found 26 time reversals
2025-04-14 04:58:29,209 - INFO - Fixed 69 duplicate timestamps
2025-04-14 04:58:29,212 - WARNING - Found 17 time reversals
2025-04-14 04:58:29,220 - INFO - Fixed 46 duplicate timestamps
2025-04-14 04:58:29,224 - WARNING - Found 12 time reversals
2025-04-14 04:58:29,236 - INFO - Fixed 68 duplicate timestamps
2025-04-14 04:58:29,241 - WARNING - Found 28 time reversals
2025-04-14 04:58:29,247 - INFO - Fixed 14 duplicate timestamps
2025-04-14 04:58:29,249 - WARNING - Found 2 time reversals
2025-04-14 04:58:29,261 - INFO - Fixed 40 duplicate timestamps
2025-04-14 04:58:29,267 - WARNING - Found 13 time reversals
2025-04-14 04:58:29,273 - INFO - Fixed 4 duplicate timestamps
2025-04-14 04:58:29,302 - INFO - Fixed 92 duplicate timestamps
2025-04-14 04:58:29,318 - WARNING - Found 39 time reversals
2025-04-14 04:58:29,323 - INFO - Fixed 8 duplicate timestamps
2025-04-14 04:58:29,324 - WARNING - Found 1 time reversals
2025-04-14 04:58:29,330 - INFO - Fixed 9 duplicate timestamps
/mmfs1/home/sww35/testWatchAcc/LightHART/utils/accelerometer_processor.py:44: UserWarning: Could not infer format, so each element will be parsed individually, falling back to `dateutil`. To ensure parsing is consistent and as-expected, please specify a format.
  timestamps = pd.to_datetime(data.iloc[:, 0], errors='coerce')
2025-04-14 04:58:29,339 - WARNING - Found 64 invalid timestamps at rows [0 1 2 3 4]...
2025-04-14 04:58:29,339 - ERROR - Error processing /mmfs1/home/sww35/testWatchAcc/LightHART/data/smartfallmm/young/accelerometer/watch/S33A03T10.csv: Insufficient valid data rows after cleaning: 0
2025-04-14 04:58:29,339 - ERROR - Error processing /mmfs1/home/sww35/testWatchAcc/LightHART/data/smartfallmm/young/accelerometer/watch/S33A03T10.csv: Insufficient valid data rows after cleaning: 0
2025-04-14 04:58:29,351 - INFO - Fixed 164 duplicate timestamps
2025-04-14 04:58:29,355 - WARNING - Found 35 time reversals
/mmfs1/home/sww35/testWatchAcc/LightHART/utils/accelerometer_processor.py:44: UserWarning: Could not infer format, so each element will be parsed individually, falling back to `dateutil`. To ensure parsing is consistent and as-expected, please specify a format.
  timestamps = pd.to_datetime(data.iloc[:, 0], errors='coerce')
2025-04-14 04:58:29,390 - WARNING - Found 472 invalid timestamps at rows [0 1 2 3 4]...
2025-04-14 04:58:29,391 - ERROR - Error processing /mmfs1/home/sww35/testWatchAcc/LightHART/data/smartfallmm/young/accelerometer/watch/S33A03T07.csv: Insufficient valid data rows after cleaning: 0
2025-04-14 04:58:29,391 - ERROR - Error processing /mmfs1/home/sww35/testWatchAcc/LightHART/data/smartfallmm/young/accelerometer/watch/S33A03T07.csv: Insufficient valid data rows after cleaning: 0
2025-04-14 04:58:29,402 - INFO - Fixed 48 duplicate timestamps
2025-04-14 04:58:29,408 - WARNING - Found 18 time reversals
2025-04-14 04:58:29,415 - INFO - Fixed 19 duplicate timestamps
2025-04-14 04:58:29,418 - WARNING - Found 3 time reversals
/mmfs1/home/sww35/testWatchAcc/LightHART/utils/accelerometer_processor.py:44: UserWarning: Could not infer format, so each element will be parsed individually, falling back to `dateutil`. To ensure parsing is consistent and as-expected, please specify a format.
  timestamps = pd.to_datetime(data.iloc[:, 0], errors='coerce')
2025-04-14 04:58:29,423 - WARNING - Found 169 invalid timestamps at rows [  0 342 343 344 345]...
2025-04-14 04:58:29,424 - ERROR - Error processing /mmfs1/home/sww35/testWatchAcc/LightHART/data/smartfallmm/young/accelerometer/watch/S33A08T01.csv: 0
2025-04-14 04:58:29,424 - ERROR - Error processing /mmfs1/home/sww35/testWatchAcc/LightHART/data/smartfallmm/young/accelerometer/watch/S33A08T01.csv: 0
/mmfs1/home/sww35/testWatchAcc/LightHART/utils/accelerometer_processor.py:44: UserWarning: Could not infer format, so each element will be parsed individually, falling back to `dateutil`. To ensure parsing is consistent and as-expected, please specify a format.
  timestamps = pd.to_datetime(data.iloc[:, 0], errors='coerce')
2025-04-14 04:58:29,451 - WARNING - Found 366 invalid timestamps at rows [0 1 2 3 4]...
2025-04-14 04:58:29,452 - ERROR - Error processing /mmfs1/home/sww35/testWatchAcc/LightHART/data/smartfallmm/young/accelerometer/watch/S33A13T08.csv: Insufficient valid data rows after cleaning: 0
2025-04-14 04:58:29,452 - ERROR - Error processing /mmfs1/home/sww35/testWatchAcc/LightHART/data/smartfallmm/young/accelerometer/watch/S33A13T08.csv: Insufficient valid data rows after cleaning: 0
2025-04-14 04:58:29,457 - INFO - Fixed 2 duplicate timestamps
2025-04-14 04:58:29,465 - INFO - Fixed 12 duplicate timestamps
2025-04-14 04:58:29,503 - INFO - Fixed 552 duplicate timestamps
2025-04-14 04:58:29,516 - WARNING - Found 233 time reversals
2025-04-14 04:58:29,522 - INFO - Fixed 1 duplicate timestamps
2025-04-14 04:58:29,528 - INFO - Fixed 5 duplicate timestamps
2025-04-14 04:58:29,539 - INFO - Fixed 14 duplicate timestamps
2025-04-14 04:58:29,545 - WARNING - Found 2 time reversals
/mmfs1/home/sww35/testWatchAcc/LightHART/utils/accelerometer_processor.py:44: UserWarning: Could not infer format, so each element will be parsed individually, falling back to `dateutil`. To ensure parsing is consistent and as-expected, please specify a format.
  timestamps = pd.to_datetime(data.iloc[:, 0], errors='coerce')
2025-04-14 04:58:29,547 - WARNING - Found 98 invalid timestamps at rows [  0 392 393 394 395]...
2025-04-14 04:58:29,548 - ERROR - Error processing /mmfs1/home/sww35/testWatchAcc/LightHART/data/smartfallmm/young/accelerometer/watch/S33A06T02.csv: 0
2025-04-14 04:58:29,548 - ERROR - Error processing /mmfs1/home/sww35/testWatchAcc/LightHART/data/smartfallmm/young/accelerometer/watch/S33A06T02.csv: 0
/mmfs1/home/sww35/testWatchAcc/LightHART/utils/accelerometer_processor.py:44: UserWarning: Could not infer format, so each element will be parsed individually, falling back to `dateutil`. To ensure parsing is consistent and as-expected, please specify a format.
  timestamps = pd.to_datetime(data.iloc[:, 0], errors='coerce')
2025-04-14 04:58:29,563 - WARNING - Found 183 invalid timestamps at rows [0 1 2 3 4]...
2025-04-14 04:58:29,564 - ERROR - Error processing /mmfs1/home/sww35/testWatchAcc/LightHART/data/smartfallmm/young/accelerometer/watch/S33A01T03.csv: Insufficient valid data rows after cleaning: 0
2025-04-14 04:58:29,564 - ERROR - Error processing /mmfs1/home/sww35/testWatchAcc/LightHART/data/smartfallmm/young/accelerometer/watch/S33A01T03.csv: Insufficient valid data rows after cleaning: 0
2025-04-14 04:58:29,568 - INFO - Fixed 11 duplicate timestamps
2025-04-14 04:58:29,570 - WARNING - Found 1 time reversals
2025-04-14 04:58:29,585 - INFO - Fixed 74 duplicate timestamps
2025-04-14 04:58:29,592 - WARNING - Found 22 time reversals
2025-04-14 04:58:29,598 - INFO - Fixed 2 duplicate timestamps
2025-04-14 04:58:29,605 - INFO - Fixed 3 duplicate timestamps
2025-04-14 04:58:29,624 - INFO - Fixed 68 duplicate timestamps
2025-04-14 04:58:29,633 - WARNING - Found 33 time reversals
/mmfs1/home/sww35/testWatchAcc/LightHART/utils/accelerometer_processor.py:44: UserWarning: Could not infer format, so each element will be parsed individually, falling back to `dateutil`. To ensure parsing is consistent and as-expected, please specify a format.
  timestamps = pd.to_datetime(data.iloc[:, 0], errors='coerce')
2025-04-14 04:58:29,670 - WARNING - Found 486 invalid timestamps at rows [0 1 2 3 4]...
2025-04-14 04:58:29,670 - ERROR - Error processing /mmfs1/home/sww35/testWatchAcc/LightHART/data/smartfallmm/young/accelerometer/watch/S33A09T09.csv: Insufficient valid data rows after cleaning: 0
2025-04-14 04:58:29,670 - ERROR - Error processing /mmfs1/home/sww35/testWatchAcc/LightHART/data/smartfallmm/young/accelerometer/watch/S33A09T09.csv: Insufficient valid data rows after cleaning: 0
/mmfs1/home/sww35/testWatchAcc/LightHART/utils/accelerometer_processor.py:44: UserWarning: Could not infer format, so each element will be parsed individually, falling back to `dateutil`. To ensure parsing is consistent and as-expected, please specify a format.
  timestamps = pd.to_datetime(data.iloc[:, 0], errors='coerce')
2025-04-14 04:58:29,675 - WARNING - Found 1 invalid timestamps at rows [0]...
2025-04-14 04:58:29,676 - ERROR - Error processing /mmfs1/home/sww35/testWatchAcc/LightHART/data/smartfallmm/young/accelerometer/watch/S33A10T02.csv: 0
2025-04-14 04:58:29,676 - ERROR - Error processing /mmfs1/home/sww35/testWatchAcc/LightHART/data/smartfallmm/young/accelerometer/watch/S33A10T02.csv: 0
2025-04-14 04:58:29,684 - INFO - Fixed 121 duplicate timestamps
2025-04-14 04:58:29,687 - WARNING - Found 41 time reversals
2025-04-14 04:58:29,691 - INFO - Fixed 1 duplicate timestamps
2025-04-14 04:58:29,727 - INFO - Fixed 755 duplicate timestamps
2025-04-14 04:58:29,741 - WARNING - Found 167 time reversals
/mmfs1/home/sww35/testWatchAcc/LightHART/utils/accelerometer_processor.py:44: UserWarning: Could not infer format, so each element will be parsed individually, falling back to `dateutil`. To ensure parsing is consistent and as-expected, please specify a format.
  timestamps = pd.to_datetime(data.iloc[:, 0], errors='coerce')
2025-04-14 04:58:29,749 - WARNING - Found 1 invalid timestamps at rows [0]...
2025-04-14 04:58:29,750 - ERROR - Error processing /mmfs1/home/sww35/testWatchAcc/LightHART/data/smartfallmm/young/accelerometer/watch/S33A09T03.csv: 0
2025-04-14 04:58:29,750 - ERROR - Error processing /mmfs1/home/sww35/testWatchAcc/LightHART/data/smartfallmm/young/accelerometer/watch/S33A09T03.csv: 0
/mmfs1/home/sww35/testWatchAcc/LightHART/utils/accelerometer_processor.py:44: UserWarning: Could not infer format, so each element will be parsed individually, falling back to `dateutil`. To ensure parsing is consistent and as-expected, please specify a format.
  timestamps = pd.to_datetime(data.iloc[:, 0], errors='coerce')
2025-04-14 04:58:29,780 - WARNING - Found 510 invalid timestamps at rows [0 1 2 3 4]...
2025-04-14 04:58:29,780 - ERROR - Error processing /mmfs1/home/sww35/testWatchAcc/LightHART/data/smartfallmm/young/accelerometer/watch/S33A02T04.csv: Insufficient valid data rows after cleaning: 0
2025-04-14 04:58:29,780 - ERROR - Error processing /mmfs1/home/sww35/testWatchAcc/LightHART/data/smartfallmm/young/accelerometer/watch/S33A02T04.csv: Insufficient valid data rows after cleaning: 0
/mmfs1/home/sww35/testWatchAcc/LightHART/utils/accelerometer_processor.py:44: UserWarning: Could not infer format, so each element will be parsed individually, falling back to `dateutil`. To ensure parsing is consistent and as-expected, please specify a format.
  timestamps = pd.to_datetime(data.iloc[:, 0], errors='coerce')
2025-04-14 04:58:29,782 - WARNING - Found 109 invalid timestamps at rows [  0 386 387 388 389]...
2025-04-14 04:58:29,783 - ERROR - Error processing /mmfs1/home/sww35/testWatchAcc/LightHART/data/smartfallmm/young/accelerometer/watch/S33A13T01.csv: 0
2025-04-14 04:58:29,783 - ERROR - Error processing /mmfs1/home/sww35/testWatchAcc/LightHART/data/smartfallmm/young/accelerometer/watch/S33A13T01.csv: 0
/mmfs1/home/sww35/testWatchAcc/LightHART/utils/accelerometer_processor.py:44: UserWarning: Could not infer format, so each element will be parsed individually, falling back to `dateutil`. To ensure parsing is consistent and as-expected, please specify a format.
  timestamps = pd.to_datetime(data.iloc[:, 0], errors='coerce')
2025-04-14 04:58:29,813 - WARNING - Found 509 invalid timestamps at rows [0 1 2 3 4]...
2025-04-14 04:58:29,814 - ERROR - Error processing /mmfs1/home/sww35/testWatchAcc/LightHART/data/smartfallmm/young/accelerometer/watch/S33A08T03.csv: Insufficient valid data rows after cleaning: 0
2025-04-14 04:58:29,814 - ERROR - Error processing /mmfs1/home/sww35/testWatchAcc/LightHART/data/smartfallmm/young/accelerometer/watch/S33A08T03.csv: Insufficient valid data rows after cleaning: 0
2025-04-14 04:58:29,818 - INFO - Fixed 2 duplicate timestamps
/mmfs1/home/sww35/testWatchAcc/LightHART/utils/accelerometer_processor.py:44: UserWarning: Could not infer format, so each element will be parsed individually, falling back to `dateutil`. To ensure parsing is consistent and as-expected, please specify a format.
  timestamps = pd.to_datetime(data.iloc[:, 0], errors='coerce')
2025-04-14 04:58:29,846 - WARNING - Found 335 invalid timestamps at rows [0 1 2 3 4]...
2025-04-14 04:58:29,847 - ERROR - Error processing /mmfs1/home/sww35/testWatchAcc/LightHART/data/smartfallmm/young/accelerometer/watch/S33A07T09.csv: Insufficient valid data rows after cleaning: 0
2025-04-14 04:58:29,847 - ERROR - Error processing /mmfs1/home/sww35/testWatchAcc/LightHART/data/smartfallmm/young/accelerometer/watch/S33A07T09.csv: Insufficient valid data rows after cleaning: 0
2025-04-14 04:58:29,856 - INFO - Fixed 12 duplicate timestamps
2025-04-14 04:58:29,860 - WARNING - Found 1 time reversals
2025-04-14 04:58:29,864 - INFO - Fixed 2 duplicate timestamps
/mmfs1/home/sww35/testWatchAcc/LightHART/utils/accelerometer_processor.py:44: UserWarning: Could not infer format, so each element will be parsed individually, falling back to `dateutil`. To ensure parsing is consistent and as-expected, please specify a format.
  timestamps = pd.to_datetime(data.iloc[:, 0], errors='coerce')
2025-04-14 04:58:29,896 - WARNING - Found 511 invalid timestamps at rows [0 1 2 3 4]...
2025-04-14 04:58:29,896 - ERROR - Error processing /mmfs1/home/sww35/testWatchAcc/LightHART/data/smartfallmm/young/accelerometer/watch/S33A03T14.csv: Insufficient valid data rows after cleaning: 0
2025-04-14 04:58:29,896 - ERROR - Error processing /mmfs1/home/sww35/testWatchAcc/LightHART/data/smartfallmm/young/accelerometer/watch/S33A03T14.csv: Insufficient valid data rows after cleaning: 0
2025-04-14 04:58:29,930 - INFO - Fixed 505 duplicate timestamps
2025-04-14 04:58:29,941 - WARNING - Found 180 time reversals
2025-04-14 04:58:29,954 - INFO - Fixed 68 duplicate timestamps
2025-04-14 04:58:29,960 - WARNING - Found 28 time reversals
2025-04-14 04:58:29,966 - INFO - Fixed 6 duplicate timestamps
2025-04-14 04:58:29,997 - INFO - Fixed 452 duplicate timestamps
2025-04-14 04:58:30,008 - WARNING - Found 132 time reversals
/mmfs1/home/sww35/testWatchAcc/LightHART/utils/accelerometer_processor.py:44: UserWarning: Could not infer format, so each element will be parsed individually, falling back to `dateutil`. To ensure parsing is consistent and as-expected, please specify a format.
  timestamps = pd.to_datetime(data.iloc[:, 0], errors='coerce')
2025-04-14 04:58:30,031 - WARNING - Found 288 invalid timestamps at rows [0 1 2 3 4]...
2025-04-14 04:58:30,031 - ERROR - Error processing /mmfs1/home/sww35/testWatchAcc/LightHART/data/smartfallmm/young/accelerometer/watch/S33A11T03.csv: Insufficient valid data rows after cleaning: 0
2025-04-14 04:58:30,031 - ERROR - Error processing /mmfs1/home/sww35/testWatchAcc/LightHART/data/smartfallmm/young/accelerometer/watch/S33A11T03.csv: Insufficient valid data rows after cleaning: 0
2025-04-14 04:58:30,039 - INFO - Fixed 7 duplicate timestamps
2025-04-14 04:58:30,041 - WARNING - Found 1 time reversals
/mmfs1/home/sww35/testWatchAcc/LightHART/utils/accelerometer_processor.py:44: UserWarning: Could not infer format, so each element will be parsed individually, falling back to `dateutil`. To ensure parsing is consistent and as-expected, please specify a format.
  timestamps = pd.to_datetime(data.iloc[:, 0], errors='coerce')
2025-04-14 04:58:30,043 - WARNING - Found 160 invalid timestamps at rows [  0 320 321 322 323]...
2025-04-14 04:58:30,044 - ERROR - Error processing /mmfs1/home/sww35/testWatchAcc/LightHART/data/smartfallmm/young/accelerometer/watch/S33A07T03.csv: 0
2025-04-14 04:58:30,044 - ERROR - Error processing /mmfs1/home/sww35/testWatchAcc/LightHART/data/smartfallmm/young/accelerometer/watch/S33A07T03.csv: 0
2025-04-14 04:58:30,070 - INFO - Fixed 120 duplicate timestamps
2025-04-14 04:58:30,086 - WARNING - Found 35 time reversals
2025-04-14 04:58:30,094 - INFO - Fixed 47 duplicate timestamps
2025-04-14 04:58:30,096 - WARNING - Found 17 time reversals
2025-04-14 04:58:30,115 - INFO - Fixed 100 duplicate timestamps
2025-04-14 04:58:30,124 - WARNING - Found 33 time reversals
2025-04-14 04:58:30,129 - INFO - Fixed 34 duplicate timestamps
2025-04-14 04:58:30,137 - INFO - Fixed 52 duplicate timestamps
2025-04-14 04:58:30,139 - WARNING - Found 9 time reversals
/mmfs1/home/sww35/testWatchAcc/LightHART/utils/accelerometer_processor.py:44: UserWarning: Could not infer format, so each element will be parsed individually, falling back to `dateutil`. To ensure parsing is consistent and as-expected, please specify a format.
  timestamps = pd.to_datetime(data.iloc[:, 0], errors='coerce')
2025-04-14 04:58:30,181 - WARNING - Found 618 invalid timestamps at rows [0 1 2 3 4]...
2025-04-14 04:58:30,181 - ERROR - Error processing /mmfs1/home/sww35/testWatchAcc/LightHART/data/smartfallmm/young/accelerometer/watch/S33A05T04.csv: Insufficient valid data rows after cleaning: 0
2025-04-14 04:58:30,181 - ERROR - Error processing /mmfs1/home/sww35/testWatchAcc/LightHART/data/smartfallmm/young/accelerometer/watch/S33A05T04.csv: Insufficient valid data rows after cleaning: 0
2025-04-14 04:58:30,186 - INFO - Fixed 1 duplicate timestamps
2025-04-14 04:58:30,194 - INFO - Fixed 38 duplicate timestamps
2025-04-14 04:58:30,197 - WARNING - Found 5 time reversals
/mmfs1/home/sww35/testWatchAcc/LightHART/utils/accelerometer_processor.py:44: UserWarning: Could not infer format, so each element will be parsed individually, falling back to `dateutil`. To ensure parsing is consistent and as-expected, please specify a format.
  timestamps = pd.to_datetime(data.iloc[:, 0], errors='coerce')
2025-04-14 04:58:30,199 - WARNING - Found 1 invalid timestamps at rows [0]...
2025-04-14 04:58:30,200 - ERROR - Error processing /mmfs1/home/sww35/testWatchAcc/LightHART/data/smartfallmm/young/accelerometer/watch/S33A05T01.csv: 0
2025-04-14 04:58:30,200 - ERROR - Error processing /mmfs1/home/sww35/testWatchAcc/LightHART/data/smartfallmm/young/accelerometer/watch/S33A05T01.csv: 0
2025-04-14 04:58:30,240 - INFO - Fixed 642 duplicate timestamps
2025-04-14 04:58:30,257 - WARNING - Found 228 time reversals
2025-04-14 04:58:30,263 - INFO - Fixed 23 duplicate timestamps
/mmfs1/home/sww35/testWatchAcc/LightHART/utils/accelerometer_processor.py:44: UserWarning: Could not infer format, so each element will be parsed individually, falling back to `dateutil`. To ensure parsing is consistent and as-expected, please specify a format.
  timestamps = pd.to_datetime(data.iloc[:, 0], errors='coerce')
2025-04-14 04:58:30,296 - WARNING - Found 495 invalid timestamps at rows [0 1 2 3 4]...
2025-04-14 04:58:30,296 - ERROR - Error processing /mmfs1/home/sww35/testWatchAcc/LightHART/data/smartfallmm/young/accelerometer/watch/S33A03T06.csv: Insufficient valid data rows after cleaning: 0
2025-04-14 04:58:30,296 - ERROR - Error processing /mmfs1/home/sww35/testWatchAcc/LightHART/data/smartfallmm/young/accelerometer/watch/S33A03T06.csv: Insufficient valid data rows after cleaning: 0
2025-04-14 04:58:30,304 - INFO - Fixed 65 duplicate timestamps
2025-04-14 04:58:30,307 - WARNING - Found 18 time reversals
2025-04-14 04:58:30,312 - INFO - Fixed 7 duplicate timestamps
2025-04-14 04:58:30,313 - WARNING - Found 1 time reversals
2025-04-14 04:58:30,356 - INFO - Fixed 733 duplicate timestamps
2025-04-14 04:58:30,372 - WARNING - Found 282 time reversals
2025-04-14 04:58:30,385 - INFO - Fixed 68 duplicate timestamps
2025-04-14 04:58:30,391 - WARNING - Found 28 time reversals
2025-04-14 04:58:30,395 - INFO - Fixed 1 duplicate timestamps
2025-04-14 04:58:30,401 - INFO - Fixed 7 duplicate timestamps
2025-04-14 04:58:30,402 - WARNING - Found 1 time reversals
2025-04-14 04:58:30,407 - INFO - Fixed 2 duplicate timestamps
2025-04-14 04:58:30,441 - INFO - Fixed 471 duplicate timestamps
2025-04-14 04:58:30,453 - WARNING - Found 147 time reversals
2025-04-14 04:58:30,460 - INFO - Fixed 11 duplicate timestamps
2025-04-14 04:58:30,462 - WARNING - Found 2 time reversals
2025-04-14 04:58:30,473 - INFO - Fixed 31 duplicate timestamps
2025-04-14 04:58:30,478 - WARNING - Found 14 time reversals
2025-04-14 04:58:30,482 - INFO - Fixed 1 duplicate timestamps
2025-04-14 04:58:30,489 - INFO - Fixed 1 duplicate timestamps
2025-04-14 04:58:30,499 - INFO - Fixed 2 duplicate timestamps
2025-04-14 04:58:30,509 - INFO - Fixed 17 duplicate timestamps
2025-04-14 04:58:30,510 - WARNING - Found 4 time reversals
2025-04-14 04:58:30,515 - INFO - Fixed 13 duplicate timestamps
2025-04-14 04:58:30,517 - WARNING - Found 2 time reversals
2025-04-14 04:58:30,522 - INFO - Fixed 41 duplicate timestamps
2025-04-14 04:58:30,524 - WARNING - Found 10 time reversals
2025-04-14 04:58:30,528 - INFO - Fixed 14 duplicate timestamps
2025-04-14 04:58:30,530 - WARNING - Found 4 time reversals
2025-04-14 04:58:30,540 - INFO - Fixed 72 duplicate timestamps
2025-04-14 04:58:30,542 - WARNING - Found 18 time reversals
2025-04-14 04:58:30,548 - INFO - Fixed 3 duplicate timestamps
2025-04-14 04:58:30,554 - INFO - Fixed 2 duplicate timestamps
/mmfs1/home/sww35/testWatchAcc/LightHART/utils/accelerometer_processor.py:44: UserWarning: Could not infer format, so each element will be parsed individually, falling back to `dateutil`. To ensure parsing is consistent and as-expected, please specify a format.
  timestamps = pd.to_datetime(data.iloc[:, 0], errors='coerce')
2025-04-14 04:58:30,569 - WARNING - Found 157 invalid timestamps at rows [0 1 2 3 4]...
2025-04-14 04:58:30,569 - ERROR - Error processing /mmfs1/home/sww35/testWatchAcc/LightHART/data/smartfallmm/young/accelerometer/watch/S33A09T07.csv: Insufficient valid data rows after cleaning: 0
2025-04-14 04:58:30,569 - ERROR - Error processing /mmfs1/home/sww35/testWatchAcc/LightHART/data/smartfallmm/young/accelerometer/watch/S33A09T07.csv: Insufficient valid data rows after cleaning: 0
/mmfs1/home/sww35/testWatchAcc/LightHART/utils/accelerometer_processor.py:44: UserWarning: Could not infer format, so each element will be parsed individually, falling back to `dateutil`. To ensure parsing is consistent and as-expected, please specify a format.
  timestamps = pd.to_datetime(data.iloc[:, 0], errors='coerce')
2025-04-14 04:58:30,600 - WARNING - Found 510 invalid timestamps at rows [0 1 2 3 4]...
2025-04-14 04:58:30,600 - ERROR - Error processing /mmfs1/home/sww35/testWatchAcc/LightHART/data/smartfallmm/young/accelerometer/watch/S33A08T02.csv: Insufficient valid data rows after cleaning: 0
2025-04-14 04:58:30,600 - ERROR - Error processing /mmfs1/home/sww35/testWatchAcc/LightHART/data/smartfallmm/young/accelerometer/watch/S33A08T02.csv: Insufficient valid data rows after cleaning: 0
2025-04-14 04:58:30,612 - INFO - Fixed 151 duplicate timestamps
2025-04-14 04:58:30,616 - WARNING - Found 55 time reversals
2025-04-14 04:58:30,622 - INFO - Fixed 2 duplicate timestamps
2025-04-14 04:58:30,677 - INFO - Fixed 934 duplicate timestamps
2025-04-14 04:58:30,696 - WARNING - Found 430 time reversals
/mmfs1/home/sww35/testWatchAcc/LightHART/utils/accelerometer_processor.py:44: UserWarning: Could not infer format, so each element will be parsed individually, falling back to `dateutil`. To ensure parsing is consistent and as-expected, please specify a format.
  timestamps = pd.to_datetime(data.iloc[:, 0], errors='coerce')
2025-04-14 04:58:30,728 - WARNING - Found 510 invalid timestamps at rows [0 1 2 3 4]...
2025-04-14 04:58:30,729 - ERROR - Error processing /mmfs1/home/sww35/testWatchAcc/LightHART/data/smartfallmm/young/accelerometer/watch/S33A03T15.csv: Insufficient valid data rows after cleaning: 0
2025-04-14 04:58:30,729 - ERROR - Error processing /mmfs1/home/sww35/testWatchAcc/LightHART/data/smartfallmm/young/accelerometer/watch/S33A03T15.csv: Insufficient valid data rows after cleaning: 0
/mmfs1/home/sww35/testWatchAcc/LightHART/utils/accelerometer_processor.py:44: UserWarning: Could not infer format, so each element will be parsed individually, falling back to `dateutil`. To ensure parsing is consistent and as-expected, please specify a format.
  timestamps = pd.to_datetime(data.iloc[:, 0], errors='coerce')
2025-04-14 04:58:30,764 - WARNING - Found 614 invalid timestamps at rows [0 1 2 3 4]...
2025-04-14 04:58:30,765 - ERROR - Error processing /mmfs1/home/sww35/testWatchAcc/LightHART/data/smartfallmm/young/accelerometer/watch/S33A09T10.csv: Insufficient valid data rows after cleaning: 0
2025-04-14 04:58:30,765 - ERROR - Error processing /mmfs1/home/sww35/testWatchAcc/LightHART/data/smartfallmm/young/accelerometer/watch/S33A09T10.csv: Insufficient valid data rows after cleaning: 0
2025-04-14 04:58:30,771 - INFO - Fixed 36 duplicate timestamps
2025-04-14 04:58:30,773 - WARNING - Found 6 time reversals
2025-04-14 04:58:30,778 - INFO - Fixed 3 duplicate timestamps
2025-04-14 04:58:30,794 - INFO - Fixed 34 duplicate timestamps
2025-04-14 04:58:30,801 - WARNING - Found 15 time reversals
2025-04-14 04:58:30,805 - INFO - Fixed 5 duplicate timestamps
2025-04-14 04:58:30,815 - INFO - Fixed 8 duplicate timestamps
/mmfs1/home/sww35/testWatchAcc/LightHART/utils/accelerometer_processor.py:44: UserWarning: Could not infer format, so each element will be parsed individually, falling back to `dateutil`. To ensure parsing is consistent and as-expected, please specify a format.
  timestamps = pd.to_datetime(data.iloc[:, 0], errors='coerce')
2025-04-14 04:58:30,827 - WARNING - Found 114 invalid timestamps at rows [0 1 2 3 4]...
2025-04-14 04:58:30,827 - ERROR - Error processing /mmfs1/home/sww35/testWatchAcc/LightHART/data/smartfallmm/young/accelerometer/watch/S33A13T07.csv: Insufficient valid data rows after cleaning: 0
2025-04-14 04:58:30,827 - ERROR - Error processing /mmfs1/home/sww35/testWatchAcc/LightHART/data/smartfallmm/young/accelerometer/watch/S33A13T07.csv: Insufficient valid data rows after cleaning: 0
/mmfs1/home/sww35/testWatchAcc/LightHART/utils/accelerometer_processor.py:44: UserWarning: Could not infer format, so each element will be parsed individually, falling back to `dateutil`. To ensure parsing is consistent and as-expected, please specify a format.
  timestamps = pd.to_datetime(data.iloc[:, 0], errors='coerce')
2025-04-14 04:58:30,829 - WARNING - Found 1 invalid timestamps at rows [0]...
2025-04-14 04:58:30,829 - ERROR - Error processing /mmfs1/home/sww35/testWatchAcc/LightHART/data/smartfallmm/young/accelerometer/watch/S33A06T04.csv: 0
2025-04-14 04:58:30,830 - ERROR - Error processing /mmfs1/home/sww35/testWatchAcc/LightHART/data/smartfallmm/young/accelerometer/watch/S33A06T04.csv: 0
2025-04-14 04:58:30,835 - INFO - Fixed 3 duplicate timestamps
2025-04-14 04:58:30,841 - INFO - Fixed 4 duplicate timestamps
2025-04-14 04:58:30,873 - INFO - Fixed 563 duplicate timestamps
2025-04-14 04:58:30,886 - WARNING - Found 153 time reversals
2025-04-14 04:58:30,893 - INFO - Fixed 28 duplicate timestamps
2025-04-14 04:58:30,895 - WARNING - Found 3 time reversals
2025-04-14 04:58:30,900 - INFO - Fixed 2 duplicate timestamps
2025-04-14 04:58:30,909 - INFO - Fixed 37 duplicate timestamps
2025-04-14 04:58:30,912 - WARNING - Found 7 time reversals
/mmfs1/home/sww35/testWatchAcc/LightHART/utils/accelerometer_processor.py:44: UserWarning: Could not infer format, so each element will be parsed individually, falling back to `dateutil`. To ensure parsing is consistent and as-expected, please specify a format.
  timestamps = pd.to_datetime(data.iloc[:, 0], errors='coerce')
2025-04-14 04:58:30,914 - WARNING - Found 175 invalid timestamps at rows [  0 348 349 350 351]...
2025-04-14 04:58:30,915 - ERROR - Error processing /mmfs1/home/sww35/testWatchAcc/LightHART/data/smartfallmm/young/accelerometer/watch/S33A07T01.csv: 0
2025-04-14 04:58:30,915 - ERROR - Error processing /mmfs1/home/sww35/testWatchAcc/LightHART/data/smartfallmm/young/accelerometer/watch/S33A07T01.csv: 0
2025-04-14 04:58:30,919 - INFO - Fixed 28 duplicate timestamps
2025-04-14 04:58:30,963 - INFO - Fixed 732 duplicate timestamps
2025-04-14 04:58:30,978 - WARNING - Found 196 time reversals
2025-04-14 04:58:30,987 - INFO - Fixed 53 duplicate timestamps
2025-04-14 04:58:30,990 - WARNING - Found 10 time reversals
2025-04-14 04:58:31,020 - INFO - Fixed 466 duplicate timestamps
2025-04-14 04:58:31,030 - WARNING - Found 174 time reversals
2025-04-14 04:58:31,034 - INFO - Fixed 14 duplicate timestamps
2025-04-14 04:58:31,040 - INFO - Fixed 16 duplicate timestamps
2025-04-14 04:58:31,042 - WARNING - Found 1 time reversals
/mmfs1/home/sww35/testWatchAcc/LightHART/utils/accelerometer_processor.py:44: UserWarning: Could not infer format, so each element will be parsed individually, falling back to `dateutil`. To ensure parsing is consistent and as-expected, please specify a format.
  timestamps = pd.to_datetime(data.iloc[:, 0], errors='coerce')
2025-04-14 04:58:31,076 - WARNING - Found 482 invalid timestamps at rows [0 1 2 3 4]...
2025-04-14 04:58:31,077 - ERROR - Error processing /mmfs1/home/sww35/testWatchAcc/LightHART/data/smartfallmm/young/accelerometer/watch/S33A01T01.csv: Insufficient valid data rows after cleaning: 0
2025-04-14 04:58:31,077 - ERROR - Error processing /mmfs1/home/sww35/testWatchAcc/LightHART/data/smartfallmm/young/accelerometer/watch/S33A01T01.csv: Insufficient valid data rows after cleaning: 0
/mmfs1/home/sww35/testWatchAcc/LightHART/utils/accelerometer_processor.py:44: UserWarning: Could not infer format, so each element will be parsed individually, falling back to `dateutil`. To ensure parsing is consistent and as-expected, please specify a format.
  timestamps = pd.to_datetime(data.iloc[:, 0], errors='coerce')
2025-04-14 04:58:31,079 - WARNING - Found 167 invalid timestamps at rows [  0 339 340 341 342]...
2025-04-14 04:58:31,079 - ERROR - Error processing /mmfs1/home/sww35/testWatchAcc/LightHART/data/smartfallmm/young/accelerometer/watch/S33A07T04.csv: 0
2025-04-14 04:58:31,079 - ERROR - Error processing /mmfs1/home/sww35/testWatchAcc/LightHART/data/smartfallmm/young/accelerometer/watch/S33A07T04.csv: 0
2025-04-14 04:58:31,111 - INFO - Fixed 505 duplicate timestamps
2025-04-14 04:58:31,123 - WARNING - Found 184 time reversals
2025-04-14 04:58:31,128 - INFO - Fixed 43 duplicate timestamps
2025-04-14 04:58:31,129 - WARNING - Found 15 time reversals
2025-04-14 04:58:31,136 - INFO - Fixed 72 duplicate timestamps
2025-04-14 04:58:31,138 - WARNING - Found 20 time reversals
/mmfs1/home/sww35/testWatchAcc/LightHART/utils/accelerometer_processor.py:44: UserWarning: Could not infer format, so each element will be parsed individually, falling back to `dateutil`. To ensure parsing is consistent and as-expected, please specify a format.
  timestamps = pd.to_datetime(data.iloc[:, 0], errors='coerce')
2025-04-14 04:58:31,140 - WARNING - Found 1 invalid timestamps at rows [0]...
2025-04-14 04:58:31,141 - ERROR - Error processing /mmfs1/home/sww35/testWatchAcc/LightHART/data/smartfallmm/young/accelerometer/watch/S33A14T01.csv: 0
2025-04-14 04:58:31,141 - ERROR - Error processing /mmfs1/home/sww35/testWatchAcc/LightHART/data/smartfallmm/young/accelerometer/watch/S33A14T01.csv: 0
/mmfs1/home/sww35/testWatchAcc/LightHART/utils/accelerometer_processor.py:44: UserWarning: Could not infer format, so each element will be parsed individually, falling back to `dateutil`. To ensure parsing is consistent and as-expected, please specify a format.
  timestamps = pd.to_datetime(data.iloc[:, 0], errors='coerce')
2025-04-14 04:58:31,143 - WARNING - Found 1 invalid timestamps at rows [0]...
2025-04-14 04:58:31,144 - ERROR - Error processing /mmfs1/home/sww35/testWatchAcc/LightHART/data/smartfallmm/young/accelerometer/watch/S33A14T04.csv: 0
2025-04-14 04:58:31,144 - ERROR - Error processing /mmfs1/home/sww35/testWatchAcc/LightHART/data/smartfallmm/young/accelerometer/watch/S33A14T04.csv: 0
2025-04-14 04:58:31,148 - INFO - Fixed 1 duplicate timestamps
2025-04-14 04:58:31,155 - INFO - Fixed 15 duplicate timestamps
2025-04-14 04:58:31,157 - WARNING - Found 3 time reversals
2025-04-14 04:58:31,162 - INFO - Fixed 6 duplicate timestamps
/mmfs1/home/sww35/testWatchAcc/LightHART/utils/accelerometer_processor.py:44: UserWarning: Could not infer format, so each element will be parsed individually, falling back to `dateutil`. To ensure parsing is consistent and as-expected, please specify a format.
  timestamps = pd.to_datetime(data.iloc[:, 0], errors='coerce')
2025-04-14 04:58:31,166 - WARNING - Found 1 invalid timestamps at rows [0]...
2025-04-14 04:58:31,167 - ERROR - Error processing /mmfs1/home/sww35/testWatchAcc/LightHART/data/smartfallmm/young/accelerometer/watch/S33A07T05.csv: 0
2025-04-14 04:58:31,167 - ERROR - Error processing /mmfs1/home/sww35/testWatchAcc/LightHART/data/smartfallmm/young/accelerometer/watch/S33A07T05.csv: 0
/mmfs1/home/sww35/testWatchAcc/LightHART/utils/accelerometer_processor.py:44: UserWarning: Could not infer format, so each element will be parsed individually, falling back to `dateutil`. To ensure parsing is consistent and as-expected, please specify a format.
  timestamps = pd.to_datetime(data.iloc[:, 0], errors='coerce')
2025-04-14 04:58:31,187 - WARNING - Found 259 invalid timestamps at rows [0 1 2 3 4]...
2025-04-14 04:58:31,187 - ERROR - Error processing /mmfs1/home/sww35/testWatchAcc/LightHART/data/smartfallmm/young/accelerometer/watch/S33A06T09.csv: Insufficient valid data rows after cleaning: 0
2025-04-14 04:58:31,187 - ERROR - Error processing /mmfs1/home/sww35/testWatchAcc/LightHART/data/smartfallmm/young/accelerometer/watch/S33A06T09.csv: Insufficient valid data rows after cleaning: 0
2025-04-14 04:58:31,190 - INFO - Fixed 6 duplicate timestamps
2025-04-14 04:58:31,206 - INFO - Fixed 68 duplicate timestamps
2025-04-14 04:58:31,214 - WARNING - Found 31 time reversals
2025-04-14 04:58:31,218 - INFO - Fixed 3 duplicate timestamps
2025-04-14 04:58:31,229 - INFO - Fixed 113 duplicate timestamps
2025-04-14 04:58:31,233 - WARNING - Found 38 time reversals
2025-04-14 04:58:31,251 - INFO - Fixed 50 duplicate timestamps
2025-04-14 04:58:31,258 - WARNING - Found 16 time reversals
2025-04-14 04:58:31,264 - INFO - Fixed 7 duplicate timestamps
/mmfs1/home/sww35/testWatchAcc/LightHART/utils/accelerometer_processor.py:44: UserWarning: Could not infer format, so each element will be parsed individually, falling back to `dateutil`. To ensure parsing is consistent and as-expected, please specify a format.
  timestamps = pd.to_datetime(data.iloc[:, 0], errors='coerce')
2025-04-14 04:58:31,269 - WARNING - Found 1 invalid timestamps at rows [0]...
2025-04-14 04:58:31,269 - ERROR - Error processing /mmfs1/home/sww35/testWatchAcc/LightHART/data/smartfallmm/young/accelerometer/watch/S33A09T04.csv: 0
2025-04-14 04:58:31,269 - ERROR - Error processing /mmfs1/home/sww35/testWatchAcc/LightHART/data/smartfallmm/young/accelerometer/watch/S33A09T04.csv: 0
2025-04-14 04:58:31,282 - INFO - Fixed 22 duplicate timestamps
2025-04-14 04:58:31,289 - WARNING - Found 11 time reversals
/mmfs1/home/sww35/testWatchAcc/LightHART/utils/accelerometer_processor.py:44: UserWarning: Could not infer format, so each element will be parsed individually, falling back to `dateutil`. To ensure parsing is consistent and as-expected, please specify a format.
  timestamps = pd.to_datetime(data.iloc[:, 0], errors='coerce')
2025-04-14 04:58:31,320 - WARNING - Found 509 invalid timestamps at rows [0 1 2 3 4]...
2025-04-14 04:58:31,320 - ERROR - Error processing /mmfs1/home/sww35/testWatchAcc/LightHART/data/smartfallmm/young/accelerometer/watch/S33A14T06.csv: Insufficient valid data rows after cleaning: 0
2025-04-14 04:58:31,320 - ERROR - Error processing /mmfs1/home/sww35/testWatchAcc/LightHART/data/smartfallmm/young/accelerometer/watch/S33A14T06.csv: Insufficient valid data rows after cleaning: 0
2025-04-14 04:58:31,326 - INFO - Fixed 53 duplicate timestamps
2025-04-14 04:58:31,361 - INFO - Fixed 514 duplicate timestamps
2025-04-14 04:58:31,373 - WARNING - Found 173 time reversals
2025-04-14 04:58:31,381 - INFO - Fixed 44 duplicate timestamps
2025-04-14 04:58:31,383 - WARNING - Found 10 time reversals
2025-04-14 04:58:31,431 - INFO - Fixed 750 duplicate timestamps
2025-04-14 04:58:31,451 - WARNING - Found 234 time reversals
2025-04-14 04:58:31,494 - INFO - Fixed 702 duplicate timestamps
2025-04-14 04:58:31,510 - WARNING - Found 285 time reversals
2025-04-14 04:58:31,524 - INFO - Fixed 36 duplicate timestamps
2025-04-14 04:58:31,531 - WARNING - Found 12 time reversals
2025-04-14 04:58:31,542 - INFO - Fixed 73 duplicate timestamps
2025-04-14 04:58:31,547 - WARNING - Found 16 time reversals
2025-04-14 04:58:31,587 - INFO - Fixed 748 duplicate timestamps
2025-04-14 04:58:31,603 - WARNING - Found 263 time reversals
2025-04-14 04:58:31,609 - INFO - Fixed 6 duplicate timestamps
2025-04-14 04:58:31,647 - INFO - Fixed 563 duplicate timestamps
2025-04-14 04:58:31,660 - WARNING - Found 193 time reversals
2025-04-14 04:58:31,693 - INFO - Fixed 514 duplicate timestamps
2025-04-14 04:58:31,706 - WARNING - Found 142 time reversals
2025-04-14 04:58:31,714 - INFO - Fixed 57 duplicate timestamps
2025-04-14 04:58:31,716 - WARNING - Found 20 time reversals
2025-04-14 04:58:31,728 - INFO - Fixed 68 duplicate timestamps
2025-04-14 04:58:31,733 - WARNING - Found 28 time reversals
/mmfs1/home/sww35/testWatchAcc/LightHART/utils/accelerometer_processor.py:44: UserWarning: Could not infer format, so each element will be parsed individually, falling back to `dateutil`. To ensure parsing is consistent and as-expected, please specify a format.
  timestamps = pd.to_datetime(data.iloc[:, 0], errors='coerce')
2025-04-14 04:58:31,760 - WARNING - Found 330 invalid timestamps at rows [0 1 2 3 4]...
2025-04-14 04:58:31,760 - ERROR - Error processing /mmfs1/home/sww35/testWatchAcc/LightHART/data/smartfallmm/young/accelerometer/watch/S33A02T08.csv: Insufficient valid data rows after cleaning: 0
2025-04-14 04:58:31,760 - ERROR - Error processing /mmfs1/home/sww35/testWatchAcc/LightHART/data/smartfallmm/young/accelerometer/watch/S33A02T08.csv: Insufficient valid data rows after cleaning: 0
2025-04-14 04:58:31,772 - INFO - Fixed 68 duplicate timestamps
2025-04-14 04:58:31,778 - WARNING - Found 28 time reversals
2025-04-14 04:58:31,783 - INFO - Fixed 22 duplicate timestamps
2025-04-14 04:58:31,840 - INFO - Fixed 964 duplicate timestamps
2025-04-14 04:58:31,858 - WARNING - Found 332 time reversals
2025-04-14 04:58:31,864 - INFO - Fixed 1 duplicate timestamps
2025-04-14 04:58:31,871 - INFO - Fixed 6 duplicate timestamps
2025-04-14 04:58:31,886 - INFO - Fixed 68 duplicate timestamps
2025-04-14 04:58:31,892 - WARNING - Found 28 time reversals
2025-04-14 04:58:31,896 - INFO - Fixed 2 duplicate timestamps
2025-04-14 04:58:31,924 - INFO - Fixed 530 duplicate timestamps
2025-04-14 04:58:31,936 - WARNING - Found 118 time reversals
2025-04-14 04:58:31,941 - INFO - Fixed 9 duplicate timestamps
2025-04-14 04:58:31,946 - INFO - Fixed 1 duplicate timestamps
/mmfs1/home/sww35/testWatchAcc/LightHART/utils/accelerometer_processor.py:44: UserWarning: Could not infer format, so each element will be parsed individually, falling back to `dateutil`. To ensure parsing is consistent and as-expected, please specify a format.
  timestamps = pd.to_datetime(data.iloc[:, 0], errors='coerce')
2025-04-14 04:58:31,953 - WARNING - Found 38 invalid timestamps at rows [0 1 2 3 4]...
2025-04-14 04:58:31,953 - ERROR - Error processing /mmfs1/home/sww35/testWatchAcc/LightHART/data/smartfallmm/young/accelerometer/watch/S33A08T06.csv: Insufficient valid data rows after cleaning: 0
2025-04-14 04:58:31,953 - ERROR - Error processing /mmfs1/home/sww35/testWatchAcc/LightHART/data/smartfallmm/young/accelerometer/watch/S33A08T06.csv: Insufficient valid data rows after cleaning: 0
2025-04-14 04:58:32,002 - INFO - Fixed 329 duplicate timestamps
2025-04-14 04:58:32,025 - WARNING - Found 165 time reversals
2025-04-14 04:58:32,049 - INFO - Fixed 96 duplicate timestamps
2025-04-14 04:58:32,061 - WARNING - Found 41 time reversals
/mmfs1/home/sww35/testWatchAcc/LightHART/utils/accelerometer_processor.py:44: UserWarning: Could not infer format, so each element will be parsed individually, falling back to `dateutil`. To ensure parsing is consistent and as-expected, please specify a format.
  timestamps = pd.to_datetime(data.iloc[:, 0], errors='coerce')
2025-04-14 04:58:32,064 - WARNING - Found 1 invalid timestamps at rows [0]...
2025-04-14 04:58:32,064 - ERROR - Error processing /mmfs1/home/sww35/testWatchAcc/LightHART/data/smartfallmm/young/accelerometer/watch/S33A12T03.csv: 0
2025-04-14 04:58:32,064 - ERROR - Error processing /mmfs1/home/sww35/testWatchAcc/LightHART/data/smartfallmm/young/accelerometer/watch/S33A12T03.csv: 0
2025-04-14 04:58:32,069 - INFO - Fixed 2 duplicate timestamps
/mmfs1/home/sww35/testWatchAcc/LightHART/utils/accelerometer_processor.py:44: UserWarning: Could not infer format, so each element will be parsed individually, falling back to `dateutil`. To ensure parsing is consistent and as-expected, please specify a format.
  timestamps = pd.to_datetime(data.iloc[:, 0], errors='coerce')
2025-04-14 04:58:32,102 - WARNING - Found 409 invalid timestamps at rows [0 1 2 3 4]...
2025-04-14 04:58:32,102 - ERROR - Error processing /mmfs1/home/sww35/testWatchAcc/LightHART/data/smartfallmm/young/accelerometer/watch/S33A07T08.csv: Insufficient valid data rows after cleaning: 0
2025-04-14 04:58:32,102 - ERROR - Error processing /mmfs1/home/sww35/testWatchAcc/LightHART/data/smartfallmm/young/accelerometer/watch/S33A07T08.csv: Insufficient valid data rows after cleaning: 0
2025-04-14 04:58:32,107 - INFO - Fixed 18 duplicate timestamps
/mmfs1/home/sww35/testWatchAcc/LightHART/utils/accelerometer_processor.py:44: UserWarning: Could not infer format, so each element will be parsed individually, falling back to `dateutil`. To ensure parsing is consistent and as-expected, please specify a format.
  timestamps = pd.to_datetime(data.iloc[:, 0], errors='coerce')
2025-04-14 04:58:32,147 - WARNING - Found 649 invalid timestamps at rows [0 1 2 3 4]...
2025-04-14 04:58:32,147 - ERROR - Error processing /mmfs1/home/sww35/testWatchAcc/LightHART/data/smartfallmm/young/accelerometer/watch/S33A08T10.csv: Insufficient valid data rows after cleaning: 0
2025-04-14 04:58:32,148 - ERROR - Error processing /mmfs1/home/sww35/testWatchAcc/LightHART/data/smartfallmm/young/accelerometer/watch/S33A08T10.csv: Insufficient valid data rows after cleaning: 0
2025-04-14 04:58:32,156 - INFO - Fixed 3 duplicate timestamps
/mmfs1/home/sww35/testWatchAcc/LightHART/utils/accelerometer_processor.py:44: UserWarning: Could not infer format, so each element will be parsed individually, falling back to `dateutil`. To ensure parsing is consistent and as-expected, please specify a format.
  timestamps = pd.to_datetime(data.iloc[:, 0], errors='coerce')
2025-04-14 04:58:32,196 - WARNING - Found 649 invalid timestamps at rows [0 1 2 3 4]...
2025-04-14 04:58:32,196 - ERROR - Error processing /mmfs1/home/sww35/testWatchAcc/LightHART/data/smartfallmm/young/accelerometer/watch/S33A02T05.csv: Insufficient valid data rows after cleaning: 0
2025-04-14 04:58:32,196 - ERROR - Error processing /mmfs1/home/sww35/testWatchAcc/LightHART/data/smartfallmm/young/accelerometer/watch/S33A02T05.csv: Insufficient valid data rows after cleaning: 0
2025-04-14 04:58:32,200 - INFO - Fixed 11 duplicate timestamps
2025-04-14 04:58:32,201 - WARNING - Found 1 time reversals
/mmfs1/home/sww35/testWatchAcc/LightHART/utils/accelerometer_processor.py:44: UserWarning: Could not infer format, so each element will be parsed individually, falling back to `dateutil`. To ensure parsing is consistent and as-expected, please specify a format.
  timestamps = pd.to_datetime(data.iloc[:, 0], errors='coerce')
2025-04-14 04:58:32,218 - WARNING - Found 202 invalid timestamps at rows [0 1 2 3 4]...
2025-04-14 04:58:32,218 - ERROR - Error processing /mmfs1/home/sww35/testWatchAcc/LightHART/data/smartfallmm/young/accelerometer/watch/S33A03T13.csv: Insufficient valid data rows after cleaning: 0
2025-04-14 04:58:32,218 - ERROR - Error processing /mmfs1/home/sww35/testWatchAcc/LightHART/data/smartfallmm/young/accelerometer/watch/S33A03T13.csv: Insufficient valid data rows after cleaning: 0
2025-04-14 04:58:32,232 - INFO - Fixed 180 duplicate timestamps
2025-04-14 04:58:32,237 - WARNING - Found 59 time reversals
/mmfs1/home/sww35/testWatchAcc/LightHART/utils/accelerometer_processor.py:44: UserWarning: Could not infer format, so each element will be parsed individually, falling back to `dateutil`. To ensure parsing is consistent and as-expected, please specify a format.
  timestamps = pd.to_datetime(data.iloc[:, 0], errors='coerce')
2025-04-14 04:58:32,279 - WARNING - Found 615 invalid timestamps at rows [0 1 2 3 4]...
2025-04-14 04:58:32,280 - ERROR - Error processing /mmfs1/home/sww35/testWatchAcc/LightHART/data/smartfallmm/young/accelerometer/watch/S33A13T06.csv: Insufficient valid data rows after cleaning: 0
2025-04-14 04:58:32,280 - ERROR - Error processing /mmfs1/home/sww35/testWatchAcc/LightHART/data/smartfallmm/young/accelerometer/watch/S33A13T06.csv: Insufficient valid data rows after cleaning: 0
/mmfs1/home/sww35/testWatchAcc/LightHART/utils/accelerometer_processor.py:44: UserWarning: Could not infer format, so each element will be parsed individually, falling back to `dateutil`. To ensure parsing is consistent and as-expected, please specify a format.
  timestamps = pd.to_datetime(data.iloc[:, 0], errors='coerce')
2025-04-14 04:58:32,297 - WARNING - Found 222 invalid timestamps at rows [0 1 2 3 4]...
2025-04-14 04:58:32,297 - ERROR - Error processing /mmfs1/home/sww35/testWatchAcc/LightHART/data/smartfallmm/young/accelerometer/watch/S33A07T07.csv: Insufficient valid data rows after cleaning: 0
2025-04-14 04:58:32,297 - ERROR - Error processing /mmfs1/home/sww35/testWatchAcc/LightHART/data/smartfallmm/young/accelerometer/watch/S33A07T07.csv: Insufficient valid data rows after cleaning: 0
2025-04-14 04:58:32,305 - INFO - Fixed 65 duplicate timestamps
2025-04-14 04:58:32,308 - WARNING - Found 19 time reversals
2025-04-14 04:58:32,313 - INFO - Fixed 2 duplicate timestamps
2025-04-14 04:58:32,328 - INFO - Fixed 68 duplicate timestamps
2025-04-14 04:58:32,333 - WARNING - Found 28 time reversals
2025-04-14 04:58:32,346 - INFO - Fixed 68 duplicate timestamps
2025-04-14 04:58:32,352 - WARNING - Found 28 time reversals
2025-04-14 04:58:32,395 - INFO - Fixed 900 duplicate timestamps
2025-04-14 04:58:32,414 - WARNING - Found 221 time reversals
2025-04-14 04:58:32,419 - INFO - Fixed 26 duplicate timestamps
2025-04-14 04:58:32,428 - INFO - Fixed 2 duplicate timestamps
/mmfs1/home/sww35/testWatchAcc/LightHART/utils/accelerometer_processor.py:44: UserWarning: Could not infer format, so each element will be parsed individually, falling back to `dateutil`. To ensure parsing is consistent and as-expected, please specify a format.
  timestamps = pd.to_datetime(data.iloc[:, 0], errors='coerce')
2025-04-14 04:58:32,454 - WARNING - Found 216 invalid timestamps at rows [0 1 2 3 4]...
2025-04-14 04:58:32,454 - ERROR - Error processing /mmfs1/home/sww35/testWatchAcc/LightHART/data/smartfallmm/young/accelerometer/watch/S33A03T08.csv: Insufficient valid data rows after cleaning: 0
2025-04-14 04:58:32,454 - ERROR - Error processing /mmfs1/home/sww35/testWatchAcc/LightHART/data/smartfallmm/young/accelerometer/watch/S33A03T08.csv: Insufficient valid data rows after cleaning: 0
2025-04-14 04:58:32,460 - INFO - Fixed 2 duplicate timestamps
/mmfs1/home/sww35/testWatchAcc/LightHART/utils/accelerometer_processor.py:44: UserWarning: Could not infer format, so each element will be parsed individually, falling back to `dateutil`. To ensure parsing is consistent and as-expected, please specify a format.
  timestamps = pd.to_datetime(data.iloc[:, 0], errors='coerce')
2025-04-14 04:58:32,465 - WARNING - Found 215 invalid timestamps at rows [  0 435 436 437 438]...
2025-04-14 04:58:32,466 - ERROR - Error processing /mmfs1/home/sww35/testWatchAcc/LightHART/data/smartfallmm/young/accelerometer/watch/S33A02T02.csv: 0
2025-04-14 04:58:32,466 - ERROR - Error processing /mmfs1/home/sww35/testWatchAcc/LightHART/data/smartfallmm/young/accelerometer/watch/S33A02T02.csv: 0
2025-04-14 04:58:32,492 - INFO - Fixed 433 duplicate timestamps
2025-04-14 04:58:32,502 - WARNING - Found 139 time reversals
2025-04-14 04:58:32,508 - INFO - Fixed 8 duplicate timestamps
/mmfs1/home/sww35/testWatchAcc/LightHART/utils/accelerometer_processor.py:44: UserWarning: Could not infer format, so each element will be parsed individually, falling back to `dateutil`. To ensure parsing is consistent and as-expected, please specify a format.
  timestamps = pd.to_datetime(data.iloc[:, 0], errors='coerce')
2025-04-14 04:58:32,541 - WARNING - Found 510 invalid timestamps at rows [0 1 2 3 4]...
2025-04-14 04:58:32,541 - ERROR - Error processing /mmfs1/home/sww35/testWatchAcc/LightHART/data/smartfallmm/young/accelerometer/watch/S33A07T11.csv: Insufficient valid data rows after cleaning: 0
2025-04-14 04:58:32,541 - ERROR - Error processing /mmfs1/home/sww35/testWatchAcc/LightHART/data/smartfallmm/young/accelerometer/watch/S33A07T11.csv: Insufficient valid data rows after cleaning: 0
2025-04-14 04:58:32,546 - INFO - Fixed 13 duplicate timestamps
2025-04-14 04:58:32,552 - INFO - Fixed 22 duplicate timestamps
/mmfs1/home/sww35/testWatchAcc/LightHART/utils/accelerometer_processor.py:44: UserWarning: Could not infer format, so each element will be parsed individually, falling back to `dateutil`. To ensure parsing is consistent and as-expected, please specify a format.
  timestamps = pd.to_datetime(data.iloc[:, 0], errors='coerce')
2025-04-14 04:58:32,583 - WARNING - Found 509 invalid timestamps at rows [0 1 2 3 4]...
2025-04-14 04:58:32,583 - ERROR - Error processing /mmfs1/home/sww35/testWatchAcc/LightHART/data/smartfallmm/young/accelerometer/watch/S33A02T06.csv: Insufficient valid data rows after cleaning: 0
2025-04-14 04:58:32,583 - ERROR - Error processing /mmfs1/home/sww35/testWatchAcc/LightHART/data/smartfallmm/young/accelerometer/watch/S33A02T06.csv: Insufficient valid data rows after cleaning: 0
2025-04-14 04:58:32,588 - INFO - Fixed 11 duplicate timestamps
2025-04-14 04:58:32,589 - WARNING - Found 1 time reversals
2025-04-14 04:58:32,593 - INFO - Fixed 1 duplicate timestamps
2025-04-14 04:58:32,600 - INFO - Fixed 26 duplicate timestamps
2025-04-14 04:58:32,601 - WARNING - Found 5 time reversals
/mmfs1/home/sww35/testWatchAcc/LightHART/utils/accelerometer_processor.py:44: UserWarning: Could not infer format, so each element will be parsed individually, falling back to `dateutil`. To ensure parsing is consistent and as-expected, please specify a format.
  timestamps = pd.to_datetime(data.iloc[:, 0], errors='coerce')
2025-04-14 04:58:32,606 - WARNING - Found 38 invalid timestamps at rows [0 1 2 3 4]...
2025-04-14 04:58:32,606 - ERROR - Error processing /mmfs1/home/sww35/testWatchAcc/LightHART/data/smartfallmm/young/accelerometer/watch/S33A11T05.csv: Insufficient valid data rows after cleaning: 0
2025-04-14 04:58:32,606 - ERROR - Error processing /mmfs1/home/sww35/testWatchAcc/LightHART/data/smartfallmm/young/accelerometer/watch/S33A11T05.csv: Insufficient valid data rows after cleaning: 0
2025-04-14 04:58:32,622 - INFO - Fixed 41 duplicate timestamps
2025-04-14 04:58:32,631 - WARNING - Found 19 time reversals
/mmfs1/home/sww35/testWatchAcc/LightHART/utils/accelerometer_processor.py:44: UserWarning: Could not infer format, so each element will be parsed individually, falling back to `dateutil`. To ensure parsing is consistent and as-expected, please specify a format.
  timestamps = pd.to_datetime(data.iloc[:, 0], errors='coerce')
2025-04-14 04:58:32,650 - WARNING - Found 221 invalid timestamps at rows [0 1 2 3 4]...
2025-04-14 04:58:32,650 - ERROR - Error processing /mmfs1/home/sww35/testWatchAcc/LightHART/data/smartfallmm/young/accelerometer/watch/S33A01T02.csv: Insufficient valid data rows after cleaning: 0
2025-04-14 04:58:32,650 - ERROR - Error processing /mmfs1/home/sww35/testWatchAcc/LightHART/data/smartfallmm/young/accelerometer/watch/S33A01T02.csv: Insufficient valid data rows after cleaning: 0
2025-04-14 04:58:32,654 - INFO - Fixed 1 duplicate timestamps
2025-04-14 04:58:32,661 - INFO - Fixed 10 duplicate timestamps
2025-04-14 04:58:32,711 - INFO - Fixed 760 duplicate timestamps
2025-04-14 04:58:32,730 - WARNING - Found 154 time reversals
2025-04-14 04:58:32,735 - INFO - Fixed 4 duplicate timestamps
2025-04-14 04:58:32,741 - INFO - Fixed 45 duplicate timestamps
2025-04-14 04:58:32,743 - WARNING - Found 13 time reversals
2025-04-14 04:58:32,751 - INFO - Fixed 3 duplicate timestamps
2025-04-14 04:58:32,760 - INFO - Fixed 15 duplicate timestamps
2025-04-14 04:58:32,779 - INFO - Fixed 64 duplicate timestamps
2025-04-14 04:58:32,788 - WARNING - Found 16 time reversals
2025-04-14 04:58:32,794 - INFO - Dataset Statistics for subjects [45, 36, 29, 32, 39, 30, 33, 34, 35, 37, 43, 44]:
2025-04-14 04:58:32,794 - INFO - Total files: 570
2025-04-14 04:58:32,794 - INFO - Successfully processed: 460 (80.7%)
2025-04-14 04:58:32,794 - INFO - Errors: 110
2025-04-14 04:58:32,794 - INFO - Falls: 1796 samples
2025-04-14 04:58:32,794 - INFO - Non-falls: 3385 samples
2025-04-14 04:58:32,794 - INFO - Activities distribution:
2025-04-14 04:58:32,794 - INFO -   Activity 1 (ADL): 28 files
2025-04-14 04:58:32,794 - INFO -   Activity 2 (ADL): 40 files
2025-04-14 04:58:32,794 - INFO -   Activity 3 (ADL): 50 files
2025-04-14 04:58:32,794 - INFO -   Activity 4 (ADL): 5 files
2025-04-14 04:58:32,794 - INFO -   Activity 5 (ADL): 46 files
2025-04-14 04:58:32,794 - INFO -   Activity 6 (ADL): 39 files
2025-04-14 04:58:32,794 - INFO -   Activity 7 (ADL): 38 files
2025-04-14 04:58:32,794 - INFO -   Activity 8 (ADL): 45 files
2025-04-14 04:58:32,794 - INFO -   Activity 9 (ADL): 43 files
2025-04-14 04:58:32,794 - INFO -   Activity 10 (Fall): 49 files
2025-04-14 04:58:32,794 - INFO -   Activity 11 (Fall): 44 files
2025-04-14 04:58:32,794 - INFO -   Activity 12 (Fall): 49 files
2025-04-14 04:58:32,794 - INFO -   Activity 13 (Fall): 48 files
2025-04-14 04:58:32,794 - INFO -   Activity 14 (Fall): 46 files
2025-04-14 04:58:33,491 - INFO - Fixed 26 duplicate timestamps
2025-04-14 04:58:33,493 - WARNING - Found 4 time reversals
2025-04-14 04:58:33,503 - INFO - Fixed 94 duplicate timestamps
2025-04-14 04:58:33,507 - WARNING - Found 35 time reversals
2025-04-14 04:58:33,560 - INFO - Fixed 971 duplicate timestamps
2025-04-14 04:58:33,577 - WARNING - Found 431 time reversals
2025-04-14 04:58:33,633 - INFO - Fixed 953 duplicate timestamps
2025-04-14 04:58:33,653 - WARNING - Found 312 time reversals
2025-04-14 04:58:33,660 - INFO - Fixed 8 duplicate timestamps
2025-04-14 04:58:33,662 - WARNING - Found 1 time reversals
2025-04-14 04:58:33,720 - INFO - Fixed 953 duplicate timestamps
2025-04-14 04:58:33,740 - WARNING - Found 312 time reversals
2025-04-14 04:58:33,796 - INFO - Fixed 953 duplicate timestamps
2025-04-14 04:58:33,817 - WARNING - Found 312 time reversals
2025-04-14 04:58:33,823 - INFO - Fixed 29 duplicate timestamps
2025-04-14 04:58:33,824 - WARNING - Found 5 time reversals
2025-04-14 04:58:33,858 - INFO - Fixed 432 duplicate timestamps
2025-04-14 04:58:33,866 - WARNING - Found 186 time reversals
2025-04-14 04:58:33,921 - INFO - Fixed 953 duplicate timestamps
2025-04-14 04:58:33,941 - WARNING - Found 312 time reversals
2025-04-14 04:58:33,948 - INFO - Fixed 1 duplicate timestamps
2025-04-14 04:58:33,960 - INFO - Fixed 93 duplicate timestamps
2025-04-14 04:58:33,963 - WARNING - Found 33 time reversals
2025-04-14 04:58:33,971 - INFO - Fixed 43 duplicate timestamps
2025-04-14 04:58:33,975 - WARNING - Found 17 time reversals
2025-04-14 04:58:33,998 - INFO - Fixed 363 duplicate timestamps
2025-04-14 04:58:34,006 - WARNING - Found 141 time reversals
2025-04-14 04:58:34,011 - INFO - Fixed 2 duplicate timestamps
2025-04-14 04:58:34,025 - INFO - Fixed 75 duplicate timestamps
2025-04-14 04:58:34,030 - WARNING - Found 27 time reversals
2025-04-14 04:58:34,053 - INFO - Fixed 363 duplicate timestamps
2025-04-14 04:58:34,060 - WARNING - Found 137 time reversals
2025-04-14 04:58:34,070 - INFO - Fixed 79 duplicate timestamps
2025-04-14 04:58:34,074 - WARNING - Found 18 time reversals
2025-04-14 04:58:34,081 - INFO - Fixed 9 duplicate timestamps
2025-04-14 04:58:34,135 - INFO - Fixed 971 duplicate timestamps
2025-04-14 04:58:34,152 - WARNING - Found 431 time reversals
2025-04-14 04:58:34,207 - INFO - Fixed 953 duplicate timestamps
2025-04-14 04:58:34,228 - WARNING - Found 312 time reversals
2025-04-14 04:58:34,237 - INFO - Fixed 26 duplicate timestamps
2025-04-14 04:58:34,256 - INFO - Fixed 96 duplicate timestamps
2025-04-14 04:58:34,264 - WARNING - Found 28 time reversals
2025-04-14 04:58:34,290 - INFO - Fixed 430 duplicate timestamps
2025-04-14 04:58:34,299 - WARNING - Found 171 time reversals
2025-04-14 04:58:34,353 - INFO - Fixed 971 duplicate timestamps
2025-04-14 04:58:34,370 - WARNING - Found 431 time reversals
2025-04-14 04:58:34,390 - INFO - Fixed 123 duplicate timestamps
2025-04-14 04:58:34,400 - WARNING - Found 41 time reversals
2025-04-14 04:58:34,458 - INFO - Fixed 953 duplicate timestamps
2025-04-14 04:58:34,478 - WARNING - Found 312 time reversals
2025-04-14 04:58:34,485 - INFO - Fixed 2 duplicate timestamps
2025-04-14 04:58:34,503 - INFO - Fixed 72 duplicate timestamps
2025-04-14 04:58:34,506 - WARNING - Found 19 time reversals
2025-04-14 04:58:34,516 - INFO - Fixed 64 duplicate timestamps
2025-04-14 04:58:34,518 - WARNING - Found 14 time reversals
2025-04-14 04:58:34,522 - INFO - Fixed 6 duplicate timestamps
2025-04-14 04:58:34,577 - INFO - Fixed 953 duplicate timestamps
2025-04-14 04:58:34,598 - WARNING - Found 312 time reversals
2025-04-14 04:58:34,609 - INFO - Fixed 101 duplicate timestamps
2025-04-14 04:58:34,613 - WARNING - Found 37 time reversals
2025-04-14 04:58:34,645 - INFO - Fixed 501 duplicate timestamps
2025-04-14 04:58:34,656 - WARNING - Found 173 time reversals
2025-04-14 04:58:34,676 - INFO - Fixed 123 duplicate timestamps
2025-04-14 04:58:34,685 - WARNING - Found 41 time reversals
2025-04-14 04:58:34,745 - INFO - Fixed 953 duplicate timestamps
2025-04-14 04:58:34,765 - WARNING - Found 312 time reversals
2025-04-14 04:58:34,778 - INFO - Fixed 75 duplicate timestamps
2025-04-14 04:58:34,782 - WARNING - Found 27 time reversals
2025-04-14 04:58:34,788 - INFO - Fixed 8 duplicate timestamps
2025-04-14 04:58:34,795 - INFO - Fixed 1 duplicate timestamps
2025-04-14 04:58:34,815 - INFO - Fixed 252 duplicate timestamps
2025-04-14 04:58:34,819 - WARNING - Found 99 time reversals
2025-04-14 04:58:34,874 - INFO - Fixed 971 duplicate timestamps
2025-04-14 04:58:34,891 - WARNING - Found 431 time reversals
2025-04-14 04:58:34,946 - INFO - Fixed 953 duplicate timestamps
2025-04-14 04:58:34,966 - WARNING - Found 312 time reversals
2025-04-14 04:58:35,022 - INFO - Fixed 953 duplicate timestamps
2025-04-14 04:58:35,042 - WARNING - Found 312 time reversals
2025-04-14 04:58:35,058 - INFO - Fixed 252 duplicate timestamps
2025-04-14 04:58:35,062 - WARNING - Found 99 time reversals
2025-04-14 04:58:35,089 - INFO - Fixed 430 duplicate timestamps
2025-04-14 04:58:35,097 - WARNING - Found 171 time reversals
2025-04-14 04:58:35,104 - INFO - Fixed 51 duplicate timestamps
2025-04-14 04:58:35,121 - INFO - Fixed 252 duplicate timestamps
2025-04-14 04:58:35,125 - WARNING - Found 99 time reversals
2025-04-14 04:58:35,131 - INFO - Fixed 12 duplicate timestamps
2025-04-14 04:58:35,187 - INFO - Fixed 953 duplicate timestamps
2025-04-14 04:58:35,207 - WARNING - Found 312 time reversals
2025-04-14 04:58:35,216 - INFO - Fixed 42 duplicate timestamps
2025-04-14 04:58:35,272 - INFO - Fixed 953 duplicate timestamps
2025-04-14 04:58:35,293 - WARNING - Found 312 time reversals
2025-04-14 04:58:35,302 - INFO - Fixed 73 duplicate timestamps
2025-04-14 04:58:35,305 - WARNING - Found 18 time reversals
2025-04-14 04:58:35,331 - INFO - Fixed 430 duplicate timestamps
2025-04-14 04:58:35,340 - WARNING - Found 171 time reversals
2025-04-14 04:58:35,351 - INFO - Fixed 94 duplicate timestamps
2025-04-14 04:58:35,355 - WARNING - Found 21 time reversals
2025-04-14 04:58:35,381 - INFO - Fixed 430 duplicate timestamps
2025-04-14 04:58:35,389 - WARNING - Found 171 time reversals
2025-04-14 04:58:35,405 - INFO - Fixed 252 duplicate timestamps
2025-04-14 04:58:35,409 - WARNING - Found 99 time reversals
2025-04-14 04:58:35,435 - INFO - Fixed 443 duplicate timestamps
2025-04-14 04:58:35,445 - WARNING - Found 134 time reversals
2025-04-14 04:58:35,457 - INFO - Fixed 75 duplicate timestamps
2025-04-14 04:58:35,462 - WARNING - Found 27 time reversals
2025-04-14 04:58:35,478 - INFO - Fixed 101 duplicate timestamps
2025-04-14 04:58:35,484 - WARNING - Found 32 time reversals
2025-04-14 04:58:35,516 - INFO - Fixed 123 duplicate timestamps
2025-04-14 04:58:35,526 - WARNING - Found 41 time reversals
2025-04-14 04:58:35,532 - INFO - Fixed 28 duplicate timestamps
2025-04-14 04:58:35,535 - WARNING - Found 11 time reversals
2025-04-14 04:58:35,589 - INFO - Fixed 953 duplicate timestamps
2025-04-14 04:58:35,609 - WARNING - Found 312 time reversals
2025-04-14 04:58:35,665 - INFO - Fixed 953 duplicate timestamps
2025-04-14 04:58:35,685 - WARNING - Found 312 time reversals
2025-04-14 04:58:35,706 - INFO - Fixed 123 duplicate timestamps
2025-04-14 04:58:35,716 - WARNING - Found 41 time reversals
2025-04-14 04:58:35,771 - INFO - Fixed 953 duplicate timestamps
2025-04-14 04:58:35,791 - WARNING - Found 312 time reversals
2025-04-14 04:58:35,846 - INFO - Fixed 953 duplicate timestamps
2025-04-14 04:58:35,867 - WARNING - Found 312 time reversals
2025-04-14 04:58:35,887 - INFO - Fixed 123 duplicate timestamps
2025-04-14 04:58:35,897 - WARNING - Found 41 time reversals
2025-04-14 04:58:35,904 - INFO - Fixed 2 duplicate timestamps
2025-04-14 04:58:35,959 - INFO - Fixed 953 duplicate timestamps
2025-04-14 04:58:35,980 - WARNING - Found 312 time reversals
2025-04-14 04:58:36,035 - INFO - Fixed 953 duplicate timestamps
2025-04-14 04:58:36,055 - WARNING - Found 312 time reversals
2025-04-14 04:58:36,063 - INFO - Fixed 12 duplicate timestamps
2025-04-14 04:58:36,092 - INFO - Fixed 443 duplicate timestamps
2025-04-14 04:58:36,102 - WARNING - Found 134 time reversals
2025-04-14 04:58:36,107 - INFO - Fixed 1 duplicate timestamps
2025-04-14 04:58:36,163 - INFO - Fixed 953 duplicate timestamps
2025-04-14 04:58:36,184 - WARNING - Found 312 time reversals
2025-04-14 04:58:36,239 - INFO - Fixed 953 duplicate timestamps
2025-04-14 04:58:36,259 - WARNING - Found 312 time reversals
2025-04-14 04:58:36,267 - INFO - Fixed 9 duplicate timestamps
2025-04-14 04:58:36,284 - INFO - Fixed 252 duplicate timestamps
2025-04-14 04:58:36,288 - WARNING - Found 99 time reversals
2025-04-14 04:58:36,295 - INFO - Fixed 10 duplicate timestamps
2025-04-14 04:58:36,303 - INFO - Fixed 15 duplicate timestamps
2025-04-14 04:58:36,314 - INFO - Fixed 60 duplicate timestamps
2025-04-14 04:58:36,317 - WARNING - Found 11 time reversals
2025-04-14 04:58:36,330 - INFO - Fixed 86 duplicate timestamps
2025-04-14 04:58:36,333 - WARNING - Found 28 time reversals
2025-04-14 04:58:36,387 - INFO - Fixed 953 duplicate timestamps
2025-04-14 04:58:36,407 - WARNING - Found 312 time reversals
2025-04-14 04:58:36,462 - INFO - Fixed 953 duplicate timestamps
2025-04-14 04:58:36,483 - WARNING - Found 312 time reversals
2025-04-14 04:58:36,511 - INFO - Fixed 349 duplicate timestamps
2025-04-14 04:58:36,518 - WARNING - Found 148 time reversals
2025-04-14 04:58:36,522 - INFO - Fixed 3 duplicate timestamps
2025-04-14 04:58:36,577 - INFO - Fixed 953 duplicate timestamps
2025-04-14 04:58:36,597 - WARNING - Found 312 time reversals
2025-04-14 04:58:36,625 - INFO - Fixed 443 duplicate timestamps
2025-04-14 04:58:36,635 - WARNING - Found 134 time reversals
2025-04-14 04:58:36,662 - INFO - Fixed 443 duplicate timestamps
2025-04-14 04:58:36,671 - WARNING - Found 134 time reversals
2025-04-14 04:58:36,679 - INFO - Fixed 52 duplicate timestamps
2025-04-14 04:58:36,682 - WARNING - Found 17 time reversals
2025-04-14 04:58:36,708 - INFO - Fixed 430 duplicate timestamps
2025-04-14 04:58:36,716 - WARNING - Found 171 time reversals
2025-04-14 04:58:36,773 - INFO - Fixed 971 duplicate timestamps
2025-04-14 04:58:36,790 - WARNING - Found 431 time reversals
2025-04-14 04:58:36,816 - INFO - Fixed 397 duplicate timestamps
2025-04-14 04:58:36,824 - WARNING - Found 160 time reversals
2025-04-14 04:58:36,837 - INFO - Fixed 75 duplicate timestamps
2025-04-14 04:58:36,841 - WARNING - Found 27 time reversals
2025-04-14 04:58:36,847 - INFO - Fixed 7 duplicate timestamps
2025-04-14 04:58:36,903 - INFO - Fixed 953 duplicate timestamps
2025-04-14 04:58:36,923 - WARNING - Found 312 time reversals
2025-04-14 04:58:36,933 - INFO - Fixed 61 duplicate timestamps
2025-04-14 04:58:36,936 - WARNING - Found 15 time reversals
2025-04-14 04:58:36,990 - INFO - Fixed 953 duplicate timestamps
2025-04-14 04:58:37,011 - WARNING - Found 312 time reversals
2025-04-14 04:58:37,016 - INFO - Fixed 3 duplicate timestamps
2025-04-14 04:58:37,073 - INFO - Fixed 953 duplicate timestamps
2025-04-14 04:58:37,093 - WARNING - Found 312 time reversals
2025-04-14 04:58:37,098 - INFO - Fixed 1 duplicate timestamps
2025-04-14 04:58:37,107 - INFO - Fixed 5 duplicate timestamps
2025-04-14 04:58:37,118 - INFO - Fixed 29 duplicate timestamps
2025-04-14 04:58:37,120 - WARNING - Found 6 time reversals
2025-04-14 04:58:37,139 - INFO - Fixed 123 duplicate timestamps
2025-04-14 04:58:37,149 - WARNING - Found 41 time reversals
2025-04-14 04:58:37,173 - INFO - Fixed 369 duplicate timestamps
2025-04-14 04:58:37,181 - WARNING - Found 154 time reversals
2025-04-14 04:58:37,194 - INFO - Fixed 95 duplicate timestamps
2025-04-14 04:58:37,200 - WARNING - Found 28 time reversals
2025-04-14 04:58:37,204 - INFO - Fixed 3 duplicate timestamps
2025-04-14 04:58:37,212 - INFO - Fixed 64 duplicate timestamps
2025-04-14 04:58:37,213 - WARNING - Found 25 time reversals
2025-04-14 04:58:37,221 - INFO - Fixed 68 duplicate timestamps
2025-04-14 04:58:37,224 - WARNING - Found 17 time reversals
2025-04-14 04:58:37,282 - INFO - Fixed 953 duplicate timestamps
2025-04-14 04:58:37,302 - WARNING - Found 312 time reversals
2025-04-14 04:58:37,326 - INFO - Fixed 349 duplicate timestamps
2025-04-14 04:58:37,333 - WARNING - Found 148 time reversals
2025-04-14 04:58:37,342 - INFO - Fixed 55 duplicate timestamps
2025-04-14 04:58:37,372 - INFO - Fixed 443 duplicate timestamps
2025-04-14 04:58:37,381 - WARNING - Found 134 time reversals
2025-04-14 04:58:37,436 - INFO - Fixed 953 duplicate timestamps
2025-04-14 04:58:37,456 - WARNING - Found 312 time reversals
2025-04-14 04:58:37,489 - INFO - Fixed 468 duplicate timestamps
2025-04-14 04:58:37,500 - WARNING - Found 154 time reversals
2025-04-14 04:58:37,555 - INFO - Fixed 953 duplicate timestamps
2025-04-14 04:58:37,575 - WARNING - Found 312 time reversals
2025-04-14 04:58:37,588 - INFO - Fixed 75 duplicate timestamps
2025-04-14 04:58:37,593 - WARNING - Found 27 time reversals
2025-04-14 04:58:37,600 - INFO - Fixed 59 duplicate timestamps
2025-04-14 04:58:37,602 - WARNING - Found 22 time reversals
2025-04-14 04:58:37,656 - INFO - Fixed 953 duplicate timestamps
2025-04-14 04:58:37,676 - WARNING - Found 312 time reversals
2025-04-14 04:58:37,702 - INFO - Fixed 365 duplicate timestamps
2025-04-14 04:58:37,710 - WARNING - Found 169 time reversals
2025-04-14 04:58:37,712 - INFO - Dataset Statistics for subjects [38, 46]:
2025-04-14 04:58:37,712 - INFO - Total files: 703
2025-04-14 04:58:37,712 - INFO - Successfully processed: 593 (84.4%)
2025-04-14 04:58:37,712 - INFO - Errors: 110
2025-04-14 04:58:37,712 - INFO - Falls: 141 samples
2025-04-14 04:58:37,712 - INFO - Non-falls: 1801 samples
2025-04-14 04:58:37,712 - INFO - Activities distribution:
2025-04-14 04:58:37,712 - INFO -   Activity 1 (ADL): 38 files
2025-04-14 04:58:37,712 - INFO -   Activity 2 (ADL): 50 files
2025-04-14 04:58:37,712 - INFO -   Activity 3 (ADL): 60 files
2025-04-14 04:58:37,712 - INFO -   Activity 4 (ADL): 10 files
2025-04-14 04:58:37,712 - INFO -   Activity 5 (ADL): 56 files
2025-04-14 04:58:37,712 - INFO -   Activity 6 (ADL): 49 files
2025-04-14 04:58:37,712 - INFO -   Activity 7 (ADL): 49 files
2025-04-14 04:58:37,712 - INFO -   Activity 8 (ADL): 55 files
2025-04-14 04:58:37,712 - INFO -   Activity 9 (ADL): 53 files
2025-04-14 04:58:37,712 - INFO -   Activity 10 (Fall): 59 files
2025-04-14 04:58:37,712 - INFO -   Activity 11 (Fall): 54 files
2025-04-14 04:58:37,712 - INFO -   Activity 12 (Fall): 59 files
2025-04-14 04:58:37,712 - INFO -   Activity 13 (Fall): 56 files
2025-04-14 04:58:37,712 - INFO -   Activity 14 (Fall): 55 files
2025-04-14 04:58:39,506 - INFO - Fixed 9 duplicate timestamps
2025-04-14 04:58:39,510 - WARNING - Found 2 time reversals
2025-04-14 04:58:39,517 - INFO - Fixed 68 duplicate timestamps
2025-04-14 04:58:39,528 - INFO - Fixed 2 duplicate timestamps
2025-04-14 04:58:39,540 - INFO - Fixed 64 duplicate timestamps
2025-04-14 04:58:39,542 - WARNING - Found 12 time reversals
2025-04-14 04:58:39,547 - INFO - Fixed 7 duplicate timestamps
2025-04-14 04:58:39,549 - WARNING - Found 1 time reversals
2025-04-14 04:58:39,557 - INFO - Fixed 37 duplicate timestamps
2025-04-14 04:58:39,560 - WARNING - Found 9 time reversals
2025-04-14 04:58:39,568 - INFO - Fixed 85 duplicate timestamps
2025-04-14 04:58:39,571 - WARNING - Found 26 time reversals
2025-04-14 04:58:39,584 - INFO - Fixed 53 duplicate timestamps
2025-04-14 04:58:39,588 - WARNING - Found 15 time reversals
2025-04-14 04:58:39,593 - INFO - Fixed 3 duplicate timestamps
2025-04-14 04:58:39,603 - INFO - Fixed 14 duplicate timestamps
2025-04-14 04:58:39,611 - INFO - Fixed 13 duplicate timestamps
2025-04-14 04:58:39,622 - INFO - Fixed 52 duplicate timestamps
2025-04-14 04:58:39,626 - WARNING - Found 13 time reversals
2025-04-14 04:58:39,634 - INFO - Fixed 73 duplicate timestamps
2025-04-14 04:58:39,642 - INFO - Fixed 3 duplicate timestamps
2025-04-14 04:58:39,649 - INFO - Fixed 1 duplicate timestamps
2025-04-14 04:58:39,663 - INFO - Fixed 3 duplicate timestamps
2025-04-14 04:58:39,672 - INFO - Fixed 62 duplicate timestamps
2025-04-14 04:58:39,674 - WARNING - Found 22 time reversals
2025-04-14 04:58:39,680 - INFO - Fixed 6 duplicate timestamps
2025-04-14 04:58:39,692 - INFO - Fixed 54 duplicate timestamps
2025-04-14 04:58:39,694 - WARNING - Found 13 time reversals
2025-04-14 04:58:39,700 - INFO - Fixed 9 duplicate timestamps
2025-04-14 04:58:39,711 - INFO - Fixed 2 duplicate timestamps
2025-04-14 04:58:39,718 - INFO - Fixed 1 duplicate timestamps
2025-04-14 04:58:39,730 - INFO - Fixed 41 duplicate timestamps
2025-04-14 04:58:39,732 - WARNING - Found 11 time reversals
2025-04-14 04:58:39,737 - INFO - Fixed 2 duplicate timestamps
2025-04-14 04:58:39,747 - INFO - Fixed 62 duplicate timestamps
2025-04-14 04:58:39,750 - WARNING - Found 16 time reversals
2025-04-14 04:58:39,760 - INFO - Fixed 105 duplicate timestamps
2025-04-14 04:58:39,763 - WARNING - Found 27 time reversals
2025-04-14 04:58:39,767 - INFO - Fixed 8 duplicate timestamps
2025-04-14 04:58:39,769 - WARNING - Found 1 time reversals
2025-04-14 04:58:39,774 - INFO - Fixed 9 duplicate timestamps
2025-04-14 04:58:39,776 - WARNING - Found 1 time reversals
2025-04-14 04:58:39,780 - INFO - Fixed 1 duplicate timestamps
2025-04-14 04:58:39,787 - INFO - Fixed 18 duplicate timestamps
2025-04-14 04:58:39,790 - WARNING - Found 3 time reversals
2025-04-14 04:58:39,798 - INFO - Fixed 67 duplicate timestamps
2025-04-14 04:58:39,802 - WARNING - Found 17 time reversals
2025-04-14 04:58:39,807 - INFO - Fixed 4 duplicate timestamps
2025-04-14 04:58:39,814 - INFO - Fixed 9 duplicate timestamps
2025-04-14 04:58:39,816 - WARNING - Found 1 time reversals
2025-04-14 04:58:39,821 - INFO - Dataset Statistics for subjects [31]:
2025-04-14 04:58:39,821 - INFO - Total files: 743
2025-04-14 04:58:39,821 - INFO - Successfully processed: 633 (85.2%)
2025-04-14 04:58:39,821 - INFO - Errors: 110
2025-04-14 04:58:39,821 - INFO - Falls: 256 samples
2025-04-14 04:58:39,821 - INFO - Non-falls: 252 samples
2025-04-14 04:58:39,821 - INFO - Activities distribution:
2025-04-14 04:58:39,821 - INFO -   Activity 1 (ADL): 41 files
2025-04-14 04:58:39,821 - INFO -   Activity 2 (ADL): 53 files
2025-04-14 04:58:39,821 - INFO -   Activity 3 (ADL): 65 files
2025-04-14 04:58:39,821 - INFO -   Activity 4 (ADL): 10 files
2025-04-14 04:58:39,821 - INFO -   Activity 5 (ADL): 60 files
2025-04-14 04:58:39,821 - INFO -   Activity 6 (ADL): 52 files
2025-04-14 04:58:39,821 - INFO -   Activity 7 (ADL): 50 files
2025-04-14 04:58:39,821 - INFO -   Activity 8 (ADL): 59 files
2025-04-14 04:58:39,821 - INFO -   Activity 9 (ADL): 57 files
2025-04-14 04:58:39,821 - INFO -   Activity 10 (Fall): 62 files
2025-04-14 04:58:39,821 - INFO -   Activity 11 (Fall): 54 files
2025-04-14 04:58:39,821 - INFO -   Activity 12 (Fall): 64 files
2025-04-14 04:58:39,821 - INFO -   Activity 13 (Fall): 56 files
2025-04-14 04:58:39,821 - INFO -   Activity 14 (Fall): 60 files
2025-04-14 04:58:40,149 - INFO - Data loaded - Train: 5181 samples
2025-04-14 04:58:40,149 - INFO - Val: 1942 samples
2025-04-14 04:58:40,149 - INFO - Test: 508 samples
2025-04-14 04:58:40,149 - INFO - Train class distribution - Non-falls: 3385, Falls: 1796
2025-04-14 04:58:40,149 - INFO - Val class distribution - Non-falls: 1801, Falls: 141
2025-04-14 04:58:40,149 - INFO - Test class distribution - Non-falls: 252, Falls: 256
/home/sww35/.local/lib/python3.9/site-packages/torch/optim/lr_scheduler.py:62: UserWarning: The verbose parameter is deprecated. Please use get_last_lr() to access the learning rate.
  warnings.warn(
  0%|                                                   | 0/162 [00:00<?, ?it/s] 12%|████▊                                    | 19/162 [00:00<00:00, 184.11it/s] 24%|█████████▊                               | 39/162 [00:00<00:00, 187.68it/s] 36%|██████████████▉                          | 59/162 [00:00<00:00, 188.84it/s] 49%|███████████████████▉                     | 79/162 [00:00<00:00, 189.48it/s] 61%|█████████████████████████                | 99/162 [00:00<00:00, 189.88it/s] 73%|█████████████████████████████▍          | 119/162 [00:00<00:00, 190.17it/s] 86%|██████████████████████████████████▎     | 139/162 [00:00<00:00, 190.20it/s] 98%|███████████████████████████████████████▎| 159/162 [00:00<00:00, 190.30it/s]100%|████████████████████████████████████████| 162/162 [00:00<00:00, 189.55it/s]
2025-04-14 04:58:41,010 - INFO - Epoch 0: Training Loss: 0.0354, Acc: 58.21%, F1: 48.95%, Precision: 42.45%, Recall: 57.80%, AUC: 58.11%
2025-04-14 04:58:41,010 - INFO - Time consumption: [Data]25%, [Network]73%
2025-04-14 04:58:41,010 - INFO - Eval epoch: 0
  0%|                                                    | 0/61 [00:00<?, ?it/s] 66%|███████████████████████████▌              | 40/61 [00:00<00:00, 396.47it/s]100%|██████████████████████████████████████████| 61/61 [00:00<00:00, 397.36it/s]
2025-04-14 04:58:41,169 - INFO - Val Loss: 0.0291, Acc: 50.41%, F1: 12.22%, Precision: 7.01%, Recall: 47.52%, AUC: 49.08%
2025-04-14 04:58:41,246 - INFO - Weights Saved: F1 improved to 12.22%
  0%|                                                   | 0/162 [00:00<?, ?it/s] 12%|████▊                                    | 19/162 [00:00<00:00, 184.21it/s] 23%|█████████▌                               | 38/162 [00:00<00:00, 187.42it/s] 35%|██████████████▍                          | 57/162 [00:00<00:00, 188.51it/s] 47%|███████████████████▏                     | 76/162 [00:00<00:00, 189.05it/s] 59%|████████████████████████▎                | 96/162 [00:00<00:00, 189.47it/s] 71%|████████████████████████████▍           | 115/162 [00:00<00:00, 189.58it/s] 83%|█████████████████████████████████▎      | 135/162 [00:00<00:00, 189.74it/s] 96%|██████████████████████████████████████▎ | 155/162 [00:00<00:00, 189.83it/s]100%|████████████████████████████████████████| 162/162 [00:00<00:00, 189.16it/s]
2025-04-14 04:58:42,108 - INFO - Epoch 1: Training Loss: 0.0263, Acc: 64.72%, F1: 55.80%, Precision: 49.32%, Recall: 64.25%, AUC: 64.61%
2025-04-14 04:58:42,108 - INFO - Time consumption: [Data]25%, [Network]73%
2025-04-14 04:58:42,108 - INFO - Eval epoch: 1
  0%|                                                    | 0/61 [00:00<?, ?it/s] 66%|███████████████████████████▌              | 40/61 [00:00<00:00, 395.89it/s]100%|██████████████████████████████████████████| 61/61 [00:00<00:00, 396.67it/s]
2025-04-14 04:58:42,267 - INFO - Val Loss: 0.0228, Acc: 62.26%, F1: 16.80%, Precision: 10.00%, Recall: 52.48%, AUC: 57.75%
2025-04-14 04:58:42,275 - INFO - Weights Saved: F1 improved to 16.80%
  0%|                                                   | 0/162 [00:00<?, ?it/s] 12%|████▊                                    | 19/162 [00:00<00:00, 187.93it/s] 23%|█████████▌                               | 38/162 [00:00<00:00, 189.04it/s] 36%|██████████████▋                          | 58/162 [00:00<00:00, 189.52it/s] 48%|███████████████████▋                     | 78/162 [00:00<00:00, 189.71it/s] 60%|████████████████████████▊                | 98/162 [00:00<00:00, 189.84it/s] 72%|████████████████████████████▉           | 117/162 [00:00<00:00, 189.57it/s] 84%|█████████████████████████████████▌      | 136/162 [00:00<00:00, 189.40it/s] 96%|██████████████████████████████████████▎ | 155/162 [00:00<00:00, 189.53it/s]100%|████████████████████████████████████████| 162/162 [00:00<00:00, 189.40it/s]
2025-04-14 04:58:43,138 - INFO - Epoch 2: Training Loss: 0.0232, Acc: 70.74%, F1: 62.49%, Precision: 56.23%, Recall: 70.32%, AUC: 70.64%
2025-04-14 04:58:43,138 - INFO - Time consumption: [Data]25%, [Network]73%
2025-04-14 04:58:43,138 - INFO - Eval epoch: 2
  0%|                                                    | 0/61 [00:00<?, ?it/s] 66%|███████████████████████████▌              | 40/61 [00:00<00:00, 395.37it/s]100%|██████████████████████████████████████████| 61/61 [00:00<00:00, 395.12it/s]
2025-04-14 04:58:43,298 - INFO - Val Loss: 0.0190, Acc: 70.49%, F1: 19.41%, Precision: 12.11%, Recall: 48.94%, AUC: 60.56%
2025-04-14 04:58:43,305 - INFO - Weights Saved: F1 improved to 19.41%
  0%|                                                   | 0/162 [00:00<?, ?it/s] 12%|████▊                                    | 19/162 [00:00<00:00, 187.75it/s] 23%|█████████▌                               | 38/162 [00:00<00:00, 188.95it/s] 35%|██████████████▍                          | 57/162 [00:00<00:00, 189.24it/s] 47%|███████████████████▏                     | 76/162 [00:00<00:00, 189.42it/s] 59%|████████████████████████▎                | 96/162 [00:00<00:00, 189.69it/s] 71%|████████████████████████████▍           | 115/162 [00:00<00:00, 189.65it/s] 83%|█████████████████████████████████▎      | 135/162 [00:00<00:00, 189.80it/s] 96%|██████████████████████████████████████▎ | 155/162 [00:00<00:00, 189.90it/s]100%|████████████████████████████████████████| 162/162 [00:00<00:00, 189.54it/s]
2025-04-14 04:58:44,168 - INFO - Epoch 3: Training Loss: 0.0218, Acc: 73.38%, F1: 64.79%, Precision: 59.83%, Recall: 70.66%, AUC: 72.74%
2025-04-14 04:58:44,168 - INFO - Time consumption: [Data]25%, [Network]73%
2025-04-14 04:58:44,168 - INFO - Eval epoch: 3
  0%|                                                    | 0/61 [00:00<?, ?it/s] 66%|███████████████████████████▌              | 40/61 [00:00<00:00, 396.13it/s]100%|██████████████████████████████████████████| 61/61 [00:00<00:00, 397.47it/s]
2025-04-14 04:58:44,327 - INFO - Val Loss: 0.0194, Acc: 75.85%, F1: 26.37%, Precision: 16.94%, Recall: 59.57%, AUC: 68.35%
2025-04-14 04:58:44,334 - INFO - Weights Saved: F1 improved to 26.37%
  0%|                                                   | 0/162 [00:00<?, ?it/s] 12%|████▊                                    | 19/162 [00:00<00:00, 187.82it/s] 23%|█████████▌                               | 38/162 [00:00<00:00, 188.94it/s] 35%|██████████████▍                          | 57/162 [00:00<00:00, 189.22it/s] 47%|███████████████████▏                     | 76/162 [00:00<00:00, 189.34it/s] 59%|████████████████████████                 | 95/162 [00:00<00:00, 189.02it/s] 70%|████████████████████████████▏           | 114/162 [00:00<00:00, 188.43it/s] 82%|████████████████████████████████▊       | 133/162 [00:00<00:00, 188.80it/s] 94%|█████████████████████████████████████▌  | 152/162 [00:00<00:00, 189.04it/s]100%|████████████████████████████████████████| 162/162 [00:00<00:00, 188.90it/s]
2025-04-14 04:58:45,199 - INFO - Epoch 4: Training Loss: 0.0212, Acc: 74.79%, F1: 66.17%, Precision: 61.87%, Recall: 71.10%, AUC: 73.93%
2025-04-14 04:58:45,199 - INFO - Time consumption: [Data]25%, [Network]73%
2025-04-14 04:58:45,199 - INFO - Eval epoch: 4
  0%|                                                    | 0/61 [00:00<?, ?it/s] 66%|███████████████████████████▌              | 40/61 [00:00<00:00, 397.37it/s]100%|██████████████████████████████████████████| 61/61 [00:00<00:00, 397.97it/s]
2025-04-14 04:58:45,358 - INFO - Val Loss: 0.0213, Acc: 70.03%, F1: 12.87%, Precision: 8.16%, Recall: 30.50%, AUC: 51.81%
  0%|                                                   | 0/162 [00:00<?, ?it/s] 12%|████▊                                    | 19/162 [00:00<00:00, 187.70it/s] 23%|█████████▌                               | 38/162 [00:00<00:00, 188.94it/s] 35%|██████████████▍                          | 57/162 [00:00<00:00, 189.39it/s] 47%|███████████████████▏                     | 76/162 [00:00<00:00, 189.55it/s] 59%|████████████████████████                 | 95/162 [00:00<00:00, 189.68it/s] 70%|████████████████████████████▏           | 114/162 [00:00<00:00, 189.35it/s] 82%|████████████████████████████████▊       | 133/162 [00:00<00:00, 189.24it/s] 94%|█████████████████████████████████████▌  | 152/162 [00:00<00:00, 189.26it/s]100%|████████████████████████████████████████| 162/162 [00:00<00:00, 189.20it/s]
2025-04-14 04:58:46,219 - INFO - Epoch 5: Training Loss: 0.0206, Acc: 75.74%, F1: 67.91%, Precision: 62.71%, Recall: 74.05%, AUC: 75.34%
2025-04-14 04:58:46,220 - INFO - Time consumption: [Data]25%, [Network]73%
2025-04-14 04:58:46,220 - INFO - Eval epoch: 5
  0%|                                                    | 0/61 [00:00<?, ?it/s] 66%|███████████████████████████▌              | 40/61 [00:00<00:00, 394.57it/s]100%|██████████████████████████████████████████| 61/61 [00:00<00:00, 395.62it/s]
2025-04-14 04:58:46,379 - INFO - Val Loss: 0.0210, Acc: 72.50%, F1: 17.85%, Precision: 11.39%, Recall: 41.13%, AUC: 58.05%
  0%|                                                   | 0/162 [00:00<?, ?it/s] 12%|████▊                                    | 19/162 [00:00<00:00, 188.07it/s] 23%|█████████▌                               | 38/162 [00:00<00:00, 189.06it/s] 35%|██████████████▍                          | 57/162 [00:00<00:00, 189.44it/s] 47%|███████████████████▏                     | 76/162 [00:00<00:00, 189.62it/s] 59%|████████████████████████                 | 95/162 [00:00<00:00, 189.52it/s] 70%|████████████████████████████▏           | 114/162 [00:00<00:00, 189.66it/s] 82%|████████████████████████████████▊       | 133/162 [00:00<00:00, 189.65it/s] 94%|█████████████████████████████████████▌  | 152/162 [00:00<00:00, 189.66it/s]100%|████████████████████████████████████████| 162/162 [00:00<00:00, 189.49it/s]
2025-04-14 04:58:47,240 - INFO - Epoch 6: Training Loss: 0.0201, Acc: 77.19%, F1: 69.07%, Precision: 65.15%, Recall: 73.50%, AUC: 76.32%
2025-04-14 04:58:47,240 - INFO - Time consumption: [Data]25%, [Network]73%
2025-04-14 04:58:47,240 - INFO - Eval epoch: 6
  0%|                                                    | 0/61 [00:00<?, ?it/s] 66%|███████████████████████████▌              | 40/61 [00:00<00:00, 397.26it/s]100%|██████████████████████████████████████████| 61/61 [00:00<00:00, 398.16it/s]
2025-04-14 04:58:47,399 - INFO - Val Loss: 0.0242, Acc: 63.59%, F1: 19.38%, Precision: 11.55%, Recall: 60.28%, AUC: 62.07%
  0%|                                                   | 0/162 [00:00<?, ?it/s] 12%|████▊                                    | 19/162 [00:00<00:00, 188.04it/s] 23%|█████████▌                               | 38/162 [00:00<00:00, 189.01it/s] 35%|██████████████▍                          | 57/162 [00:00<00:00, 189.35it/s] 48%|███████████████████▍                     | 77/162 [00:00<00:00, 189.65it/s] 59%|████████████████████████▎                | 96/162 [00:00<00:00, 189.48it/s] 71%|████████████████████████████▍           | 115/162 [00:00<00:00, 189.60it/s] 83%|█████████████████████████████████       | 134/162 [00:00<00:00, 189.71it/s] 94%|█████████████████████████████████████▊  | 153/162 [00:00<00:00, 189.75it/s]100%|████████████████████████████████████████| 162/162 [00:00<00:00, 189.51it/s]
2025-04-14 04:58:48,261 - INFO - Epoch 7: Training Loss: 0.0196, Acc: 77.57%, F1: 70.14%, Precision: 65.12%, Recall: 76.00%, AUC: 77.20%
2025-04-14 04:58:48,261 - INFO - Time consumption: [Data]25%, [Network]73%
2025-04-14 04:58:48,261 - INFO - Eval epoch: 7
  0%|                                                    | 0/61 [00:00<?, ?it/s] 66%|███████████████████████████▌              | 40/61 [00:00<00:00, 396.95it/s]100%|██████████████████████████████████████████| 61/61 [00:00<00:00, 397.84it/s]
2025-04-14 04:58:48,420 - INFO - Val Loss: 0.0246, Acc: 58.86%, F1: 21.59%, Precision: 12.53%, Recall: 78.01%, AUC: 67.69%
  0%|                                                   | 0/162 [00:00<?, ?it/s] 12%|████▊                                    | 19/162 [00:00<00:00, 187.95it/s] 23%|█████████▌                               | 38/162 [00:00<00:00, 188.88it/s] 35%|██████████████▍                          | 57/162 [00:00<00:00, 189.23it/s] 47%|███████████████████▏                     | 76/162 [00:00<00:00, 189.37it/s] 59%|████████████████████████                 | 95/162 [00:00<00:00, 189.39it/s] 70%|████████████████████████████▏           | 114/162 [00:00<00:00, 189.53it/s] 82%|████████████████████████████████▊       | 133/162 [00:00<00:00, 189.60it/s] 94%|█████████████████████████████████████▌  | 152/162 [00:00<00:00, 189.65it/s]100%|████████████████████████████████████████| 162/162 [00:00<00:00, 189.38it/s]
2025-04-14 04:58:49,285 - INFO - Epoch 8: Training Loss: 0.0188, Acc: 78.19%, F1: 71.04%, Precision: 65.81%, Recall: 77.17%, AUC: 77.95%
2025-04-14 04:58:49,285 - INFO - Time consumption: [Data]25%, [Network]73%
2025-04-14 04:58:49,285 - INFO - Eval epoch: 8
  0%|                                                    | 0/61 [00:00<?, ?it/s] 66%|███████████████████████████▌              | 40/61 [00:00<00:00, 396.20it/s]100%|██████████████████████████████████████████| 61/61 [00:00<00:00, 397.41it/s]
2025-04-14 04:58:49,444 - INFO - Val Loss: 0.0199, Acc: 75.75%, F1: 27.43%, Precision: 17.52%, Recall: 63.12%, AUC: 69.93%
2025-04-14 04:58:49,452 - INFO - Weights Saved: F1 improved to 27.43%
  0%|                                                   | 0/162 [00:00<?, ?it/s] 12%|████▊                                    | 19/162 [00:00<00:00, 187.64it/s] 23%|█████████▌                               | 38/162 [00:00<00:00, 188.78it/s] 35%|██████████████▍                          | 57/162 [00:00<00:00, 189.19it/s] 47%|███████████████████▏                     | 76/162 [00:00<00:00, 187.95it/s] 59%|████████████████████████                 | 95/162 [00:00<00:00, 188.49it/s] 70%|████████████████████████████▏           | 114/162 [00:00<00:00, 188.88it/s] 82%|████████████████████████████████▊       | 133/162 [00:00<00:00, 189.12it/s] 94%|█████████████████████████████████████▌  | 152/162 [00:00<00:00, 189.36it/s]100%|████████████████████████████████████████| 162/162 [00:00<00:00, 188.92it/s]
2025-04-14 04:58:50,316 - INFO - Epoch 9: Training Loss: 0.0186, Acc: 78.52%, F1: 71.28%, Precision: 66.43%, Recall: 76.89%, AUC: 78.14%
2025-04-14 04:58:50,317 - INFO - Time consumption: [Data]25%, [Network]73%
2025-04-14 04:58:50,317 - INFO - Eval epoch: 9
  0%|                                                    | 0/61 [00:00<?, ?it/s] 66%|███████████████████████████▌              | 40/61 [00:00<00:00, 397.33it/s]100%|██████████████████████████████████████████| 61/61 [00:00<00:00, 398.14it/s]
2025-04-14 04:58:50,475 - INFO - Val Loss: 0.0217, Acc: 66.79%, F1: 22.20%, Precision: 13.37%, Recall: 65.25%, AUC: 66.08%
  0%|                                                   | 0/162 [00:00<?, ?it/s] 12%|████▊                                    | 19/162 [00:00<00:00, 188.01it/s] 23%|█████████▌                               | 38/162 [00:00<00:00, 189.08it/s] 35%|██████████████▍                          | 57/162 [00:00<00:00, 189.41it/s] 47%|███████████████████▏                     | 76/162 [00:00<00:00, 189.50it/s] 59%|████████████████████████                 | 95/162 [00:00<00:00, 189.55it/s] 70%|████████████████████████████▏           | 114/162 [00:00<00:00, 189.64it/s] 82%|████████████████████████████████▊       | 133/162 [00:00<00:00, 189.66it/s] 94%|█████████████████████████████████████▌  | 152/162 [00:00<00:00, 189.35it/s]100%|████████████████████████████████████████| 162/162 [00:00<00:00, 189.33it/s]
2025-04-14 04:58:51,340 - INFO - Epoch 10: Training Loss: 0.0184, Acc: 78.09%, F1: 70.88%, Precision: 65.73%, Recall: 76.89%, AUC: 77.81%
2025-04-14 04:58:51,341 - INFO - Time consumption: [Data]25%, [Network]73%
2025-04-14 04:58:51,341 - INFO - Eval epoch: 10
  0%|                                                    | 0/61 [00:00<?, ?it/s] 66%|███████████████████████████▌              | 40/61 [00:00<00:00, 396.55it/s]100%|██████████████████████████████████████████| 61/61 [00:00<00:00, 397.48it/s]
2025-04-14 04:58:51,499 - INFO - Val Loss: 0.0206, Acc: 72.76%, F1: 19.73%, Precision: 12.55%, Recall: 46.10%, AUC: 60.47%
  0%|                                                   | 0/162 [00:00<?, ?it/s] 12%|████▊                                    | 19/162 [00:00<00:00, 188.19it/s] 23%|█████████▌                               | 38/162 [00:00<00:00, 189.06it/s] 35%|██████████████▍                          | 57/162 [00:00<00:00, 189.33it/s] 47%|███████████████████▏                     | 76/162 [00:00<00:00, 189.31it/s] 59%|████████████████████████▎                | 96/162 [00:00<00:00, 189.64it/s] 72%|████████████████████████████▋           | 116/162 [00:00<00:00, 189.84it/s] 83%|█████████████████████████████████▎      | 135/162 [00:00<00:00, 189.83it/s] 96%|██████████████████████████████████████▎ | 155/162 [00:00<00:00, 189.94it/s]100%|████████████████████████████████████████| 162/162 [00:00<00:00, 189.61it/s]
2025-04-14 04:58:52,359 - INFO - Epoch 11: Training Loss: 0.0178, Acc: 79.58%, F1: 72.66%, Precision: 67.79%, Recall: 78.29%, AUC: 79.28%
2025-04-14 04:58:52,360 - INFO - Time consumption: [Data]25%, [Network]73%
2025-04-14 04:58:52,360 - INFO - Eval epoch: 11
  0%|                                                    | 0/61 [00:00<?, ?it/s] 66%|███████████████████████████▌              | 40/61 [00:00<00:00, 396.77it/s]100%|██████████████████████████████████████████| 61/61 [00:00<00:00, 397.76it/s]
2025-04-14 04:58:52,519 - INFO - Val Loss: 0.0205, Acc: 77.03%, F1: 24.66%, Precision: 16.19%, Recall: 51.77%, AUC: 65.39%
  0%|                                                   | 0/162 [00:00<?, ?it/s] 12%|████▊                                    | 19/162 [00:00<00:00, 188.16it/s] 23%|█████████▌                               | 38/162 [00:00<00:00, 189.09it/s] 36%|██████████████▋                          | 58/162 [00:00<00:00, 189.56it/s] 48%|███████████████████▍                     | 77/162 [00:00<00:00, 189.65it/s] 59%|████████████████████████▎                | 96/162 [00:00<00:00, 189.74it/s] 71%|████████████████████████████▍           | 115/162 [00:00<00:00, 189.80it/s] 83%|█████████████████████████████████       | 134/162 [00:00<00:00, 189.85it/s] 95%|██████████████████████████████████████  | 154/162 [00:00<00:00, 189.90it/s]100%|████████████████████████████████████████| 162/162 [00:00<00:00, 189.65it/s]
2025-04-14 04:58:53,379 - INFO - Epoch 12: Training Loss: 0.0173, Acc: 80.41%, F1: 73.99%, Precision: 68.53%, Recall: 80.40%, AUC: 80.41%
2025-04-14 04:58:53,379 - INFO - Time consumption: [Data]25%, [Network]73%
2025-04-14 04:58:53,379 - INFO - Eval epoch: 12
  0%|                                                    | 0/61 [00:00<?, ?it/s] 66%|███████████████████████████▌              | 40/61 [00:00<00:00, 396.56it/s]100%|██████████████████████████████████████████| 61/61 [00:00<00:00, 397.56it/s]
2025-04-14 04:58:53,537 - INFO - Val Loss: 0.0198, Acc: 71.68%, F1: 21.65%, Precision: 13.55%, Recall: 53.90%, AUC: 63.49%
  0%|                                                   | 0/162 [00:00<?, ?it/s] 12%|████▊                                    | 19/162 [00:00<00:00, 188.34it/s] 24%|█████████▊                               | 39/162 [00:00<00:00, 189.33it/s] 36%|██████████████▋                          | 58/162 [00:00<00:00, 189.54it/s] 48%|███████████████████▋                     | 78/162 [00:00<00:00, 189.80it/s] 60%|████████████████████████▌                | 97/162 [00:00<00:00, 189.83it/s] 72%|████████████████████████████▉           | 117/162 [00:00<00:00, 189.90it/s] 85%|█████████████████████████████████▊      | 137/162 [00:00<00:00, 189.95it/s] 97%|██████████████████████████████████████▊ | 157/162 [00:00<00:00, 190.00it/s]100%|████████████████████████████████████████| 162/162 [00:00<00:00, 189.74it/s]
2025-04-14 04:58:54,397 - INFO - Epoch 13: Training Loss: 0.0172, Acc: 80.37%, F1: 73.67%, Precision: 68.84%, Recall: 79.23%, AUC: 80.10%
2025-04-14 04:58:54,397 - INFO - Time consumption: [Data]25%, [Network]73%
2025-04-14 04:58:54,397 - INFO - Eval epoch: 13
  0%|                                                    | 0/61 [00:00<?, ?it/s] 66%|███████████████████████████▌              | 40/61 [00:00<00:00, 396.62it/s]100%|██████████████████████████████████████████| 61/61 [00:00<00:00, 397.22it/s]
2025-04-14 04:58:54,556 - INFO - Val Loss: 0.0201, Acc: 74.05%, F1: 21.74%, Precision: 13.92%, Recall: 49.65%, AUC: 62.80%
  0%|                                                   | 0/162 [00:00<?, ?it/s] 12%|████▊                                    | 19/162 [00:00<00:00, 188.01it/s] 23%|█████████▌                               | 38/162 [00:00<00:00, 189.13it/s] 35%|██████████████▍                          | 57/162 [00:00<00:00, 185.52it/s] 47%|███████████████████▏                     | 76/162 [00:00<00:00, 186.85it/s] 59%|████████████████████████                 | 95/162 [00:00<00:00, 187.69it/s] 70%|████████████████████████████▏           | 114/162 [00:00<00:00, 188.17it/s] 82%|████████████████████████████████▊       | 133/162 [00:00<00:00, 188.55it/s] 94%|█████████████████████████████████████▌  | 152/162 [00:00<00:00, 188.75it/s]100%|████████████████████████████████████████| 162/162 [00:00<00:00, 188.09it/s]
2025-04-14 04:58:55,424 - INFO - Epoch 14: Training Loss: 0.0170, Acc: 80.10%, F1: 73.46%, Precision: 68.31%, Recall: 79.45%, AUC: 79.95%
2025-04-14 04:58:55,424 - INFO - Time consumption: [Data]25%, [Network]73%
2025-04-14 04:58:55,424 - INFO - Eval epoch: 14
  0%|                                                    | 0/61 [00:00<?, ?it/s] 66%|███████████████████████████▌              | 40/61 [00:00<00:00, 394.85it/s]100%|██████████████████████████████████████████| 61/61 [00:00<00:00, 395.48it/s]
2025-04-14 04:58:55,584 - INFO - Val Loss: 0.0196, Acc: 80.28%, F1: 26.77%, Precision: 18.32%, Recall: 49.65%, AUC: 66.16%
  0%|                                                   | 0/162 [00:00<?, ?it/s] 12%|████▊                                    | 19/162 [00:00<00:00, 188.03it/s] 23%|█████████▌                               | 38/162 [00:00<00:00, 189.03it/s] 35%|██████████████▍                          | 57/162 [00:00<00:00, 189.43it/s] 47%|███████████████████▏                     | 76/162 [00:00<00:00, 189.55it/s] 59%|████████████████████████                 | 95/162 [00:00<00:00, 189.69it/s] 70%|████████████████████████████▏           | 114/162 [00:00<00:00, 189.73it/s] 82%|████████████████████████████████▊       | 133/162 [00:00<00:00, 189.50it/s] 94%|█████████████████████████████████████▊  | 153/162 [00:00<00:00, 189.65it/s]100%|████████████████████████████████████████| 162/162 [00:00<00:00, 189.47it/s]
2025-04-14 04:58:56,444 - INFO - Epoch 15: Training Loss: 0.0167, Acc: 80.85%, F1: 74.62%, Precision: 69.03%, Recall: 81.18%, AUC: 80.93%
2025-04-14 04:58:56,445 - INFO - Time consumption: [Data]25%, [Network]73%
2025-04-14 04:58:56,445 - INFO - Eval epoch: 15
  0%|                                                    | 0/61 [00:00<?, ?it/s] 66%|███████████████████████████▌              | 40/61 [00:00<00:00, 397.46it/s]100%|██████████████████████████████████████████| 61/61 [00:00<00:00, 398.09it/s]
2025-04-14 04:58:56,603 - INFO - Val Loss: 0.0193, Acc: 73.69%, F1: 25.62%, Precision: 16.12%, Recall: 62.41%, AUC: 68.49%
  0%|                                                   | 0/162 [00:00<?, ?it/s] 12%|████▊                                    | 19/162 [00:00<00:00, 188.07it/s] 23%|█████████▌                               | 38/162 [00:00<00:00, 189.01it/s] 35%|██████████████▍                          | 57/162 [00:00<00:00, 189.25it/s] 47%|███████████████████▏                     | 76/162 [00:00<00:00, 189.45it/s] 59%|████████████████████████                 | 95/162 [00:00<00:00, 189.54it/s] 70%|████████████████████████████▏           | 114/162 [00:00<00:00, 189.69it/s] 83%|█████████████████████████████████       | 134/162 [00:00<00:00, 189.80it/s] 94%|█████████████████████████████████████▊  | 153/162 [00:00<00:00, 189.80it/s]100%|████████████████████████████████████████| 162/162 [00:00<00:00, 189.52it/s]
2025-04-14 04:58:57,463 - INFO - Epoch 16: Training Loss: 0.0168, Acc: 80.41%, F1: 73.97%, Precision: 68.57%, Recall: 80.29%, AUC: 80.38%
2025-04-14 04:58:57,464 - INFO - Time consumption: [Data]25%, [Network]73%
2025-04-14 04:58:57,464 - INFO - Eval epoch: 16
  0%|                                                    | 0/61 [00:00<?, ?it/s] 66%|███████████████████████████▌              | 40/61 [00:00<00:00, 397.16it/s]100%|██████████████████████████████████████████| 61/61 [00:00<00:00, 398.01it/s]
2025-04-14 04:58:57,622 - INFO - Val Loss: 0.0176, Acc: 77.09%, F1: 24.96%, Precision: 16.37%, Recall: 52.48%, AUC: 65.75%
  0%|                                                   | 0/162 [00:00<?, ?it/s] 12%|████▊                                    | 19/162 [00:00<00:00, 188.14it/s] 23%|█████████▌                               | 38/162 [00:00<00:00, 188.87it/s] 35%|██████████████▍                          | 57/162 [00:00<00:00, 189.30it/s] 47%|███████████████████▏                     | 76/162 [00:00<00:00, 189.45it/s] 59%|████████████████████████                 | 95/162 [00:00<00:00, 189.53it/s] 70%|████████████████████████████▏           | 114/162 [00:00<00:00, 189.62it/s] 82%|████████████████████████████████▊       | 133/162 [00:00<00:00, 189.68it/s] 94%|█████████████████████████████████████▌  | 152/162 [00:00<00:00, 189.72it/s]100%|████████████████████████████████████████| 162/162 [00:00<00:00, 189.48it/s]
2025-04-14 04:58:58,483 - INFO - Epoch 17: Training Loss: 0.0166, Acc: 81.22%, F1: 74.47%, Precision: 70.42%, Recall: 79.01%, AUC: 80.70%
2025-04-14 04:58:58,483 - INFO - Time consumption: [Data]25%, [Network]73%
2025-04-14 04:58:58,483 - INFO - Eval epoch: 17
  0%|                                                    | 0/61 [00:00<?, ?it/s] 66%|███████████████████████████▌              | 40/61 [00:00<00:00, 394.65it/s]100%|██████████████████████████████████████████| 61/61 [00:00<00:00, 396.49it/s]
2025-04-14 04:58:58,642 - INFO - Val Loss: 0.0227, Acc: 66.94%, F1: 20.74%, Precision: 12.56%, Recall: 59.57%, AUC: 63.55%
  0%|                                                   | 0/162 [00:00<?, ?it/s] 12%|████▊                                    | 19/162 [00:00<00:00, 187.70it/s] 23%|█████████▌                               | 38/162 [00:00<00:00, 188.82it/s] 35%|██████████████▍                          | 57/162 [00:00<00:00, 189.22it/s] 47%|███████████████████▏                     | 76/162 [00:00<00:00, 187.99it/s] 59%|████████████████████████                 | 95/162 [00:00<00:00, 188.63it/s] 71%|████████████████████████████▍           | 115/162 [00:00<00:00, 189.11it/s] 83%|█████████████████████████████████▎      | 135/162 [00:00<00:00, 189.41it/s] 95%|██████████████████████████████████████  | 154/162 [00:00<00:00, 189.54it/s]100%|████████████████████████████████████████| 162/162 [00:00<00:00, 189.07it/s]
2025-04-14 04:58:59,506 - INFO - Epoch 18: Training Loss: 0.0162, Acc: 80.87%, F1: 74.32%, Precision: 69.51%, Recall: 79.84%, AUC: 80.63%
2025-04-14 04:58:59,506 - INFO - Time consumption: [Data]25%, [Network]73%
2025-04-14 04:58:59,506 - INFO - Eval epoch: 18
  0%|                                                    | 0/61 [00:00<?, ?it/s] 66%|███████████████████████████▌              | 40/61 [00:00<00:00, 397.04it/s]100%|██████████████████████████████████████████| 61/61 [00:00<00:00, 397.48it/s]
2025-04-14 04:58:59,665 - INFO - Val Loss: 0.0192, Acc: 75.49%, F1: 22.48%, Precision: 14.59%, Recall: 48.94%, AUC: 63.25%
  0%|                                                   | 0/162 [00:00<?, ?it/s] 12%|████▊                                    | 19/162 [00:00<00:00, 187.84it/s] 23%|█████████▌                               | 38/162 [00:00<00:00, 187.25it/s] 35%|██████████████▍                          | 57/162 [00:00<00:00, 188.32it/s] 47%|███████████████████▏                     | 76/162 [00:00<00:00, 188.83it/s] 59%|████████████████████████                 | 95/162 [00:00<00:00, 189.15it/s] 70%|████████████████████████████▏           | 114/162 [00:00<00:00, 189.38it/s] 83%|█████████████████████████████████       | 134/162 [00:00<00:00, 189.64it/s] 94%|█████████████████████████████████████▊  | 153/162 [00:00<00:00, 189.69it/s]100%|████████████████████████████████████████| 162/162 [00:00<00:00, 189.16it/s]
2025-04-14 04:59:00,527 - INFO - Epoch 19: Training Loss: 0.0163, Acc: 81.28%, F1: 75.24%, Precision: 69.46%, Recall: 82.07%, AUC: 81.46%
2025-04-14 04:59:00,527 - INFO - Time consumption: [Data]25%, [Network]73%
2025-04-14 04:59:00,527 - INFO - Eval epoch: 19
  0%|                                                    | 0/61 [00:00<?, ?it/s] 66%|███████████████████████████▌              | 40/61 [00:00<00:00, 397.27it/s]100%|██████████████████████████████████████████| 61/61 [00:00<00:00, 398.07it/s]
2025-04-14 04:59:00,686 - INFO - Val Loss: 0.0213, Acc: 72.50%, F1: 20.77%, Precision: 13.13%, Recall: 49.65%, AUC: 61.97%
  0%|                                                   | 0/162 [00:00<?, ?it/s] 12%|████▊                                    | 19/162 [00:00<00:00, 188.24it/s] 24%|█████████▊                               | 39/162 [00:00<00:00, 189.35it/s] 36%|██████████████▋                          | 58/162 [00:00<00:00, 189.55it/s] 48%|███████████████████▍                     | 77/162 [00:00<00:00, 189.66it/s] 59%|████████████████████████▎                | 96/162 [00:00<00:00, 189.75it/s] 71%|████████████████████████████▍           | 115/162 [00:00<00:00, 189.37it/s] 83%|█████████████████████████████████       | 134/162 [00:00<00:00, 189.48it/s] 95%|██████████████████████████████████████  | 154/162 [00:00<00:00, 189.68it/s]100%|████████████████████████████████████████| 162/162 [00:00<00:00, 189.49it/s]
2025-04-14 04:59:01,546 - INFO - Epoch 20: Training Loss: 0.0153, Acc: 82.42%, F1: 76.49%, Precision: 71.28%, Recall: 82.52%, AUC: 82.44%
2025-04-14 04:59:01,546 - INFO - Time consumption: [Data]25%, [Network]73%
2025-04-14 04:59:01,547 - INFO - Eval epoch: 20
  0%|                                                    | 0/61 [00:00<?, ?it/s] 66%|███████████████████████████▌              | 40/61 [00:00<00:00, 397.24it/s]100%|██████████████████████████████████████████| 61/61 [00:00<00:00, 398.30it/s]
2025-04-14 04:59:01,705 - INFO - Val Loss: 0.0250, Acc: 66.27%, F1: 19.63%, Precision: 11.87%, Recall: 56.74%, AUC: 61.88%
  0%|                                                   | 0/162 [00:00<?, ?it/s] 12%|████▊                                    | 19/162 [00:00<00:00, 188.01it/s] 23%|█████████▌                               | 38/162 [00:00<00:00, 188.84it/s] 35%|██████████████▍                          | 57/162 [00:00<00:00, 189.35it/s] 47%|███████████████████▏                     | 76/162 [00:00<00:00, 189.43it/s] 59%|████████████████████████▎                | 96/162 [00:00<00:00, 189.71it/s] 71%|████████████████████████████▍           | 115/162 [00:00<00:00, 189.78it/s] 83%|█████████████████████████████████       | 134/162 [00:00<00:00, 189.80it/s] 94%|█████████████████████████████████████▊  | 153/162 [00:00<00:00, 189.85it/s]100%|████████████████████████████████████████| 162/162 [00:00<00:00, 189.55it/s]
2025-04-14 04:59:02,565 - INFO - Epoch 21: Training Loss: 0.0148, Acc: 83.42%, F1: 77.73%, Precision: 72.73%, Recall: 83.46%, AUC: 83.43%
2025-04-14 04:59:02,565 - INFO - Time consumption: [Data]25%, [Network]73%
2025-04-14 04:59:02,566 - INFO - Eval epoch: 21
  0%|                                                    | 0/61 [00:00<?, ?it/s] 66%|███████████████████████████▌              | 40/61 [00:00<00:00, 396.83it/s]100%|██████████████████████████████████████████| 61/61 [00:00<00:00, 397.54it/s]
2025-04-14 04:59:02,724 - INFO - Val Loss: 0.0207, Acc: 71.88%, F1: 21.78%, Precision: 13.64%, Recall: 53.90%, AUC: 63.60%
  0%|                                                   | 0/162 [00:00<?, ?it/s] 12%|████▊                                    | 19/162 [00:00<00:00, 188.15it/s] 23%|█████████▌                               | 38/162 [00:00<00:00, 189.19it/s] 35%|██████████████▍                          | 57/162 [00:00<00:00, 189.50it/s] 47%|███████████████████▏                     | 76/162 [00:00<00:00, 189.67it/s] 59%|████████████████████████                 | 95/162 [00:00<00:00, 189.69it/s] 71%|████████████████████████████▍           | 115/162 [00:00<00:00, 189.82it/s] 83%|█████████████████████████████████       | 134/162 [00:00<00:00, 189.84it/s] 94%|█████████████████████████████████████▊  | 153/162 [00:00<00:00, 189.85it/s]100%|████████████████████████████████████████| 162/162 [00:00<00:00, 189.62it/s]
2025-04-14 04:59:03,585 - INFO - Epoch 22: Training Loss: 0.0139, Acc: 84.06%, F1: 78.60%, Precision: 73.50%, Recall: 84.47%, AUC: 84.15%
2025-04-14 04:59:03,586 - INFO - Time consumption: [Data]25%, [Network]73%
2025-04-14 04:59:03,586 - INFO - Eval epoch: 22
  0%|                                                    | 0/61 [00:00<?, ?it/s] 66%|███████████████████████████▌              | 40/61 [00:00<00:00, 397.06it/s]100%|██████████████████████████████████████████| 61/61 [00:00<00:00, 397.89it/s]
2025-04-14 04:59:03,744 - INFO - Val Loss: 0.0221, Acc: 69.62%, F1: 20.49%, Precision: 12.65%, Recall: 53.90%, AUC: 62.38%
  0%|                                                   | 0/162 [00:00<?, ?it/s] 12%|████▊                                    | 19/162 [00:00<00:00, 187.94it/s] 24%|█████████▊                               | 39/162 [00:00<00:00, 189.22it/s] 36%|██████████████▋                          | 58/162 [00:00<00:00, 189.48it/s] 48%|███████████████████▍                     | 77/162 [00:00<00:00, 189.64it/s] 59%|████████████████████████▎                | 96/162 [00:00<00:00, 189.75it/s] 71%|████████████████████████████▍           | 115/162 [00:00<00:00, 189.81it/s] 83%|█████████████████████████████████▎      | 135/162 [00:00<00:00, 189.89it/s] 95%|██████████████████████████████████████  | 154/162 [00:00<00:00, 189.89it/s]100%|████████████████████████████████████████| 162/162 [00:00<00:00, 189.64it/s]
2025-04-14 04:59:04,604 - INFO - Epoch 23: Training Loss: 0.0141, Acc: 83.77%, F1: 78.52%, Precision: 72.53%, Recall: 85.58%, AUC: 84.19%
2025-04-14 04:59:04,604 - INFO - Time consumption: [Data]25%, [Network]73%
2025-04-14 04:59:04,604 - INFO - Eval epoch: 23
  0%|                                                    | 0/61 [00:00<?, ?it/s] 66%|███████████████████████████▌              | 40/61 [00:00<00:00, 397.68it/s]100%|██████████████████████████████████████████| 61/61 [00:00<00:00, 398.42it/s]
2025-04-14 04:59:04,763 - INFO - Val Loss: 0.0257, Acc: 66.27%, F1: 21.74%, Precision: 13.07%, Recall: 64.54%, AUC: 65.47%
  0%|                                                   | 0/162 [00:00<?, ?it/s] 12%|████▊                                    | 19/162 [00:00<00:00, 187.68it/s] 23%|█████████▌                               | 38/162 [00:00<00:00, 187.31it/s] 35%|██████████████▍                          | 57/162 [00:00<00:00, 188.42it/s] 47%|███████████████████▏                     | 76/162 [00:00<00:00, 188.99it/s] 59%|████████████████████████                 | 95/162 [00:00<00:00, 189.24it/s] 71%|████████████████████████████▍           | 115/162 [00:00<00:00, 189.54it/s] 83%|█████████████████████████████████       | 134/162 [00:00<00:00, 189.64it/s] 94%|█████████████████████████████████████▊  | 153/162 [00:00<00:00, 189.73it/s]100%|████████████████████████████████████████| 162/162 [00:00<00:00, 189.22it/s]
2025-04-14 04:59:05,626 - INFO - Epoch 24: Training Loss: 0.0137, Acc: 84.12%, F1: 78.95%, Precision: 73.02%, Recall: 85.91%, AUC: 84.54%
2025-04-14 04:59:05,626 - INFO - Time consumption: [Data]25%, [Network]73%
2025-04-14 04:59:05,626 - INFO - Eval epoch: 24
  0%|                                                    | 0/61 [00:00<?, ?it/s] 66%|███████████████████████████▌              | 40/61 [00:00<00:00, 397.34it/s]100%|██████████████████████████████████████████| 61/61 [00:00<00:00, 398.09it/s]
2025-04-14 04:59:05,785 - INFO - Val Loss: 0.0214, Acc: 72.45%, F1: 22.35%, Precision: 14.05%, Recall: 54.61%, AUC: 64.23%
  0%|                                                   | 0/162 [00:00<?, ?it/s] 12%|████▊                                    | 19/162 [00:00<00:00, 188.02it/s] 23%|█████████▌                               | 38/162 [00:00<00:00, 189.07it/s] 35%|██████████████▍                          | 57/162 [00:00<00:00, 189.49it/s] 47%|███████████████████▏                     | 76/162 [00:00<00:00, 189.63it/s] 59%|████████████████████████                 | 95/162 [00:00<00:00, 189.09it/s] 71%|████████████████████████████▍           | 115/162 [00:00<00:00, 189.43it/s] 83%|█████████████████████████████████▎      | 135/162 [00:00<00:00, 189.62it/s] 95%|██████████████████████████████████████  | 154/162 [00:00<00:00, 189.72it/s]100%|████████████████████████████████████████| 162/162 [00:00<00:00, 189.45it/s]
2025-04-14 04:59:06,645 - INFO - Epoch 25: Training Loss: 0.0138, Acc: 84.13%, F1: 78.94%, Precision: 73.10%, Recall: 85.80%, AUC: 84.53%
2025-04-14 04:59:06,646 - INFO - Time consumption: [Data]25%, [Network]73%
2025-04-14 04:59:06,646 - INFO - Eval epoch: 25
  0%|                                                    | 0/61 [00:00<?, ?it/s] 66%|███████████████████████████▌              | 40/61 [00:00<00:00, 397.34it/s]100%|██████████████████████████████████████████| 61/61 [00:00<00:00, 398.04it/s]
2025-04-14 04:59:06,804 - INFO - Val Loss: 0.0230, Acc: 72.91%, F1: 23.10%, Precision: 14.55%, Recall: 56.03%, AUC: 65.13%
  0%|                                                   | 0/162 [00:00<?, ?it/s] 12%|████▊                                    | 19/162 [00:00<00:00, 187.89it/s] 24%|█████████▊                               | 39/162 [00:00<00:00, 189.17it/s] 36%|██████████████▉                          | 59/162 [00:00<00:00, 189.58it/s] 48%|███████████████████▋                     | 78/162 [00:00<00:00, 189.66it/s] 60%|████████████████████████▌                | 97/162 [00:00<00:00, 189.76it/s] 72%|████████████████████████████▉           | 117/162 [00:00<00:00, 189.92it/s] 85%|█████████████████████████████████▊      | 137/162 [00:00<00:00, 189.98it/s] 97%|██████████████████████████████████████▊ | 157/162 [00:00<00:00, 190.02it/s]100%|████████████████████████████████████████| 162/162 [00:00<00:00, 189.70it/s]
2025-04-14 04:59:07,665 - INFO - Epoch 26: Training Loss: 0.0140, Acc: 83.83%, F1: 78.37%, Precision: 73.05%, Recall: 84.52%, AUC: 83.99%
2025-04-14 04:59:07,665 - INFO - Time consumption: [Data]25%, [Network]73%
2025-04-14 04:59:07,665 - INFO - Eval epoch: 26
  0%|                                                    | 0/61 [00:00<?, ?it/s] 66%|███████████████████████████▌              | 40/61 [00:00<00:00, 397.25it/s]100%|██████████████████████████████████████████| 61/61 [00:00<00:00, 397.67it/s]
2025-04-14 04:59:07,824 - INFO - Val Loss: 0.0245, Acc: 66.12%, F1: 19.95%, Precision: 12.04%, Recall: 58.16%, AUC: 62.45%
  0%|                                                   | 0/162 [00:00<?, ?it/s] 12%|████▊                                    | 19/162 [00:00<00:00, 188.11it/s] 24%|█████████▊                               | 39/162 [00:00<00:00, 189.26it/s] 36%|██████████████▋                          | 58/162 [00:00<00:00, 189.49it/s] 48%|███████████████████▍                     | 77/162 [00:00<00:00, 189.60it/s]slurmstepd: error: *** JOB 513256 ON gpu2-002 CANCELLED AT 2025-04-14T04:59:08 ***
