2025-04-14 05:00:52,236 - INFO - # Parameters: 333332
2025-04-14 05:00:52,239 - INFO - Model size: 0.32 MB
2025-04-14 05:00:52,239 - INFO - Parameters: 
{'config': './config/smartfallmm/student.yaml', 'dataset': 'utd', 'batch_size': 32, 'test_batch_size': 8, 'val_batch_size': 8, 'num_epoch': 100, 'start_epoch': 0, 'optimizer': 'Adam', 'base_lr': 0.0005, 'weight_decay': 0.0001, 'model': 'Models.transformer.OptimizedFallDetector', 'device': [0], 'model_args': {'mocap_frames': 128, 'acc_frames': 128, 'num_classes': 1, 'num_heads': 2, 'acc_coords': 4, 'num_layer': 2, 'embed_dim': 64, 'dropout': 0.3, 'activation': 'gelu'}, 'weights': None, 'model_saved_name': 'ttfstudent', 'loss': 'loss.BCE', 'loss_args': '{}', 'dataset_args': {'age_group': ['young'], 'modalities': ['accelerometer'], 'sensors': ['watch'], 'mode': 'sliding_window', 'max_length': 128, 'task': 'fd'}, 'subjects': [29, 30, 31, 33, 45, 46, 34, 37, 39, 38, 43, 35, 36, 44, 34, 32], 'feeder': 'Feeder.Make_Dataset.UTD_mm', 'train_feeder_args': {'batch_size': 32}, 'val_feeder_args': {'batch_size': 32}, 'test_feeder_args': {'batch_size': 32}, 'include_val': True, 'seed': 2, 'log_interval': 10, 'work_dir': 'exps/smartfall_fall_wokd/student/watch_not_distilled_cross_together_2025-04-14_05-00-50', 'print_log': True, 'phase': 'train', 'num_worker': 0, 'result_file': None}

2025-04-14 05:00:52,241 - INFO - ===== Starting fold with test subject 32 =====
2025-04-14 05:00:52,241 - INFO - Train subjects: [45, 36, 29, 39, 30, 31, 33, 34, 35, 37, 43, 44]
2025-04-14 05:00:52,241 - INFO - Val subjects: [38, 46]
2025-04-14 05:00:52,248 - INFO - Model Parameters: 333332
2025-04-14 05:00:52,266 - INFO - Fixed 60 duplicate timestamps
2025-04-14 05:00:52,269 - WARNING - Found 10 time reversals
2025-04-14 05:00:52,277 - INFO - Fixed 4 duplicate timestamps
2025-04-14 05:00:52,285 - INFO - Fixed 9 duplicate timestamps
2025-04-14 05:00:52,287 - WARNING - Found 2 time reversals
2025-04-14 05:00:52,293 - INFO - Fixed 10 duplicate timestamps
/mmfs1/home/sww35/testWatchAcc/LightHART/utils/accelerometer_processor.py:44: UserWarning: Could not infer format, so each element will be parsed individually, falling back to `dateutil`. To ensure parsing is consistent and as-expected, please specify a format.
  timestamps = pd.to_datetime(data.iloc[:, 0], errors='coerce')
2025-04-14 05:00:52,303 - WARNING - Found 1 invalid timestamps at rows [0]...
2025-04-14 05:00:52,304 - ERROR - Error processing /mmfs1/home/sww35/testWatchAcc/LightHART/data/smartfallmm/young/accelerometer/watch/S33A10T04.csv: 0
2025-04-14 05:00:52,304 - ERROR - Error processing /mmfs1/home/sww35/testWatchAcc/LightHART/data/smartfallmm/young/accelerometer/watch/S33A10T04.csv: 0
2025-04-14 05:00:52,309 - INFO - Fixed 22 duplicate timestamps
2025-04-14 05:00:52,314 - INFO - Fixed 1 duplicate timestamps
2025-04-14 05:00:52,321 - INFO - Fixed 10 duplicate timestamps
2025-04-14 05:00:52,324 - WARNING - Found 2 time reversals
2025-04-14 05:00:52,329 - INFO - Fixed 2 duplicate timestamps
2025-04-14 05:00:52,336 - INFO - Fixed 4 duplicate timestamps
2025-04-14 05:00:52,341 - INFO - Fixed 1 duplicate timestamps
2025-04-14 05:00:52,350 - INFO - Fixed 68 duplicate timestamps
2025-04-14 05:00:52,387 - INFO - Fixed 471 duplicate timestamps
2025-04-14 05:00:52,400 - WARNING - Found 164 time reversals
/mmfs1/home/sww35/testWatchAcc/LightHART/utils/accelerometer_processor.py:44: UserWarning: Could not infer format, so each element will be parsed individually, falling back to `dateutil`. To ensure parsing is consistent and as-expected, please specify a format.
  timestamps = pd.to_datetime(data.iloc[:, 0], errors='coerce')
2025-04-14 05:00:52,446 - WARNING - Found 647 invalid timestamps at rows [0 1 2 3 4]...
2025-04-14 05:00:52,447 - ERROR - Error processing /mmfs1/home/sww35/testWatchAcc/LightHART/data/smartfallmm/young/accelerometer/watch/S33A06T08.csv: Insufficient valid data rows after cleaning: 0
2025-04-14 05:00:52,447 - ERROR - Error processing /mmfs1/home/sww35/testWatchAcc/LightHART/data/smartfallmm/young/accelerometer/watch/S33A06T08.csv: Insufficient valid data rows after cleaning: 0
2025-04-14 05:00:52,488 - INFO - Fixed 653 duplicate timestamps
2025-04-14 05:00:52,503 - WARNING - Found 291 time reversals
/mmfs1/home/sww35/testWatchAcc/LightHART/utils/accelerometer_processor.py:44: UserWarning: Could not infer format, so each element will be parsed individually, falling back to `dateutil`. To ensure parsing is consistent and as-expected, please specify a format.
  timestamps = pd.to_datetime(data.iloc[:, 0], errors='coerce')
2025-04-14 05:00:52,506 - WARNING - Found 1 invalid timestamps at rows [0]...
2025-04-14 05:00:52,507 - ERROR - Error processing /mmfs1/home/sww35/testWatchAcc/LightHART/data/smartfallmm/young/accelerometer/watch/S33A10T03.csv: 0
2025-04-14 05:00:52,507 - ERROR - Error processing /mmfs1/home/sww35/testWatchAcc/LightHART/data/smartfallmm/young/accelerometer/watch/S33A10T03.csv: 0
2025-04-14 05:00:52,518 - INFO - Fixed 119 duplicate timestamps
2025-04-14 05:00:52,522 - WARNING - Found 38 time reversals
2025-04-14 05:00:52,530 - INFO - Fixed 72 duplicate timestamps
2025-04-14 05:00:52,531 - WARNING - Found 17 time reversals
2025-04-14 05:00:52,536 - INFO - Fixed 12 duplicate timestamps
2025-04-14 05:00:52,537 - WARNING - Found 1 time reversals
2025-04-14 05:00:52,545 - INFO - Fixed 77 duplicate timestamps
2025-04-14 05:00:52,556 - INFO - Fixed 9 duplicate timestamps
2025-04-14 05:00:52,558 - WARNING - Found 1 time reversals
2025-04-14 05:00:52,592 - INFO - Fixed 496 duplicate timestamps
2025-04-14 05:00:52,604 - WARNING - Found 184 time reversals
2025-04-14 05:00:52,653 - INFO - Fixed 898 duplicate timestamps
2025-04-14 05:00:52,672 - WARNING - Found 346 time reversals
2025-04-14 05:00:52,687 - INFO - Fixed 38 duplicate timestamps
2025-04-14 05:00:52,694 - WARNING - Found 13 time reversals
/mmfs1/home/sww35/testWatchAcc/LightHART/utils/accelerometer_processor.py:44: UserWarning: Could not infer format, so each element will be parsed individually, falling back to `dateutil`. To ensure parsing is consistent and as-expected, please specify a format.
  timestamps = pd.to_datetime(data.iloc[:, 0], errors='coerce')
2025-04-14 05:00:52,726 - WARNING - Found 355 invalid timestamps at rows [0 1 2 3 4]...
2025-04-14 05:00:52,726 - ERROR - Error processing /mmfs1/home/sww35/testWatchAcc/LightHART/data/smartfallmm/young/accelerometer/watch/S33A01T05.csv: Insufficient valid data rows after cleaning: 0
2025-04-14 05:00:52,726 - ERROR - Error processing /mmfs1/home/sww35/testWatchAcc/LightHART/data/smartfallmm/young/accelerometer/watch/S33A01T05.csv: Insufficient valid data rows after cleaning: 0
2025-04-14 05:00:52,738 - INFO - Fixed 68 duplicate timestamps
2025-04-14 05:00:52,744 - WARNING - Found 28 time reversals
2025-04-14 05:00:52,753 - INFO - Fixed 46 duplicate timestamps
2025-04-14 05:00:52,762 - INFO - Fixed 33 duplicate timestamps
2025-04-14 05:00:52,771 - INFO - Fixed 35 duplicate timestamps
2025-04-14 05:00:52,778 - INFO - Fixed 1 duplicate timestamps
2025-04-14 05:00:52,794 - INFO - Fixed 86 duplicate timestamps
2025-04-14 05:00:52,800 - WARNING - Found 32 time reversals
2025-04-14 05:00:52,831 - INFO - Fixed 403 duplicate timestamps
2025-04-14 05:00:52,840 - WARNING - Found 153 time reversals
2025-04-14 05:00:52,845 - INFO - Fixed 3 duplicate timestamps
2025-04-14 05:00:52,853 - INFO - Fixed 61 duplicate timestamps
2025-04-14 05:00:52,855 - WARNING - Found 16 time reversals
2025-04-14 05:00:52,859 - INFO - Fixed 5 duplicate timestamps
2025-04-14 05:00:52,875 - INFO - Fixed 68 duplicate timestamps
2025-04-14 05:00:52,881 - WARNING - Found 28 time reversals
2025-04-14 05:00:52,894 - INFO - Fixed 68 duplicate timestamps
2025-04-14 05:00:52,899 - WARNING - Found 28 time reversals
2025-04-14 05:00:52,906 - INFO - Fixed 10 duplicate timestamps
2025-04-14 05:00:52,913 - INFO - Fixed 1 duplicate timestamps
/mmfs1/home/sww35/testWatchAcc/LightHART/utils/accelerometer_processor.py:44: UserWarning: Could not infer format, so each element will be parsed individually, falling back to `dateutil`. To ensure parsing is consistent and as-expected, please specify a format.
  timestamps = pd.to_datetime(data.iloc[:, 0], errors='coerce')
2025-04-14 05:00:52,917 - WARNING - Found 168 invalid timestamps at rows [  0 341 342 343 344]...
2025-04-14 05:00:52,918 - ERROR - Error processing /mmfs1/home/sww35/testWatchAcc/LightHART/data/smartfallmm/young/accelerometer/watch/S33A13T04.csv: 0
2025-04-14 05:00:52,918 - ERROR - Error processing /mmfs1/home/sww35/testWatchAcc/LightHART/data/smartfallmm/young/accelerometer/watch/S33A13T04.csv: 0
2025-04-14 05:00:53,033 - INFO - Fixed 505 duplicate timestamps
2025-04-14 05:00:53,104 - WARNING - Found 239 time reversals
2025-04-14 05:00:53,114 - INFO - Fixed 43 duplicate timestamps
2025-04-14 05:00:53,120 - INFO - Fixed 2 duplicate timestamps
2025-04-14 05:00:53,127 - INFO - Fixed 8 duplicate timestamps
2025-04-14 05:00:53,130 - WARNING - Found 1 time reversals
2025-04-14 05:00:53,138 - INFO - Fixed 48 duplicate timestamps
2025-04-14 05:00:53,145 - INFO - Fixed 7 duplicate timestamps
2025-04-14 05:00:53,147 - WARNING - Found 1 time reversals
2025-04-14 05:00:53,180 - INFO - Fixed 537 duplicate timestamps
2025-04-14 05:00:53,194 - WARNING - Found 189 time reversals
2025-04-14 05:00:53,200 - INFO - Fixed 2 duplicate timestamps
/mmfs1/home/sww35/testWatchAcc/LightHART/utils/accelerometer_processor.py:44: UserWarning: Could not infer format, so each element will be parsed individually, falling back to `dateutil`. To ensure parsing is consistent and as-expected, please specify a format.
  timestamps = pd.to_datetime(data.iloc[:, 0], errors='coerce')
2025-04-14 05:00:53,204 - WARNING - Found 1 invalid timestamps at rows [0]...
2025-04-14 05:00:53,205 - ERROR - Error processing /mmfs1/home/sww35/testWatchAcc/LightHART/data/smartfallmm/young/accelerometer/watch/S33A03T01.csv: 0
2025-04-14 05:00:53,205 - ERROR - Error processing /mmfs1/home/sww35/testWatchAcc/LightHART/data/smartfallmm/young/accelerometer/watch/S33A03T01.csv: 0
2025-04-14 05:00:53,224 - INFO - Fixed 47 duplicate timestamps
2025-04-14 05:00:53,299 - WARNING - Found 21 time reversals
2025-04-14 05:00:53,342 - INFO - Fixed 751 duplicate timestamps
2025-04-14 05:00:53,359 - WARNING - Found 257 time reversals
/mmfs1/home/sww35/testWatchAcc/LightHART/utils/accelerometer_processor.py:44: UserWarning: Could not infer format, so each element will be parsed individually, falling back to `dateutil`. To ensure parsing is consistent and as-expected, please specify a format.
  timestamps = pd.to_datetime(data.iloc[:, 0], errors='coerce')
2025-04-14 05:00:53,362 - WARNING - Found 1 invalid timestamps at rows [0]...
2025-04-14 05:00:53,363 - ERROR - Error processing /mmfs1/home/sww35/testWatchAcc/LightHART/data/smartfallmm/young/accelerometer/watch/S33A09T02.csv: 0
2025-04-14 05:00:53,363 - ERROR - Error processing /mmfs1/home/sww35/testWatchAcc/LightHART/data/smartfallmm/young/accelerometer/watch/S33A09T02.csv: 0
2025-04-14 05:00:53,404 - INFO - Fixed 733 duplicate timestamps
2025-04-14 05:00:53,421 - WARNING - Found 282 time reversals
2025-04-14 05:00:53,428 - INFO - Fixed 25 duplicate timestamps
2025-04-14 05:00:53,430 - WARNING - Found 4 time reversals
2025-04-14 05:00:53,442 - INFO - Fixed 47 duplicate timestamps
2025-04-14 05:00:53,448 - WARNING - Found 10 time reversals
2025-04-14 05:00:53,454 - INFO - Fixed 7 duplicate timestamps
2025-04-14 05:00:53,456 - WARNING - Found 2 time reversals
2025-04-14 05:00:53,472 - INFO - Fixed 48 duplicate timestamps
2025-04-14 05:00:53,481 - WARNING - Found 20 time reversals
2025-04-14 05:00:53,489 - INFO - Fixed 19 duplicate timestamps
2025-04-14 05:00:53,492 - WARNING - Found 7 time reversals
2025-04-14 05:00:53,503 - INFO - Fixed 37 duplicate timestamps
2025-04-14 05:00:53,508 - WARNING - Found 12 time reversals
/mmfs1/home/sww35/testWatchAcc/LightHART/utils/accelerometer_processor.py:44: UserWarning: Could not infer format, so each element will be parsed individually, falling back to `dateutil`. To ensure parsing is consistent and as-expected, please specify a format.
  timestamps = pd.to_datetime(data.iloc[:, 0], errors='coerce')
2025-04-14 05:00:53,512 - WARNING - Found 110 invalid timestamps at rows [  0 503 504 505 506]...
2025-04-14 05:00:53,513 - ERROR - Error processing /mmfs1/home/sww35/testWatchAcc/LightHART/data/smartfallmm/young/accelerometer/watch/S33A14T02.csv: 0
2025-04-14 05:00:53,513 - ERROR - Error processing /mmfs1/home/sww35/testWatchAcc/LightHART/data/smartfallmm/young/accelerometer/watch/S33A14T02.csv: 0
2025-04-14 05:00:53,566 - INFO - Fixed 930 duplicate timestamps
2025-04-14 05:00:53,586 - WARNING - Found 438 time reversals
2025-04-14 05:00:53,593 - INFO - Fixed 8 duplicate timestamps
2025-04-14 05:00:53,600 - INFO - Fixed 8 duplicate timestamps
2025-04-14 05:00:53,601 - WARNING - Found 1 time reversals
2025-04-14 05:00:53,605 - INFO - Fixed 15 duplicate timestamps
2025-04-14 05:00:53,606 - WARNING - Found 4 time reversals
/mmfs1/home/sww35/testWatchAcc/LightHART/utils/accelerometer_processor.py:44: UserWarning: Could not infer format, so each element will be parsed individually, falling back to `dateutil`. To ensure parsing is consistent and as-expected, please specify a format.
  timestamps = pd.to_datetime(data.iloc[:, 0], errors='coerce')
2025-04-14 05:00:53,609 - WARNING - Found 172 invalid timestamps at rows [  0 342 343 344 345]...
2025-04-14 05:00:53,609 - ERROR - Error processing /mmfs1/home/sww35/testWatchAcc/LightHART/data/smartfallmm/young/accelerometer/watch/S33A05T03.csv: 0
2025-04-14 05:00:53,609 - ERROR - Error processing /mmfs1/home/sww35/testWatchAcc/LightHART/data/smartfallmm/young/accelerometer/watch/S33A05T03.csv: 0
2025-04-14 05:00:53,647 - INFO - Fixed 530 duplicate timestamps
2025-04-14 05:00:53,660 - WARNING - Found 188 time reversals
2025-04-14 05:00:53,666 - INFO - Fixed 7 duplicate timestamps
2025-04-14 05:00:53,764 - INFO - Fixed 1762 duplicate timestamps
2025-04-14 05:00:53,803 - WARNING - Found 562 time reversals
/mmfs1/home/sww35/testWatchAcc/LightHART/utils/accelerometer_processor.py:44: UserWarning: Could not infer format, so each element will be parsed individually, falling back to `dateutil`. To ensure parsing is consistent and as-expected, please specify a format.
  timestamps = pd.to_datetime(data.iloc[:, 0], errors='coerce')
2025-04-14 05:00:53,842 - WARNING - Found 396 invalid timestamps at rows [0 1 2 3 4]...
2025-04-14 05:00:53,843 - ERROR - Error processing /mmfs1/home/sww35/testWatchAcc/LightHART/data/smartfallmm/young/accelerometer/watch/S33A03T12.csv: Insufficient valid data rows after cleaning: 0
2025-04-14 05:00:53,843 - ERROR - Error processing /mmfs1/home/sww35/testWatchAcc/LightHART/data/smartfallmm/young/accelerometer/watch/S33A03T12.csv: Insufficient valid data rows after cleaning: 0
2025-04-14 05:00:53,889 - INFO - Fixed 796 duplicate timestamps
2025-04-14 05:00:53,906 - WARNING - Found 361 time reversals
2025-04-14 05:00:53,913 - INFO - Fixed 8 duplicate timestamps
2025-04-14 05:00:53,915 - WARNING - Found 1 time reversals
2025-04-14 05:00:53,924 - INFO - Fixed 95 duplicate timestamps
2025-04-14 05:00:53,928 - WARNING - Found 27 time reversals
2025-04-14 05:00:53,932 - INFO - Fixed 30 duplicate timestamps
2025-04-14 05:00:54,002 - INFO - Fixed 978 duplicate timestamps
2025-04-14 05:00:54,027 - WARNING - Found 338 time reversals
2025-04-14 05:00:54,033 - INFO - Fixed 11 duplicate timestamps
2025-04-14 05:00:54,048 - INFO - Fixed 46 duplicate timestamps
2025-04-14 05:00:54,055 - WARNING - Found 16 time reversals
2025-04-14 05:00:54,068 - INFO - Fixed 68 duplicate timestamps
2025-04-14 05:00:54,074 - WARNING - Found 28 time reversals
2025-04-14 05:00:54,080 - INFO - Fixed 4 duplicate timestamps
2025-04-14 05:00:54,087 - INFO - Fixed 10 duplicate timestamps
2025-04-14 05:00:54,089 - WARNING - Found 1 time reversals
2025-04-14 05:00:54,095 - INFO - Fixed 6 duplicate timestamps
2025-04-14 05:00:54,135 - INFO - Fixed 568 duplicate timestamps
2025-04-14 05:00:54,148 - WARNING - Found 235 time reversals
/mmfs1/home/sww35/testWatchAcc/LightHART/utils/accelerometer_processor.py:44: UserWarning: Could not infer format, so each element will be parsed individually, falling back to `dateutil`. To ensure parsing is consistent and as-expected, please specify a format.
  timestamps = pd.to_datetime(data.iloc[:, 0], errors='coerce')
2025-04-14 05:00:54,151 - WARNING - Found 1 invalid timestamps at rows [0]...
2025-04-14 05:00:54,152 - ERROR - Error processing /mmfs1/home/sww35/testWatchAcc/LightHART/data/smartfallmm/young/accelerometer/watch/S33A13T03.csv: 0
2025-04-14 05:00:54,152 - ERROR - Error processing /mmfs1/home/sww35/testWatchAcc/LightHART/data/smartfallmm/young/accelerometer/watch/S33A13T03.csv: 0
2025-04-14 05:00:54,183 - INFO - Fixed 511 duplicate timestamps
2025-04-14 05:00:54,196 - WARNING - Found 145 time reversals
2025-04-14 05:00:54,217 - INFO - Fixed 88 duplicate timestamps
2025-04-14 05:00:54,229 - WARNING - Found 28 time reversals
2025-04-14 05:00:54,246 - INFO - Fixed 2 duplicate timestamps
2025-04-14 05:00:54,263 - INFO - Fixed 64 duplicate timestamps
2025-04-14 05:00:54,267 - WARNING - Found 12 time reversals
2025-04-14 05:00:54,274 - INFO - Fixed 7 duplicate timestamps
2025-04-14 05:00:54,276 - WARNING - Found 1 time reversals
2025-04-14 05:00:54,284 - INFO - Fixed 37 duplicate timestamps
2025-04-14 05:00:54,287 - WARNING - Found 9 time reversals
2025-04-14 05:00:54,318 - INFO - Fixed 507 duplicate timestamps
2025-04-14 05:00:54,330 - WARNING - Found 157 time reversals
2025-04-14 05:00:54,365 - INFO - Fixed 566 duplicate timestamps
2025-04-14 05:00:54,379 - WARNING - Found 204 time reversals
2025-04-14 05:00:54,391 - INFO - Fixed 68 duplicate timestamps
2025-04-14 05:00:54,397 - WARNING - Found 28 time reversals
2025-04-14 05:00:54,406 - INFO - Fixed 3 duplicate timestamps
2025-04-14 05:00:54,415 - INFO - Fixed 61 duplicate timestamps
2025-04-14 05:00:54,418 - WARNING - Found 20 time reversals
2025-04-14 05:00:54,427 - INFO - Fixed 3 duplicate timestamps
2025-04-14 05:00:54,437 - INFO - Fixed 33 duplicate timestamps
2025-04-14 05:00:54,465 - INFO - Fixed 403 duplicate timestamps
2025-04-14 05:00:54,475 - WARNING - Found 133 time reversals
/mmfs1/home/sww35/testWatchAcc/LightHART/utils/accelerometer_processor.py:44: UserWarning: Could not infer format, so each element will be parsed individually, falling back to `dateutil`. To ensure parsing is consistent and as-expected, please specify a format.
  timestamps = pd.to_datetime(data.iloc[:, 0], errors='coerce')
2025-04-14 05:00:54,487 - WARNING - Found 137 invalid timestamps at rows [0 1 2 3 4]...
2025-04-14 05:00:54,487 - ERROR - Error processing /mmfs1/home/sww35/testWatchAcc/LightHART/data/smartfallmm/young/accelerometer/watch/S33A14T05.csv: Insufficient valid data rows after cleaning: 0
2025-04-14 05:00:54,487 - ERROR - Error processing /mmfs1/home/sww35/testWatchAcc/LightHART/data/smartfallmm/young/accelerometer/watch/S33A14T05.csv: Insufficient valid data rows after cleaning: 0
2025-04-14 05:00:54,498 - INFO - Fixed 85 duplicate timestamps
2025-04-14 05:00:54,500 - WARNING - Found 26 time reversals
2025-04-14 05:00:54,509 - INFO - Fixed 3 duplicate timestamps
2025-04-14 05:00:54,516 - INFO - Fixed 2 duplicate timestamps
/mmfs1/home/sww35/testWatchAcc/LightHART/utils/accelerometer_processor.py:44: UserWarning: Could not infer format, so each element will be parsed individually, falling back to `dateutil`. To ensure parsing is consistent and as-expected, please specify a format.
  timestamps = pd.to_datetime(data.iloc[:, 0], errors='coerce')
2025-04-14 05:00:54,551 - WARNING - Found 446 invalid timestamps at rows [0 1 2 3 4]...
2025-04-14 05:00:54,552 - ERROR - Error processing /mmfs1/home/sww35/testWatchAcc/LightHART/data/smartfallmm/young/accelerometer/watch/S33A08T04.csv: Insufficient valid data rows after cleaning: 0
2025-04-14 05:00:54,552 - ERROR - Error processing /mmfs1/home/sww35/testWatchAcc/LightHART/data/smartfallmm/young/accelerometer/watch/S33A08T04.csv: Insufficient valid data rows after cleaning: 0
/mmfs1/home/sww35/testWatchAcc/LightHART/utils/accelerometer_processor.py:44: UserWarning: Could not infer format, so each element will be parsed individually, falling back to `dateutil`. To ensure parsing is consistent and as-expected, please specify a format.
  timestamps = pd.to_datetime(data.iloc[:, 0], errors='coerce')
2025-04-14 05:00:54,562 - WARNING - Found 118 invalid timestamps at rows [0 1 2 3 4]...
2025-04-14 05:00:54,562 - ERROR - Error processing /mmfs1/home/sww35/testWatchAcc/LightHART/data/smartfallmm/young/accelerometer/watch/S33A05T08.csv: Insufficient valid data rows after cleaning: 0
2025-04-14 05:00:54,562 - ERROR - Error processing /mmfs1/home/sww35/testWatchAcc/LightHART/data/smartfallmm/young/accelerometer/watch/S33A05T08.csv: Insufficient valid data rows after cleaning: 0
2025-04-14 05:00:54,573 - INFO - Fixed 94 duplicate timestamps
2025-04-14 05:00:54,578 - WARNING - Found 30 time reversals
/mmfs1/home/sww35/testWatchAcc/LightHART/utils/accelerometer_processor.py:44: UserWarning: Could not infer format, so each element will be parsed individually, falling back to `dateutil`. To ensure parsing is consistent and as-expected, please specify a format.
  timestamps = pd.to_datetime(data.iloc[:, 0], errors='coerce')
2025-04-14 05:00:54,609 - WARNING - Found 510 invalid timestamps at rows [0 1 2 3 4]...
2025-04-14 05:00:54,610 - ERROR - Error processing /mmfs1/home/sww35/testWatchAcc/LightHART/data/smartfallmm/young/accelerometer/watch/S33A06T07.csv: Insufficient valid data rows after cleaning: 0
2025-04-14 05:00:54,610 - ERROR - Error processing /mmfs1/home/sww35/testWatchAcc/LightHART/data/smartfallmm/young/accelerometer/watch/S33A06T07.csv: Insufficient valid data rows after cleaning: 0
2025-04-14 05:00:54,619 - INFO - Fixed 53 duplicate timestamps
2025-04-14 05:00:54,623 - WARNING - Found 15 time reversals
2025-04-14 05:00:54,632 - INFO - Fixed 7 duplicate timestamps
2025-04-14 05:00:54,645 - INFO - Fixed 68 duplicate timestamps
2025-04-14 05:00:54,651 - WARNING - Found 28 time reversals
2025-04-14 05:00:54,664 - INFO - Fixed 66 duplicate timestamps
2025-04-14 05:00:54,669 - WARNING - Found 28 time reversals
/mmfs1/home/sww35/testWatchAcc/LightHART/utils/accelerometer_processor.py:44: UserWarning: Could not infer format, so each element will be parsed individually, falling back to `dateutil`. To ensure parsing is consistent and as-expected, please specify a format.
  timestamps = pd.to_datetime(data.iloc[:, 0], errors='coerce')
2025-04-14 05:00:54,672 - WARNING - Found 171 invalid timestamps at rows [  0 341 342 343 344]...
2025-04-14 05:00:54,672 - ERROR - Error processing /mmfs1/home/sww35/testWatchAcc/LightHART/data/smartfallmm/young/accelerometer/watch/S33A06T01.csv: 0
2025-04-14 05:00:54,673 - ERROR - Error processing /mmfs1/home/sww35/testWatchAcc/LightHART/data/smartfallmm/young/accelerometer/watch/S33A06T01.csv: 0
/mmfs1/home/sww35/testWatchAcc/LightHART/utils/accelerometer_processor.py:44: UserWarning: Could not infer format, so each element will be parsed individually, falling back to `dateutil`. To ensure parsing is consistent and as-expected, please specify a format.
  timestamps = pd.to_datetime(data.iloc[:, 0], errors='coerce')
2025-04-14 05:00:54,674 - WARNING - Found 169 invalid timestamps at rows [  0 342 343 344 345]...
2025-04-14 05:00:54,675 - ERROR - Error processing /mmfs1/home/sww35/testWatchAcc/LightHART/data/smartfallmm/young/accelerometer/watch/S33A11T01.csv: 0
2025-04-14 05:00:54,675 - ERROR - Error processing /mmfs1/home/sww35/testWatchAcc/LightHART/data/smartfallmm/young/accelerometer/watch/S33A11T01.csv: 0
2025-04-14 05:00:54,679 - INFO - Fixed 3 duplicate timestamps
2025-04-14 05:00:54,716 - INFO - Fixed 534 duplicate timestamps
2025-04-14 05:00:54,729 - WARNING - Found 200 time reversals
/mmfs1/home/sww35/testWatchAcc/LightHART/utils/accelerometer_processor.py:44: UserWarning: Could not infer format, so each element will be parsed individually, falling back to `dateutil`. To ensure parsing is consistent and as-expected, please specify a format.
  timestamps = pd.to_datetime(data.iloc[:, 0], errors='coerce')
2025-04-14 05:00:54,760 - WARNING - Found 510 invalid timestamps at rows [0 1 2 3 4]...
2025-04-14 05:00:54,760 - ERROR - Error processing /mmfs1/home/sww35/testWatchAcc/LightHART/data/smartfallmm/young/accelerometer/watch/S33A13T05.csv: Insufficient valid data rows after cleaning: 0
2025-04-14 05:00:54,760 - ERROR - Error processing /mmfs1/home/sww35/testWatchAcc/LightHART/data/smartfallmm/young/accelerometer/watch/S33A13T05.csv: Insufficient valid data rows after cleaning: 0
/mmfs1/home/sww35/testWatchAcc/LightHART/utils/accelerometer_processor.py:44: UserWarning: Could not infer format, so each element will be parsed individually, falling back to `dateutil`. To ensure parsing is consistent and as-expected, please specify a format.
  timestamps = pd.to_datetime(data.iloc[:, 0], errors='coerce')
2025-04-14 05:00:54,785 - WARNING - Found 407 invalid timestamps at rows [0 1 2 3 4]...
2025-04-14 05:00:54,785 - ERROR - Error processing /mmfs1/home/sww35/testWatchAcc/LightHART/data/smartfallmm/young/accelerometer/watch/S33A02T09.csv: Insufficient valid data rows after cleaning: 0
2025-04-14 05:00:54,785 - ERROR - Error processing /mmfs1/home/sww35/testWatchAcc/LightHART/data/smartfallmm/young/accelerometer/watch/S33A02T09.csv: Insufficient valid data rows after cleaning: 0
2025-04-14 05:00:54,796 - INFO - Fixed 30 duplicate timestamps
2025-04-14 05:00:54,802 - WARNING - Found 23 time reversals
2025-04-14 05:00:54,855 - INFO - Fixed 890 duplicate timestamps
2025-04-14 05:00:54,873 - WARNING - Found 337 time reversals
2025-04-14 05:00:54,882 - INFO - Fixed 10 duplicate timestamps
2025-04-14 05:00:54,885 - WARNING - Found 1 time reversals
/mmfs1/home/sww35/testWatchAcc/LightHART/utils/accelerometer_processor.py:44: UserWarning: Could not infer format, so each element will be parsed individually, falling back to `dateutil`. To ensure parsing is consistent and as-expected, please specify a format.
  timestamps = pd.to_datetime(data.iloc[:, 0], errors='coerce')
2025-04-14 05:00:54,888 - WARNING - Found 61 invalid timestamps at rows [  0 406 407 408 409]...
2025-04-14 05:00:54,889 - ERROR - Error processing /mmfs1/home/sww35/testWatchAcc/LightHART/data/smartfallmm/young/accelerometer/watch/S33A03T02.csv: 0
2025-04-14 05:00:54,889 - ERROR - Error processing /mmfs1/home/sww35/testWatchAcc/LightHART/data/smartfallmm/young/accelerometer/watch/S33A03T02.csv: 0
2025-04-14 05:00:54,923 - INFO - Fixed 493 duplicate timestamps
2025-04-14 05:00:54,935 - WARNING - Found 191 time reversals
2025-04-14 05:00:54,941 - INFO - Fixed 29 duplicate timestamps
2025-04-14 05:00:54,943 - WARNING - Found 6 time reversals
2025-04-14 05:00:54,953 - INFO - Fixed 19 duplicate timestamps
2025-04-14 05:00:54,958 - WARNING - Found 1 time reversals
2025-04-14 05:00:54,964 - INFO - Fixed 3 duplicate timestamps
2025-04-14 05:00:54,977 - INFO - Fixed 88 duplicate timestamps
2025-04-14 05:00:54,981 - WARNING - Found 22 time reversals
/mmfs1/home/sww35/testWatchAcc/LightHART/utils/accelerometer_processor.py:44: UserWarning: Could not infer format, so each element will be parsed individually, falling back to `dateutil`. To ensure parsing is consistent and as-expected, please specify a format.
  timestamps = pd.to_datetime(data.iloc[:, 0], errors='coerce')
2025-04-14 05:00:54,983 - WARNING - Found 216 invalid timestamps at rows [  0 435 436 437 438]...
2025-04-14 05:00:54,984 - ERROR - Error processing /mmfs1/home/sww35/testWatchAcc/LightHART/data/smartfallmm/young/accelerometer/watch/S33A13T02.csv: 0
2025-04-14 05:00:54,984 - ERROR - Error processing /mmfs1/home/sww35/testWatchAcc/LightHART/data/smartfallmm/young/accelerometer/watch/S33A13T02.csv: 0
2025-04-14 05:00:54,988 - INFO - Fixed 12 duplicate timestamps
2025-04-14 05:00:54,990 - WARNING - Found 1 time reversals
2025-04-14 05:00:54,997 - INFO - Fixed 35 duplicate timestamps
2025-04-14 05:00:55,000 - WARNING - Found 10 time reversals
2025-04-14 05:00:55,006 - INFO - Fixed 14 duplicate timestamps
2025-04-14 05:00:55,055 - INFO - Fixed 766 duplicate timestamps
2025-04-14 05:00:55,072 - WARNING - Found 326 time reversals
2025-04-14 05:00:55,082 - INFO - Fixed 98 duplicate timestamps
2025-04-14 05:00:55,084 - WARNING - Found 26 time reversals
2025-04-14 05:00:55,090 - INFO - Fixed 2 duplicate timestamps
2025-04-14 05:00:55,098 - INFO - Fixed 41 duplicate timestamps
2025-04-14 05:00:55,100 - WARNING - Found 11 time reversals
/mmfs1/home/sww35/testWatchAcc/LightHART/utils/accelerometer_processor.py:44: UserWarning: Could not infer format, so each element will be parsed individually, falling back to `dateutil`. To ensure parsing is consistent and as-expected, please specify a format.
  timestamps = pd.to_datetime(data.iloc[:, 0], errors='coerce')
2025-04-14 05:00:55,132 - WARNING - Found 407 invalid timestamps at rows [0 1 2 3 4]...
2025-04-14 05:00:55,132 - ERROR - Error processing /mmfs1/home/sww35/testWatchAcc/LightHART/data/smartfallmm/young/accelerometer/watch/S33A11T04.csv: Insufficient valid data rows after cleaning: 0
2025-04-14 05:00:55,132 - ERROR - Error processing /mmfs1/home/sww35/testWatchAcc/LightHART/data/smartfallmm/young/accelerometer/watch/S33A11T04.csv: Insufficient valid data rows after cleaning: 0
2025-04-14 05:00:55,135 - INFO - Fixed 4 duplicate timestamps
2025-04-14 05:00:55,150 - INFO - Fixed 39 duplicate timestamps
2025-04-14 05:00:55,157 - WARNING - Found 14 time reversals
2025-04-14 05:00:55,162 - INFO - Fixed 33 duplicate timestamps
2025-04-14 05:00:55,217 - INFO - Fixed 934 duplicate timestamps
2025-04-14 05:00:55,236 - WARNING - Found 430 time reversals
2025-04-14 05:00:55,271 - INFO - Fixed 528 duplicate timestamps
2025-04-14 05:00:55,291 - WARNING - Found 181 time reversals
2025-04-14 05:00:55,332 - INFO - Fixed 692 duplicate timestamps
2025-04-14 05:00:55,348 - WARNING - Found 200 time reversals
/mmfs1/home/sww35/testWatchAcc/LightHART/utils/accelerometer_processor.py:44: UserWarning: Could not infer format, so each element will be parsed individually, falling back to `dateutil`. To ensure parsing is consistent and as-expected, please specify a format.
  timestamps = pd.to_datetime(data.iloc[:, 0], errors='coerce')
2025-04-14 05:00:55,371 - WARNING - Found 281 invalid timestamps at rows [0 1 2 3 4]...
2025-04-14 05:00:55,371 - ERROR - Error processing /mmfs1/home/sww35/testWatchAcc/LightHART/data/smartfallmm/young/accelerometer/watch/S33A07T06.csv: Insufficient valid data rows after cleaning: 0
2025-04-14 05:00:55,371 - ERROR - Error processing /mmfs1/home/sww35/testWatchAcc/LightHART/data/smartfallmm/young/accelerometer/watch/S33A07T06.csv: Insufficient valid data rows after cleaning: 0
2025-04-14 05:00:55,377 - INFO - Fixed 4 duplicate timestamps
2025-04-14 05:00:55,473 - INFO - Fixed 416 duplicate timestamps
2025-04-14 05:00:55,530 - WARNING - Found 162 time reversals
2025-04-14 05:00:55,545 - INFO - Fixed 68 duplicate timestamps
2025-04-14 05:00:55,552 - WARNING - Found 28 time reversals
2025-04-14 05:00:55,557 - INFO - Fixed 3 duplicate timestamps
2025-04-14 05:00:55,566 - INFO - Fixed 28 duplicate timestamps
2025-04-14 05:00:55,569 - WARNING - Found 5 time reversals
2025-04-14 05:00:55,573 - INFO - Fixed 9 duplicate timestamps
2025-04-14 05:00:55,601 - INFO - Fixed 435 duplicate timestamps
2025-04-14 05:00:55,611 - WARNING - Found 148 time reversals
2025-04-14 05:00:55,618 - INFO - Fixed 13 duplicate timestamps
/mmfs1/home/sww35/testWatchAcc/LightHART/utils/accelerometer_processor.py:44: UserWarning: Could not infer format, so each element will be parsed individually, falling back to `dateutil`. To ensure parsing is consistent and as-expected, please specify a format.
  timestamps = pd.to_datetime(data.iloc[:, 0], errors='coerce')
2025-04-14 05:00:55,650 - WARNING - Found 507 invalid timestamps at rows [0 1 2 3 4]...
2025-04-14 05:00:55,650 - ERROR - Error processing /mmfs1/home/sww35/testWatchAcc/LightHART/data/smartfallmm/young/accelerometer/watch/S33A08T07.csv: Insufficient valid data rows after cleaning: 0
2025-04-14 05:00:55,650 - ERROR - Error processing /mmfs1/home/sww35/testWatchAcc/LightHART/data/smartfallmm/young/accelerometer/watch/S33A08T07.csv: Insufficient valid data rows after cleaning: 0
2025-04-14 05:00:55,663 - INFO - Fixed 110 duplicate timestamps
2025-04-14 05:00:55,668 - WARNING - Found 40 time reversals
/mmfs1/home/sww35/testWatchAcc/LightHART/utils/accelerometer_processor.py:44: UserWarning: Could not infer format, so each element will be parsed individually, falling back to `dateutil`. To ensure parsing is consistent and as-expected, please specify a format.
  timestamps = pd.to_datetime(data.iloc[:, 0], errors='coerce')
2025-04-14 05:00:55,692 - WARNING - Found 304 invalid timestamps at rows [0 1 2 3 4]...
2025-04-14 05:00:55,693 - ERROR - Error processing /mmfs1/home/sww35/testWatchAcc/LightHART/data/smartfallmm/young/accelerometer/watch/S33A13T09.csv: Insufficient valid data rows after cleaning: 0
2025-04-14 05:00:55,693 - ERROR - Error processing /mmfs1/home/sww35/testWatchAcc/LightHART/data/smartfallmm/young/accelerometer/watch/S33A13T09.csv: Insufficient valid data rows after cleaning: 0
2025-04-14 05:00:55,731 - INFO - Fixed 701 duplicate timestamps
2025-04-14 05:00:55,746 - WARNING - Found 247 time reversals
2025-04-14 05:00:55,781 - INFO - Fixed 119 duplicate timestamps
2025-04-14 05:00:55,801 - WARNING - Found 45 time reversals
2025-04-14 05:00:55,807 - INFO - Fixed 2 duplicate timestamps
2025-04-14 05:00:55,820 - INFO - Fixed 52 duplicate timestamps
2025-04-14 05:00:55,824 - WARNING - Found 13 time reversals
/mmfs1/home/sww35/testWatchAcc/LightHART/utils/accelerometer_processor.py:44: UserWarning: Could not infer format, so each element will be parsed individually, falling back to `dateutil`. To ensure parsing is consistent and as-expected, please specify a format.
  timestamps = pd.to_datetime(data.iloc[:, 0], errors='coerce')
2025-04-14 05:00:55,827 - WARNING - Found 182 invalid timestamps at rows [  0 366 367 368 369]...
2025-04-14 05:00:55,827 - ERROR - Error processing /mmfs1/home/sww35/testWatchAcc/LightHART/data/smartfallmm/young/accelerometer/watch/S33A07T02.csv: 0
2025-04-14 05:00:55,827 - ERROR - Error processing /mmfs1/home/sww35/testWatchAcc/LightHART/data/smartfallmm/young/accelerometer/watch/S33A07T02.csv: 0
/mmfs1/home/sww35/testWatchAcc/LightHART/utils/accelerometer_processor.py:44: UserWarning: Could not infer format, so each element will be parsed individually, falling back to `dateutil`. To ensure parsing is consistent and as-expected, please specify a format.
  timestamps = pd.to_datetime(data.iloc[:, 0], errors='coerce')
2025-04-14 05:00:55,829 - WARNING - Found 170 invalid timestamps at rows [  0 341 342 343 344]...
2025-04-14 05:00:55,830 - ERROR - Error processing /mmfs1/home/sww35/testWatchAcc/LightHART/data/smartfallmm/young/accelerometer/watch/S33A02T01.csv: 0
2025-04-14 05:00:55,830 - ERROR - Error processing /mmfs1/home/sww35/testWatchAcc/LightHART/data/smartfallmm/young/accelerometer/watch/S33A02T01.csv: 0
2025-04-14 05:00:55,857 - INFO - Fixed 430 duplicate timestamps
2025-04-14 05:00:55,868 - WARNING - Found 98 time reversals
2025-04-14 05:00:55,883 - INFO - Fixed 47 duplicate timestamps
2025-04-14 05:00:55,890 - WARNING - Found 16 time reversals
2025-04-14 05:00:55,915 - INFO - Fixed 471 duplicate timestamps
2025-04-14 05:00:55,925 - WARNING - Found 97 time reversals
/mmfs1/home/sww35/testWatchAcc/LightHART/utils/accelerometer_processor.py:44: UserWarning: Could not infer format, so each element will be parsed individually, falling back to `dateutil`. To ensure parsing is consistent and as-expected, please specify a format.
  timestamps = pd.to_datetime(data.iloc[:, 0], errors='coerce')
2025-04-14 05:00:55,958 - WARNING - Found 491 invalid timestamps at rows [0 1 2 3 4]...
2025-04-14 05:00:55,958 - ERROR - Error processing /mmfs1/home/sww35/testWatchAcc/LightHART/data/smartfallmm/young/accelerometer/watch/S33A07T12.csv: Insufficient valid data rows after cleaning: 0
2025-04-14 05:00:55,958 - ERROR - Error processing /mmfs1/home/sww35/testWatchAcc/LightHART/data/smartfallmm/young/accelerometer/watch/S33A07T12.csv: Insufficient valid data rows after cleaning: 0
2025-04-14 05:00:55,964 - INFO - Fixed 15 duplicate timestamps
2025-04-14 05:00:55,967 - WARNING - Found 2 time reversals
2025-04-14 05:00:55,991 - INFO - Fixed 468 duplicate timestamps
2025-04-14 05:00:56,002 - WARNING - Found 79 time reversals
2025-04-14 05:00:56,014 - INFO - Fixed 44 duplicate timestamps
2025-04-14 05:00:56,020 - WARNING - Found 16 time reversals
/mmfs1/home/sww35/testWatchAcc/LightHART/utils/accelerometer_processor.py:44: UserWarning: Could not infer format, so each element will be parsed individually, falling back to `dateutil`. To ensure parsing is consistent and as-expected, please specify a format.
  timestamps = pd.to_datetime(data.iloc[:, 0], errors='coerce')
2025-04-14 05:00:56,048 - WARNING - Found 309 invalid timestamps at rows [0 1 2 3 4]...
2025-04-14 05:00:56,049 - ERROR - Error processing /mmfs1/home/sww35/testWatchAcc/LightHART/data/smartfallmm/young/accelerometer/watch/S33A01T04.csv: Insufficient valid data rows after cleaning: 0
2025-04-14 05:00:56,049 - ERROR - Error processing /mmfs1/home/sww35/testWatchAcc/LightHART/data/smartfallmm/young/accelerometer/watch/S33A01T04.csv: Insufficient valid data rows after cleaning: 0
/mmfs1/home/sww35/testWatchAcc/LightHART/utils/accelerometer_processor.py:44: UserWarning: Could not infer format, so each element will be parsed individually, falling back to `dateutil`. To ensure parsing is consistent and as-expected, please specify a format.
  timestamps = pd.to_datetime(data.iloc[:, 0], errors='coerce')
2025-04-14 05:00:56,083 - WARNING - Found 486 invalid timestamps at rows [0 1 2 3 4]...
2025-04-14 05:00:56,083 - ERROR - Error processing /mmfs1/home/sww35/testWatchAcc/LightHART/data/smartfallmm/young/accelerometer/watch/S33A02T07.csv: Insufficient valid data rows after cleaning: 0
2025-04-14 05:00:56,083 - ERROR - Error processing /mmfs1/home/sww35/testWatchAcc/LightHART/data/smartfallmm/young/accelerometer/watch/S33A02T07.csv: Insufficient valid data rows after cleaning: 0
/mmfs1/home/sww35/testWatchAcc/LightHART/utils/accelerometer_processor.py:44: UserWarning: Could not infer format, so each element will be parsed individually, falling back to `dateutil`. To ensure parsing is consistent and as-expected, please specify a format.
  timestamps = pd.to_datetime(data.iloc[:, 0], errors='coerce')
2025-04-14 05:00:56,117 - WARNING - Found 448 invalid timestamps at rows [0 1 2 3 4]...
2025-04-14 05:00:56,117 - ERROR - Error processing /mmfs1/home/sww35/testWatchAcc/LightHART/data/smartfallmm/young/accelerometer/watch/S33A10T05.csv: Insufficient valid data rows after cleaning: 0
2025-04-14 05:00:56,117 - ERROR - Error processing /mmfs1/home/sww35/testWatchAcc/LightHART/data/smartfallmm/young/accelerometer/watch/S33A10T05.csv: Insufficient valid data rows after cleaning: 0
2025-04-14 05:00:56,130 - INFO - Fixed 91 duplicate timestamps
2025-04-14 05:00:56,135 - WARNING - Found 35 time reversals
2025-04-14 05:00:56,185 - INFO - Fixed 786 duplicate timestamps
2025-04-14 05:00:56,204 - WARNING - Found 284 time reversals
2025-04-14 05:00:56,208 - INFO - Fixed 2 duplicate timestamps
2025-04-14 05:00:56,227 - INFO - Fixed 13 duplicate timestamps
2025-04-14 05:00:56,245 - INFO - Fixed 31 duplicate timestamps
2025-04-14 05:00:56,250 - WARNING - Found 10 time reversals
2025-04-14 05:00:56,257 - INFO - Fixed 7 duplicate timestamps
2025-04-14 05:00:56,258 - WARNING - Found 1 time reversals
/mmfs1/home/sww35/testWatchAcc/LightHART/utils/accelerometer_processor.py:44: UserWarning: Could not infer format, so each element will be parsed individually, falling back to `dateutil`. To ensure parsing is consistent and as-expected, please specify a format.
  timestamps = pd.to_datetime(data.iloc[:, 0], errors='coerce')
2025-04-14 05:00:56,280 - WARNING - Found 259 invalid timestamps at rows [0 1 2 3 4]...
2025-04-14 05:00:56,280 - ERROR - Error processing /mmfs1/home/sww35/testWatchAcc/LightHART/data/smartfallmm/young/accelerometer/watch/S33A03T09.csv: Insufficient valid data rows after cleaning: 0
2025-04-14 05:00:56,280 - ERROR - Error processing /mmfs1/home/sww35/testWatchAcc/LightHART/data/smartfallmm/young/accelerometer/watch/S33A03T09.csv: Insufficient valid data rows after cleaning: 0
2025-04-14 05:00:56,289 - INFO - Fixed 174 duplicate timestamps
2025-04-14 05:00:56,291 - WARNING - Found 64 time reversals
2025-04-14 05:00:56,295 - INFO - Fixed 5 duplicate timestamps
2025-04-14 05:00:56,313 - INFO - Fixed 68 duplicate timestamps
2025-04-14 05:00:56,327 - WARNING - Found 28 time reversals
2025-04-14 05:00:56,369 - INFO - Fixed 547 duplicate timestamps
2025-04-14 05:00:56,385 - WARNING - Found 139 time reversals
2025-04-14 05:00:56,391 - INFO - Fixed 37 duplicate timestamps
2025-04-14 05:00:56,393 - WARNING - Found 7 time reversals
2025-04-14 05:00:56,401 - INFO - Fixed 73 duplicate timestamps
/mmfs1/home/sww35/testWatchAcc/LightHART/utils/accelerometer_processor.py:44: UserWarning: Could not infer format, so each element will be parsed individually, falling back to `dateutil`. To ensure parsing is consistent and as-expected, please specify a format.
  timestamps = pd.to_datetime(data.iloc[:, 0], errors='coerce')
2025-04-14 05:00:56,407 - WARNING - Found 1 invalid timestamps at rows [0]...
2025-04-14 05:00:56,407 - ERROR - Error processing /mmfs1/home/sww35/testWatchAcc/LightHART/data/smartfallmm/young/accelerometer/watch/S33A10T01.csv: 0
2025-04-14 05:00:56,408 - ERROR - Error processing /mmfs1/home/sww35/testWatchAcc/LightHART/data/smartfallmm/young/accelerometer/watch/S33A10T01.csv: 0
2025-04-14 05:00:56,413 - INFO - Fixed 55 duplicate timestamps
2025-04-14 05:00:56,414 - WARNING - Found 16 time reversals
/mmfs1/home/sww35/testWatchAcc/LightHART/utils/accelerometer_processor.py:44: UserWarning: Could not infer format, so each element will be parsed individually, falling back to `dateutil`. To ensure parsing is consistent and as-expected, please specify a format.
  timestamps = pd.to_datetime(data.iloc[:, 0], errors='coerce')
2025-04-14 05:00:56,418 - WARNING - Found 1 invalid timestamps at rows [0]...
2025-04-14 05:00:56,419 - ERROR - Error processing /mmfs1/home/sww35/testWatchAcc/LightHART/data/smartfallmm/young/accelerometer/watch/S33A03T03.csv: 0
2025-04-14 05:00:56,419 - ERROR - Error processing /mmfs1/home/sww35/testWatchAcc/LightHART/data/smartfallmm/young/accelerometer/watch/S33A03T03.csv: 0
2025-04-14 05:00:56,448 - INFO - Fixed 447 duplicate timestamps
2025-04-14 05:00:56,459 - WARNING - Found 180 time reversals
2025-04-14 05:00:56,465 - INFO - Fixed 3 duplicate timestamps
2025-04-14 05:00:56,477 - INFO - Fixed 70 duplicate timestamps
2025-04-14 05:00:56,480 - WARNING - Found 7 time reversals
2025-04-14 05:00:56,492 - INFO - Fixed 68 duplicate timestamps
2025-04-14 05:00:56,498 - WARNING - Found 28 time reversals
2025-04-14 05:00:56,504 - INFO - Fixed 50 duplicate timestamps
2025-04-14 05:00:56,505 - WARNING - Found 13 time reversals
2025-04-14 05:00:56,513 - INFO - Fixed 1 duplicate timestamps
2025-04-14 05:00:56,527 - INFO - Fixed 51 duplicate timestamps
2025-04-14 05:00:56,539 - INFO - Fixed 56 duplicate timestamps
2025-04-14 05:00:56,541 - WARNING - Found 14 time reversals
2025-04-14 05:00:56,547 - INFO - Fixed 17 duplicate timestamps
2025-04-14 05:00:56,550 - WARNING - Found 5 time reversals
/mmfs1/home/sww35/testWatchAcc/LightHART/utils/accelerometer_processor.py:44: UserWarning: Could not infer format, so each element will be parsed individually, falling back to `dateutil`. To ensure parsing is consistent and as-expected, please specify a format.
  timestamps = pd.to_datetime(data.iloc[:, 0], errors='coerce')
2025-04-14 05:00:56,576 - WARNING - Found 407 invalid timestamps at rows [0 1 2 3 4]...
2025-04-14 05:00:56,576 - ERROR - Error processing /mmfs1/home/sww35/testWatchAcc/LightHART/data/smartfallmm/young/accelerometer/watch/S33A13T10.csv: Insufficient valid data rows after cleaning: 0
2025-04-14 05:00:56,576 - ERROR - Error processing /mmfs1/home/sww35/testWatchAcc/LightHART/data/smartfallmm/young/accelerometer/watch/S33A13T10.csv: Insufficient valid data rows after cleaning: 0
2025-04-14 05:00:56,582 - INFO - Fixed 16 duplicate timestamps
2025-04-14 05:00:56,597 - INFO - Fixed 164 duplicate timestamps
2025-04-14 05:00:56,602 - WARNING - Found 68 time reversals
/mmfs1/home/sww35/testWatchAcc/LightHART/utils/accelerometer_processor.py:44: UserWarning: Could not infer format, so each element will be parsed individually, falling back to `dateutil`. To ensure parsing is consistent and as-expected, please specify a format.
  timestamps = pd.to_datetime(data.iloc[:, 0], errors='coerce')
2025-04-14 05:00:56,632 - WARNING - Found 382 invalid timestamps at rows [0 1 2 3 4]...
2025-04-14 05:00:56,632 - ERROR - Error processing /mmfs1/home/sww35/testWatchAcc/LightHART/data/smartfallmm/young/accelerometer/watch/S33A09T06.csv: Insufficient valid data rows after cleaning: 0
2025-04-14 05:00:56,632 - ERROR - Error processing /mmfs1/home/sww35/testWatchAcc/LightHART/data/smartfallmm/young/accelerometer/watch/S33A09T06.csv: Insufficient valid data rows after cleaning: 0
2025-04-14 05:00:56,641 - INFO - Fixed 91 duplicate timestamps
2025-04-14 05:00:56,644 - WARNING - Found 30 time reversals
/mmfs1/home/sww35/testWatchAcc/LightHART/utils/accelerometer_processor.py:44: UserWarning: Could not infer format, so each element will be parsed individually, falling back to `dateutil`. To ensure parsing is consistent and as-expected, please specify a format.
  timestamps = pd.to_datetime(data.iloc[:, 0], errors='coerce')
2025-04-14 05:00:56,682 - WARNING - Found 649 invalid timestamps at rows [0 1 2 3 4]...
2025-04-14 05:00:56,683 - ERROR - Error processing /mmfs1/home/sww35/testWatchAcc/LightHART/data/smartfallmm/young/accelerometer/watch/S33A14T07.csv: Insufficient valid data rows after cleaning: 0
2025-04-14 05:00:56,683 - ERROR - Error processing /mmfs1/home/sww35/testWatchAcc/LightHART/data/smartfallmm/young/accelerometer/watch/S33A14T07.csv: Insufficient valid data rows after cleaning: 0
2025-04-14 05:00:56,690 - INFO - Fixed 44 duplicate timestamps
2025-04-14 05:00:56,693 - WARNING - Found 12 time reversals
2025-04-14 05:00:56,719 - INFO - Fixed 410 duplicate timestamps
2025-04-14 05:00:56,729 - WARNING - Found 162 time reversals
2025-04-14 05:00:56,751 - INFO - Fixed 396 duplicate timestamps
2025-04-14 05:00:56,760 - WARNING - Found 66 time reversals
2025-04-14 05:00:56,767 - INFO - Fixed 54 duplicate timestamps
2025-04-14 05:00:56,770 - WARNING - Found 16 time reversals
2025-04-14 05:00:56,773 - INFO - Fixed 1 duplicate timestamps
2025-04-14 05:00:56,781 - INFO - Fixed 6 duplicate timestamps
2025-04-14 05:00:56,788 - INFO - Fixed 3 duplicate timestamps
2025-04-14 05:00:56,834 - INFO - Fixed 772 duplicate timestamps
2025-04-14 05:00:56,850 - WARNING - Found 387 time reversals
/mmfs1/home/sww35/testWatchAcc/LightHART/utils/accelerometer_processor.py:44: UserWarning: Could not infer format, so each element will be parsed individually, falling back to `dateutil`. To ensure parsing is consistent and as-expected, please specify a format.
  timestamps = pd.to_datetime(data.iloc[:, 0], errors='coerce')
2025-04-14 05:00:56,876 - WARNING - Found 328 invalid timestamps at rows [0 1 2 3 4]...
2025-04-14 05:00:56,876 - ERROR - Error processing /mmfs1/home/sww35/testWatchAcc/LightHART/data/smartfallmm/young/accelerometer/watch/S33A08T05.csv: Insufficient valid data rows after cleaning: 0
2025-04-14 05:00:56,876 - ERROR - Error processing /mmfs1/home/sww35/testWatchAcc/LightHART/data/smartfallmm/young/accelerometer/watch/S33A08T05.csv: Insufficient valid data rows after cleaning: 0
2025-04-14 05:00:56,893 - INFO - Fixed 93 duplicate timestamps
2025-04-14 05:00:56,902 - WARNING - Found 29 time reversals
2025-04-14 05:00:56,907 - INFO - Fixed 4 duplicate timestamps
/mmfs1/home/sww35/testWatchAcc/LightHART/utils/accelerometer_processor.py:44: UserWarning: Could not infer format, so each element will be parsed individually, falling back to `dateutil`. To ensure parsing is consistent and as-expected, please specify a format.
  timestamps = pd.to_datetime(data.iloc[:, 0], errors='coerce')
2025-04-14 05:00:56,949 - WARNING - Found 681 invalid timestamps at rows [0 1 2 3 4]...
2025-04-14 05:00:56,949 - ERROR - Error processing /mmfs1/home/sww35/testWatchAcc/LightHART/data/smartfallmm/young/accelerometer/watch/S33A09T08.csv: Insufficient valid data rows after cleaning: 0
2025-04-14 05:00:56,949 - ERROR - Error processing /mmfs1/home/sww35/testWatchAcc/LightHART/data/smartfallmm/young/accelerometer/watch/S33A09T08.csv: Insufficient valid data rows after cleaning: 0
2025-04-14 05:00:56,955 - INFO - Fixed 64 duplicate timestamps
2025-04-14 05:00:56,957 - WARNING - Found 26 time reversals
/mmfs1/home/sww35/testWatchAcc/LightHART/utils/accelerometer_processor.py:44: UserWarning: Could not infer format, so each element will be parsed individually, falling back to `dateutil`. To ensure parsing is consistent and as-expected, please specify a format.
  timestamps = pd.to_datetime(data.iloc[:, 0], errors='coerce')
2025-04-14 05:00:56,991 - WARNING - Found 468 invalid timestamps at rows [0 1 2 3 4]...
2025-04-14 05:00:56,991 - ERROR - Error processing /mmfs1/home/sww35/testWatchAcc/LightHART/data/smartfallmm/young/accelerometer/watch/S33A05T05.csv: Insufficient valid data rows after cleaning: 0
2025-04-14 05:00:56,991 - ERROR - Error processing /mmfs1/home/sww35/testWatchAcc/LightHART/data/smartfallmm/young/accelerometer/watch/S33A05T05.csv: Insufficient valid data rows after cleaning: 0
2025-04-14 05:00:56,996 - INFO - Fixed 10 duplicate timestamps
2025-04-14 05:00:56,998 - WARNING - Found 1 time reversals
/mmfs1/home/sww35/testWatchAcc/LightHART/utils/accelerometer_processor.py:44: UserWarning: Could not infer format, so each element will be parsed individually, falling back to `dateutil`. To ensure parsing is consistent and as-expected, please specify a format.
  timestamps = pd.to_datetime(data.iloc[:, 0], errors='coerce')
2025-04-14 05:00:57,029 - WARNING - Found 508 invalid timestamps at rows [0 1 2 3 4]...
2025-04-14 05:00:57,029 - ERROR - Error processing /mmfs1/home/sww35/testWatchAcc/LightHART/data/smartfallmm/young/accelerometer/watch/S33A02T10.csv: Insufficient valid data rows after cleaning: 0
2025-04-14 05:00:57,029 - ERROR - Error processing /mmfs1/home/sww35/testWatchAcc/LightHART/data/smartfallmm/young/accelerometer/watch/S33A02T10.csv: Insufficient valid data rows after cleaning: 0
/mmfs1/home/sww35/testWatchAcc/LightHART/utils/accelerometer_processor.py:44: UserWarning: Could not infer format, so each element will be parsed individually, falling back to `dateutil`. To ensure parsing is consistent and as-expected, please specify a format.
  timestamps = pd.to_datetime(data.iloc[:, 0], errors='coerce')
2025-04-14 05:00:57,031 - WARNING - Found 1 invalid timestamps at rows [0]...
2025-04-14 05:00:57,032 - ERROR - Error processing /mmfs1/home/sww35/testWatchAcc/LightHART/data/smartfallmm/young/accelerometer/watch/S33A09T01.csv: 0
2025-04-14 05:00:57,032 - ERROR - Error processing /mmfs1/home/sww35/testWatchAcc/LightHART/data/smartfallmm/young/accelerometer/watch/S33A09T01.csv: 0
2025-04-14 05:00:57,037 - INFO - Fixed 3 duplicate timestamps
2025-04-14 05:00:57,046 - INFO - Fixed 22 duplicate timestamps
2025-04-14 05:00:57,049 - WARNING - Found 2 time reversals
2025-04-14 05:00:57,053 - INFO - Fixed 14 duplicate timestamps
/mmfs1/home/sww35/testWatchAcc/LightHART/utils/accelerometer_processor.py:44: UserWarning: Could not infer format, so each element will be parsed individually, falling back to `dateutil`. To ensure parsing is consistent and as-expected, please specify a format.
  timestamps = pd.to_datetime(data.iloc[:, 0], errors='coerce')
2025-04-14 05:00:57,084 - WARNING - Found 363 invalid timestamps at rows [0 1 2 3 4]...
2025-04-14 05:00:57,085 - ERROR - Error processing /mmfs1/home/sww35/testWatchAcc/LightHART/data/smartfallmm/young/accelerometer/watch/S33A05T07.csv: Insufficient valid data rows after cleaning: 0
2025-04-14 05:00:57,085 - ERROR - Error processing /mmfs1/home/sww35/testWatchAcc/LightHART/data/smartfallmm/young/accelerometer/watch/S33A05T07.csv: Insufficient valid data rows after cleaning: 0
2025-04-14 05:00:57,096 - INFO - Fixed 68 duplicate timestamps
2025-04-14 05:00:57,102 - WARNING - Found 28 time reversals
2025-04-14 05:00:57,374 - INFO - Fixed 1269 duplicate timestamps
2025-04-14 05:00:57,544 - WARNING - Found 515 time reversals
2025-04-14 05:00:57,575 - INFO - Fixed 68 duplicate timestamps
2025-04-14 05:00:57,581 - WARNING - Found 28 time reversals
2025-04-14 05:00:57,610 - INFO - Fixed 444 duplicate timestamps
2025-04-14 05:00:57,622 - WARNING - Found 149 time reversals
2025-04-14 05:00:57,650 - INFO - Fixed 567 duplicate timestamps
2025-04-14 05:00:57,662 - WARNING - Found 108 time reversals
2025-04-14 05:00:57,677 - INFO - Fixed 103 duplicate timestamps
2025-04-14 05:00:57,692 - INFO - Fixed 22 duplicate timestamps
2025-04-14 05:00:57,693 - WARNING - Found 3 time reversals
2025-04-14 05:00:57,701 - INFO - Fixed 53 duplicate timestamps
2025-04-14 05:00:57,704 - WARNING - Found 12 time reversals
/mmfs1/home/sww35/testWatchAcc/LightHART/utils/accelerometer_processor.py:44: UserWarning: Could not infer format, so each element will be parsed individually, falling back to `dateutil`. To ensure parsing is consistent and as-expected, please specify a format.
  timestamps = pd.to_datetime(data.iloc[:, 0], errors='coerce')
2025-04-14 05:00:57,738 - WARNING - Found 484 invalid timestamps at rows [0 1 2 3 4]...
2025-04-14 05:00:57,738 - ERROR - Error processing /mmfs1/home/sww35/testWatchAcc/LightHART/data/smartfallmm/young/accelerometer/watch/S33A07T10.csv: Insufficient valid data rows after cleaning: 0
2025-04-14 05:00:57,738 - ERROR - Error processing /mmfs1/home/sww35/testWatchAcc/LightHART/data/smartfallmm/young/accelerometer/watch/S33A07T10.csv: Insufficient valid data rows after cleaning: 0
/mmfs1/home/sww35/testWatchAcc/LightHART/utils/accelerometer_processor.py:44: UserWarning: Could not infer format, so each element will be parsed individually, falling back to `dateutil`. To ensure parsing is consistent and as-expected, please specify a format.
  timestamps = pd.to_datetime(data.iloc[:, 0], errors='coerce')
2025-04-14 05:00:57,768 - WARNING - Found 509 invalid timestamps at rows [0 1 2 3 4]...
2025-04-14 05:00:57,768 - ERROR - Error processing /mmfs1/home/sww35/testWatchAcc/LightHART/data/smartfallmm/young/accelerometer/watch/S33A08T08.csv: Insufficient valid data rows after cleaning: 0
2025-04-14 05:00:57,768 - ERROR - Error processing /mmfs1/home/sww35/testWatchAcc/LightHART/data/smartfallmm/young/accelerometer/watch/S33A08T08.csv: Insufficient valid data rows after cleaning: 0
/mmfs1/home/sww35/testWatchAcc/LightHART/utils/accelerometer_processor.py:44: UserWarning: Could not infer format, so each element will be parsed individually, falling back to `dateutil`. To ensure parsing is consistent and as-expected, please specify a format.
  timestamps = pd.to_datetime(data.iloc[:, 0], errors='coerce')
2025-04-14 05:00:57,770 - WARNING - Found 1 invalid timestamps at rows [0]...
2025-04-14 05:00:57,771 - ERROR - Error processing /mmfs1/home/sww35/testWatchAcc/LightHART/data/smartfallmm/young/accelerometer/watch/S33A03T04.csv: 0
2025-04-14 05:00:57,771 - ERROR - Error processing /mmfs1/home/sww35/testWatchAcc/LightHART/data/smartfallmm/young/accelerometer/watch/S33A03T04.csv: 0
2025-04-14 05:00:57,782 - INFO - Fixed 99 duplicate timestamps
2025-04-14 05:00:57,787 - WARNING - Found 31 time reversals
2025-04-14 05:00:57,791 - INFO - Fixed 1 duplicate timestamps
2025-04-14 05:00:57,805 - INFO - Fixed 56 duplicate timestamps
2025-04-14 05:00:57,850 - INFO - Fixed 630 duplicate timestamps
2025-04-14 05:00:57,867 - WARNING - Found 192 time reversals
2025-04-14 05:00:57,872 - INFO - Fixed 1 duplicate timestamps
2025-04-14 05:00:57,913 - INFO - Fixed 576 duplicate timestamps
2025-04-14 05:00:57,928 - WARNING - Found 228 time reversals
2025-04-14 05:00:57,975 - INFO - Fixed 800 duplicate timestamps
2025-04-14 05:00:57,991 - WARNING - Found 423 time reversals
2025-04-14 05:00:57,999 - INFO - Fixed 29 duplicate timestamps
2025-04-14 05:00:58,001 - WARNING - Found 10 time reversals
/mmfs1/home/sww35/testWatchAcc/LightHART/utils/accelerometer_processor.py:44: UserWarning: Could not infer format, so each element will be parsed individually, falling back to `dateutil`. To ensure parsing is consistent and as-expected, please specify a format.
  timestamps = pd.to_datetime(data.iloc[:, 0], errors='coerce')
2025-04-14 05:00:58,041 - WARNING - Found 469 invalid timestamps at rows [0 1 2 3 4]...
2025-04-14 05:00:58,041 - ERROR - Error processing /mmfs1/home/sww35/testWatchAcc/LightHART/data/smartfallmm/young/accelerometer/watch/S33A06T06.csv: Insufficient valid data rows after cleaning: 0
2025-04-14 05:00:58,041 - ERROR - Error processing /mmfs1/home/sww35/testWatchAcc/LightHART/data/smartfallmm/young/accelerometer/watch/S33A06T06.csv: Insufficient valid data rows after cleaning: 0
2025-04-14 05:00:58,051 - INFO - Fixed 19 duplicate timestamps
2025-04-14 05:00:58,056 - WARNING - Found 9 time reversals
2025-04-14 05:00:58,061 - INFO - Fixed 2 duplicate timestamps
2025-04-14 05:00:58,072 - INFO - Fixed 16 duplicate timestamps
2025-04-14 05:00:58,078 - INFO - Fixed 1 duplicate timestamps
/mmfs1/home/sww35/testWatchAcc/LightHART/utils/accelerometer_processor.py:44: UserWarning: Could not infer format, so each element will be parsed individually, falling back to `dateutil`. To ensure parsing is consistent and as-expected, please specify a format.
  timestamps = pd.to_datetime(data.iloc[:, 0], errors='coerce')
2025-04-14 05:00:58,108 - WARNING - Found 337 invalid timestamps at rows [0 1 2 3 4]...
2025-04-14 05:00:58,109 - ERROR - Error processing /mmfs1/home/sww35/testWatchAcc/LightHART/data/smartfallmm/young/accelerometer/watch/S33A03T11.csv: Insufficient valid data rows after cleaning: 0
2025-04-14 05:00:58,109 - ERROR - Error processing /mmfs1/home/sww35/testWatchAcc/LightHART/data/smartfallmm/young/accelerometer/watch/S33A03T11.csv: Insufficient valid data rows after cleaning: 0
2025-04-14 05:00:58,115 - INFO - Fixed 4 duplicate timestamps
2025-04-14 05:00:58,122 - INFO - Fixed 9 duplicate timestamps
2025-04-14 05:00:58,124 - WARNING - Found 1 time reversals
2025-04-14 05:00:58,129 - INFO - Fixed 2 duplicate timestamps
2025-04-14 05:00:58,136 - INFO - Fixed 11 duplicate timestamps
2025-04-14 05:00:58,142 - INFO - Fixed 8 duplicate timestamps
2025-04-14 05:00:58,156 - INFO - Fixed 68 duplicate timestamps
2025-04-14 05:00:58,162 - WARNING - Found 28 time reversals
2025-04-14 05:00:58,166 - INFO - Fixed 8 duplicate timestamps
2025-04-14 05:00:58,168 - WARNING - Found 1 time reversals
2025-04-14 05:00:58,173 - INFO - Fixed 4 duplicate timestamps
2025-04-14 05:00:58,187 - INFO - Fixed 99 duplicate timestamps
2025-04-14 05:00:58,204 - INFO - Fixed 55 duplicate timestamps
2025-04-14 05:00:58,206 - WARNING - Found 29 time reversals
/mmfs1/home/sww35/testWatchAcc/LightHART/utils/accelerometer_processor.py:44: UserWarning: Could not infer format, so each element will be parsed individually, falling back to `dateutil`. To ensure parsing is consistent and as-expected, please specify a format.
  timestamps = pd.to_datetime(data.iloc[:, 0], errors='coerce')
2025-04-14 05:00:58,242 - WARNING - Found 479 invalid timestamps at rows [0 1 2 3 4]...
2025-04-14 05:00:58,243 - ERROR - Error processing /mmfs1/home/sww35/testWatchAcc/LightHART/data/smartfallmm/young/accelerometer/watch/S33A13T11.csv: Insufficient valid data rows after cleaning: 0
2025-04-14 05:00:58,243 - ERROR - Error processing /mmfs1/home/sww35/testWatchAcc/LightHART/data/smartfallmm/young/accelerometer/watch/S33A13T11.csv: Insufficient valid data rows after cleaning: 0
2025-04-14 05:00:58,270 - INFO - Fixed 359 duplicate timestamps
2025-04-14 05:00:58,281 - WARNING - Found 123 time reversals
/mmfs1/home/sww35/testWatchAcc/LightHART/utils/accelerometer_processor.py:44: UserWarning: Could not infer format, so each element will be parsed individually, falling back to `dateutil`. To ensure parsing is consistent and as-expected, please specify a format.
  timestamps = pd.to_datetime(data.iloc[:, 0], errors='coerce')
2025-04-14 05:00:58,284 - WARNING - Found 28 invalid timestamps at rows [  0 454 455 456 457]...
2025-04-14 05:00:58,285 - ERROR - Error processing /mmfs1/home/sww35/testWatchAcc/LightHART/data/smartfallmm/young/accelerometer/watch/S33A14T03.csv: 0
2025-04-14 05:00:58,285 - ERROR - Error processing /mmfs1/home/sww35/testWatchAcc/LightHART/data/smartfallmm/young/accelerometer/watch/S33A14T03.csv: 0
2025-04-14 05:00:58,288 - INFO - Fixed 6 duplicate timestamps
/mmfs1/home/sww35/testWatchAcc/LightHART/utils/accelerometer_processor.py:44: UserWarning: Could not infer format, so each element will be parsed individually, falling back to `dateutil`. To ensure parsing is consistent and as-expected, please specify a format.
  timestamps = pd.to_datetime(data.iloc[:, 0], errors='coerce')
2025-04-14 05:00:58,292 - WARNING - Found 124 invalid timestamps at rows [  0 371 372 373 374]...
2025-04-14 05:00:58,292 - ERROR - Error processing /mmfs1/home/sww35/testWatchAcc/LightHART/data/smartfallmm/young/accelerometer/watch/S33A06T05.csv: 0
2025-04-14 05:00:58,293 - ERROR - Error processing /mmfs1/home/sww35/testWatchAcc/LightHART/data/smartfallmm/young/accelerometer/watch/S33A06T05.csv: 0
/mmfs1/home/sww35/testWatchAcc/LightHART/utils/accelerometer_processor.py:44: UserWarning: Could not infer format, so each element will be parsed individually, falling back to `dateutil`. To ensure parsing is consistent and as-expected, please specify a format.
  timestamps = pd.to_datetime(data.iloc[:, 0], errors='coerce')
2025-04-14 05:00:58,294 - WARNING - Found 1 invalid timestamps at rows [0]...
2025-04-14 05:00:58,295 - ERROR - Error processing /mmfs1/home/sww35/testWatchAcc/LightHART/data/smartfallmm/young/accelerometer/watch/S33A12T01.csv: 0
2025-04-14 05:00:58,295 - ERROR - Error processing /mmfs1/home/sww35/testWatchAcc/LightHART/data/smartfallmm/young/accelerometer/watch/S33A12T01.csv: 0
2025-04-14 05:00:58,299 - INFO - Fixed 10 duplicate timestamps
2025-04-14 05:00:58,300 - WARNING - Found 1 time reversals
/mmfs1/home/sww35/testWatchAcc/LightHART/utils/accelerometer_processor.py:44: UserWarning: Could not infer format, so each element will be parsed individually, falling back to `dateutil`. To ensure parsing is consistent and as-expected, please specify a format.
  timestamps = pd.to_datetime(data.iloc[:, 0], errors='coerce')
2025-04-14 05:00:58,335 - WARNING - Found 373 invalid timestamps at rows [0 1 2 3 4]...
2025-04-14 05:00:58,336 - ERROR - Error processing /mmfs1/home/sww35/testWatchAcc/LightHART/data/smartfallmm/young/accelerometer/watch/S33A09T05.csv: Insufficient valid data rows after cleaning: 0
2025-04-14 05:00:58,336 - ERROR - Error processing /mmfs1/home/sww35/testWatchAcc/LightHART/data/smartfallmm/young/accelerometer/watch/S33A09T05.csv: Insufficient valid data rows after cleaning: 0
2025-04-14 05:00:58,341 - INFO - Fixed 18 duplicate timestamps
/mmfs1/home/sww35/testWatchAcc/LightHART/utils/accelerometer_processor.py:44: UserWarning: Could not infer format, so each element will be parsed individually, falling back to `dateutil`. To ensure parsing is consistent and as-expected, please specify a format.
  timestamps = pd.to_datetime(data.iloc[:, 0], errors='coerce')
2025-04-14 05:00:58,345 - WARNING - Found 171 invalid timestamps at rows [  0 341 342 343 344]...
2025-04-14 05:00:58,346 - ERROR - Error processing /mmfs1/home/sww35/testWatchAcc/LightHART/data/smartfallmm/young/accelerometer/watch/S33A02T03.csv: 0
2025-04-14 05:00:58,346 - ERROR - Error processing /mmfs1/home/sww35/testWatchAcc/LightHART/data/smartfallmm/young/accelerometer/watch/S33A02T03.csv: 0
2025-04-14 05:00:58,373 - INFO - Fixed 472 duplicate timestamps
2025-04-14 05:00:58,386 - WARNING - Found 168 time reversals
2025-04-14 05:00:58,420 - INFO - Fixed 532 duplicate timestamps
2025-04-14 05:00:58,434 - WARNING - Found 126 time reversals
/mmfs1/home/sww35/testWatchAcc/LightHART/utils/accelerometer_processor.py:44: UserWarning: Could not infer format, so each element will be parsed individually, falling back to `dateutil`. To ensure parsing is consistent and as-expected, please specify a format.
  timestamps = pd.to_datetime(data.iloc[:, 0], errors='coerce')
2025-04-14 05:00:58,437 - WARNING - Found 1 invalid timestamps at rows [0]...
2025-04-14 05:00:58,438 - ERROR - Error processing /mmfs1/home/sww35/testWatchAcc/LightHART/data/smartfallmm/young/accelerometer/watch/S33A12T02.csv: 0
2025-04-14 05:00:58,438 - ERROR - Error processing /mmfs1/home/sww35/testWatchAcc/LightHART/data/smartfallmm/young/accelerometer/watch/S33A12T02.csv: 0
2025-04-14 05:00:58,442 - INFO - Fixed 1 duplicate timestamps
2025-04-14 05:00:58,449 - INFO - Fixed 34 duplicate timestamps
2025-04-14 05:00:58,466 - INFO - Fixed 44 duplicate timestamps
2025-04-14 05:00:58,473 - WARNING - Found 14 time reversals
2025-04-14 05:00:58,503 - INFO - Fixed 463 duplicate timestamps
2025-04-14 05:00:58,514 - WARNING - Found 170 time reversals
2025-04-14 05:00:58,522 - INFO - Fixed 10 duplicate timestamps
2025-04-14 05:00:58,524 - WARNING - Found 1 time reversals
2025-04-14 05:00:58,538 - INFO - Fixed 41 duplicate timestamps
2025-04-14 05:00:58,545 - WARNING - Found 17 time reversals
2025-04-14 05:00:58,551 - INFO - Fixed 9 duplicate timestamps
2025-04-14 05:00:58,559 - INFO - Fixed 30 duplicate timestamps
2025-04-14 05:00:58,593 - INFO - Fixed 454 duplicate timestamps
2025-04-14 05:00:58,605 - WARNING - Found 180 time reversals
2025-04-14 05:00:58,619 - INFO - Fixed 20 duplicate timestamps
2025-04-14 05:00:58,633 - INFO - Fixed 55 duplicate timestamps
2025-04-14 05:00:58,635 - WARNING - Found 13 time reversals
2025-04-14 05:00:58,639 - INFO - Fixed 3 duplicate timestamps
2025-04-14 05:00:58,646 - INFO - Fixed 5 duplicate timestamps
2025-04-14 05:00:58,666 - INFO - Fixed 25 duplicate timestamps
2025-04-14 05:00:58,673 - WARNING - Found 8 time reversals
2025-04-14 05:00:58,688 - INFO - Fixed 135 duplicate timestamps
2025-04-14 05:00:58,695 - WARNING - Found 36 time reversals
2025-04-14 05:00:58,706 - INFO - Fixed 13 duplicate timestamps
2025-04-14 05:00:58,714 - INFO - Fixed 1 duplicate timestamps
2025-04-14 05:00:58,720 - INFO - Fixed 8 duplicate timestamps
2025-04-14 05:00:58,721 - WARNING - Found 1 time reversals
2025-04-14 05:00:58,759 - INFO - Fixed 558 duplicate timestamps
2025-04-14 05:00:58,772 - WARNING - Found 206 time reversals
2025-04-14 05:00:58,786 - INFO - Fixed 68 duplicate timestamps
2025-04-14 05:00:58,792 - WARNING - Found 28 time reversals
2025-04-14 05:00:58,799 - INFO - Fixed 23 duplicate timestamps
2025-04-14 05:00:58,841 - INFO - Fixed 600 duplicate timestamps
2025-04-14 05:00:58,856 - WARNING - Found 225 time reversals
2025-04-14 05:00:58,863 - INFO - Fixed 33 duplicate timestamps
2025-04-14 05:00:58,866 - WARNING - Found 17 time reversals
2025-04-14 05:00:58,873 - INFO - Fixed 28 duplicate timestamps
2025-04-14 05:00:58,883 - INFO - Fixed 5 duplicate timestamps
2025-04-14 05:00:58,890 - INFO - Fixed 9 duplicate timestamps
2025-04-14 05:00:58,900 - INFO - Fixed 13 duplicate timestamps
2025-04-14 05:00:58,911 - INFO - Fixed 62 duplicate timestamps
2025-04-14 05:00:58,914 - WARNING - Found 22 time reversals
/mmfs1/home/sww35/testWatchAcc/LightHART/utils/accelerometer_processor.py:44: UserWarning: Could not infer format, so each element will be parsed individually, falling back to `dateutil`. To ensure parsing is consistent and as-expected, please specify a format.
  timestamps = pd.to_datetime(data.iloc[:, 0], errors='coerce')
2025-04-14 05:00:58,916 - WARNING - Found 1 invalid timestamps at rows [0]...
2025-04-14 05:00:58,917 - ERROR - Error processing /mmfs1/home/sww35/testWatchAcc/LightHART/data/smartfallmm/young/accelerometer/watch/S33A06T03.csv: 0
2025-04-14 05:00:58,917 - ERROR - Error processing /mmfs1/home/sww35/testWatchAcc/LightHART/data/smartfallmm/young/accelerometer/watch/S33A06T03.csv: 0
/mmfs1/home/sww35/testWatchAcc/LightHART/utils/accelerometer_processor.py:44: UserWarning: Could not infer format, so each element will be parsed individually, falling back to `dateutil`. To ensure parsing is consistent and as-expected, please specify a format.
  timestamps = pd.to_datetime(data.iloc[:, 0], errors='coerce')
2025-04-14 05:00:58,919 - WARNING - Found 30 invalid timestamps at rows [  0 451 452 453 454]...
2025-04-14 05:00:58,920 - ERROR - Error processing /mmfs1/home/sww35/testWatchAcc/LightHART/data/smartfallmm/young/accelerometer/watch/S33A03T05.csv: 0
2025-04-14 05:00:58,920 - ERROR - Error processing /mmfs1/home/sww35/testWatchAcc/LightHART/data/smartfallmm/young/accelerometer/watch/S33A03T05.csv: 0
2025-04-14 05:00:58,969 - INFO - Fixed 887 duplicate timestamps
2025-04-14 05:00:58,987 - WARNING - Found 351 time reversals
2025-04-14 05:00:58,995 - INFO - Fixed 27 duplicate timestamps
/mmfs1/home/sww35/testWatchAcc/LightHART/utils/accelerometer_processor.py:44: UserWarning: Could not infer format, so each element will be parsed individually, falling back to `dateutil`. To ensure parsing is consistent and as-expected, please specify a format.
  timestamps = pd.to_datetime(data.iloc[:, 0], errors='coerce')
2025-04-14 05:00:59,033 - WARNING - Found 486 invalid timestamps at rows [0 1 2 3 4]...
2025-04-14 05:00:59,033 - ERROR - Error processing /mmfs1/home/sww35/testWatchAcc/LightHART/data/smartfallmm/young/accelerometer/watch/S33A11T02.csv: Insufficient valid data rows after cleaning: 0
2025-04-14 05:00:59,033 - ERROR - Error processing /mmfs1/home/sww35/testWatchAcc/LightHART/data/smartfallmm/young/accelerometer/watch/S33A11T02.csv: Insufficient valid data rows after cleaning: 0
2025-04-14 05:00:59,108 - INFO - Fixed 1512 duplicate timestamps
2025-04-14 05:00:59,132 - WARNING - Found 535 time reversals
2025-04-14 05:00:59,138 - INFO - Fixed 7 duplicate timestamps
2025-04-14 05:00:59,146 - INFO - Fixed 6 duplicate timestamps
/mmfs1/home/sww35/testWatchAcc/LightHART/utils/accelerometer_processor.py:44: UserWarning: Could not infer format, so each element will be parsed individually, falling back to `dateutil`. To ensure parsing is consistent and as-expected, please specify a format.
  timestamps = pd.to_datetime(data.iloc[:, 0], errors='coerce')
2025-04-14 05:00:59,178 - WARNING - Found 509 invalid timestamps at rows [0 1 2 3 4]...
2025-04-14 05:00:59,179 - ERROR - Error processing /mmfs1/home/sww35/testWatchAcc/LightHART/data/smartfallmm/young/accelerometer/watch/S33A08T09.csv: Insufficient valid data rows after cleaning: 0
2025-04-14 05:00:59,179 - ERROR - Error processing /mmfs1/home/sww35/testWatchAcc/LightHART/data/smartfallmm/young/accelerometer/watch/S33A08T09.csv: Insufficient valid data rows after cleaning: 0
2025-04-14 05:00:59,182 - INFO - Fixed 7 duplicate timestamps
2025-04-14 05:00:59,184 - WARNING - Found 1 time reversals
/mmfs1/home/sww35/testWatchAcc/LightHART/utils/accelerometer_processor.py:44: UserWarning: Could not infer format, so each element will be parsed individually, falling back to `dateutil`. To ensure parsing is consistent and as-expected, please specify a format.
  timestamps = pd.to_datetime(data.iloc[:, 0], errors='coerce')
2025-04-14 05:00:59,193 - WARNING - Found 97 invalid timestamps at rows [0 1 2 3 4]...
2025-04-14 05:00:59,193 - ERROR - Error processing /mmfs1/home/sww35/testWatchAcc/LightHART/data/smartfallmm/young/accelerometer/watch/S33A05T06.csv: Insufficient valid data rows after cleaning: 0
2025-04-14 05:00:59,193 - ERROR - Error processing /mmfs1/home/sww35/testWatchAcc/LightHART/data/smartfallmm/young/accelerometer/watch/S33A05T06.csv: Insufficient valid data rows after cleaning: 0
/mmfs1/home/sww35/testWatchAcc/LightHART/utils/accelerometer_processor.py:44: UserWarning: Could not infer format, so each element will be parsed individually, falling back to `dateutil`. To ensure parsing is consistent and as-expected, please specify a format.
  timestamps = pd.to_datetime(data.iloc[:, 0], errors='coerce')
2025-04-14 05:00:59,195 - WARNING - Found 107 invalid timestamps at rows [  0 383 384 385 386]...
2025-04-14 05:00:59,196 - ERROR - Error processing /mmfs1/home/sww35/testWatchAcc/LightHART/data/smartfallmm/young/accelerometer/watch/S33A05T02.csv: 0
2025-04-14 05:00:59,196 - ERROR - Error processing /mmfs1/home/sww35/testWatchAcc/LightHART/data/smartfallmm/young/accelerometer/watch/S33A05T02.csv: 0
2025-04-14 05:00:59,238 - INFO - Fixed 747 duplicate timestamps
2025-04-14 05:00:59,252 - WARNING - Found 371 time reversals
2025-04-14 05:00:59,258 - INFO - Fixed 10 duplicate timestamps
2025-04-14 05:00:59,266 - INFO - Fixed 9 duplicate timestamps
2025-04-14 05:00:59,269 - WARNING - Found 1 time reversals
2025-04-14 05:00:59,276 - INFO - Fixed 1 duplicate timestamps
2025-04-14 05:00:59,282 - INFO - Fixed 2 duplicate timestamps
2025-04-14 05:00:59,296 - INFO - Fixed 36 duplicate timestamps
2025-04-14 05:00:59,303 - WARNING - Found 12 time reversals
2025-04-14 05:00:59,315 - INFO - Fixed 60 duplicate timestamps
2025-04-14 05:00:59,321 - WARNING - Found 19 time reversals
2025-04-14 05:00:59,333 - INFO - Fixed 68 duplicate timestamps
2025-04-14 05:00:59,339 - WARNING - Found 28 time reversals
2025-04-14 05:00:59,350 - INFO - Fixed 83 duplicate timestamps
2025-04-14 05:00:59,355 - WARNING - Found 17 time reversals
2025-04-14 05:00:59,364 - INFO - Fixed 61 duplicate timestamps
2025-04-14 05:00:59,367 - WARNING - Found 21 time reversals
2025-04-14 05:00:59,373 - INFO - Fixed 3 duplicate timestamps
2025-04-14 05:00:59,379 - INFO - Fixed 5 duplicate timestamps
2025-04-14 05:00:59,386 - INFO - Fixed 17 duplicate timestamps
2025-04-14 05:00:59,393 - INFO - Fixed 11 duplicate timestamps
2025-04-14 05:00:59,409 - INFO - Fixed 48 duplicate timestamps
2025-04-14 05:00:59,424 - WARNING - Found 26 time reversals
2025-04-14 05:00:59,439 - INFO - Fixed 69 duplicate timestamps
2025-04-14 05:00:59,447 - WARNING - Found 17 time reversals
2025-04-14 05:00:59,465 - INFO - Fixed 46 duplicate timestamps
2025-04-14 05:00:59,474 - WARNING - Found 12 time reversals
2025-04-14 05:00:59,486 - INFO - Fixed 68 duplicate timestamps
2025-04-14 05:00:59,491 - WARNING - Found 28 time reversals
2025-04-14 05:00:59,497 - INFO - Fixed 14 duplicate timestamps
2025-04-14 05:00:59,499 - WARNING - Found 2 time reversals
2025-04-14 05:00:59,512 - INFO - Fixed 40 duplicate timestamps
2025-04-14 05:00:59,518 - WARNING - Found 13 time reversals
2025-04-14 05:00:59,523 - INFO - Fixed 4 duplicate timestamps
2025-04-14 05:00:59,552 - INFO - Fixed 92 duplicate timestamps
2025-04-14 05:00:59,569 - WARNING - Found 39 time reversals
2025-04-14 05:00:59,574 - INFO - Fixed 8 duplicate timestamps
2025-04-14 05:00:59,575 - WARNING - Found 1 time reversals
2025-04-14 05:00:59,581 - INFO - Fixed 9 duplicate timestamps
2025-04-14 05:00:59,590 - INFO - Fixed 54 duplicate timestamps
2025-04-14 05:00:59,591 - WARNING - Found 13 time reversals
/mmfs1/home/sww35/testWatchAcc/LightHART/utils/accelerometer_processor.py:44: UserWarning: Could not infer format, so each element will be parsed individually, falling back to `dateutil`. To ensure parsing is consistent and as-expected, please specify a format.
  timestamps = pd.to_datetime(data.iloc[:, 0], errors='coerce')
2025-04-14 05:00:59,598 - WARNING - Found 64 invalid timestamps at rows [0 1 2 3 4]...
2025-04-14 05:00:59,598 - ERROR - Error processing /mmfs1/home/sww35/testWatchAcc/LightHART/data/smartfallmm/young/accelerometer/watch/S33A03T10.csv: Insufficient valid data rows after cleaning: 0
2025-04-14 05:00:59,598 - ERROR - Error processing /mmfs1/home/sww35/testWatchAcc/LightHART/data/smartfallmm/young/accelerometer/watch/S33A03T10.csv: Insufficient valid data rows after cleaning: 0
2025-04-14 05:00:59,611 - INFO - Fixed 164 duplicate timestamps
2025-04-14 05:00:59,615 - WARNING - Found 35 time reversals
/mmfs1/home/sww35/testWatchAcc/LightHART/utils/accelerometer_processor.py:44: UserWarning: Could not infer format, so each element will be parsed individually, falling back to `dateutil`. To ensure parsing is consistent and as-expected, please specify a format.
  timestamps = pd.to_datetime(data.iloc[:, 0], errors='coerce')
2025-04-14 05:00:59,651 - WARNING - Found 472 invalid timestamps at rows [0 1 2 3 4]...
2025-04-14 05:00:59,651 - ERROR - Error processing /mmfs1/home/sww35/testWatchAcc/LightHART/data/smartfallmm/young/accelerometer/watch/S33A03T07.csv: Insufficient valid data rows after cleaning: 0
2025-04-14 05:00:59,651 - ERROR - Error processing /mmfs1/home/sww35/testWatchAcc/LightHART/data/smartfallmm/young/accelerometer/watch/S33A03T07.csv: Insufficient valid data rows after cleaning: 0
2025-04-14 05:00:59,663 - INFO - Fixed 48 duplicate timestamps
2025-04-14 05:00:59,669 - WARNING - Found 18 time reversals
2025-04-14 05:00:59,676 - INFO - Fixed 19 duplicate timestamps
2025-04-14 05:00:59,680 - WARNING - Found 3 time reversals
/mmfs1/home/sww35/testWatchAcc/LightHART/utils/accelerometer_processor.py:44: UserWarning: Could not infer format, so each element will be parsed individually, falling back to `dateutil`. To ensure parsing is consistent and as-expected, please specify a format.
  timestamps = pd.to_datetime(data.iloc[:, 0], errors='coerce')
2025-04-14 05:00:59,685 - WARNING - Found 169 invalid timestamps at rows [  0 342 343 344 345]...
2025-04-14 05:00:59,685 - ERROR - Error processing /mmfs1/home/sww35/testWatchAcc/LightHART/data/smartfallmm/young/accelerometer/watch/S33A08T01.csv: 0
2025-04-14 05:00:59,685 - ERROR - Error processing /mmfs1/home/sww35/testWatchAcc/LightHART/data/smartfallmm/young/accelerometer/watch/S33A08T01.csv: 0
/mmfs1/home/sww35/testWatchAcc/LightHART/utils/accelerometer_processor.py:44: UserWarning: Could not infer format, so each element will be parsed individually, falling back to `dateutil`. To ensure parsing is consistent and as-expected, please specify a format.
  timestamps = pd.to_datetime(data.iloc[:, 0], errors='coerce')
2025-04-14 05:00:59,713 - WARNING - Found 366 invalid timestamps at rows [0 1 2 3 4]...
2025-04-14 05:00:59,713 - ERROR - Error processing /mmfs1/home/sww35/testWatchAcc/LightHART/data/smartfallmm/young/accelerometer/watch/S33A13T08.csv: Insufficient valid data rows after cleaning: 0
2025-04-14 05:00:59,713 - ERROR - Error processing /mmfs1/home/sww35/testWatchAcc/LightHART/data/smartfallmm/young/accelerometer/watch/S33A13T08.csv: Insufficient valid data rows after cleaning: 0
2025-04-14 05:00:59,718 - INFO - Fixed 2 duplicate timestamps
2025-04-14 05:00:59,727 - INFO - Fixed 12 duplicate timestamps
2025-04-14 05:00:59,765 - INFO - Fixed 552 duplicate timestamps
2025-04-14 05:00:59,778 - WARNING - Found 233 time reversals
2025-04-14 05:00:59,784 - INFO - Fixed 1 duplicate timestamps
2025-04-14 05:00:59,790 - INFO - Fixed 5 duplicate timestamps
2025-04-14 05:00:59,801 - INFO - Fixed 14 duplicate timestamps
2025-04-14 05:00:59,806 - WARNING - Found 2 time reversals
/mmfs1/home/sww35/testWatchAcc/LightHART/utils/accelerometer_processor.py:44: UserWarning: Could not infer format, so each element will be parsed individually, falling back to `dateutil`. To ensure parsing is consistent and as-expected, please specify a format.
  timestamps = pd.to_datetime(data.iloc[:, 0], errors='coerce')
2025-04-14 05:00:59,809 - WARNING - Found 98 invalid timestamps at rows [  0 392 393 394 395]...
2025-04-14 05:00:59,810 - ERROR - Error processing /mmfs1/home/sww35/testWatchAcc/LightHART/data/smartfallmm/young/accelerometer/watch/S33A06T02.csv: 0
2025-04-14 05:00:59,810 - ERROR - Error processing /mmfs1/home/sww35/testWatchAcc/LightHART/data/smartfallmm/young/accelerometer/watch/S33A06T02.csv: 0
/mmfs1/home/sww35/testWatchAcc/LightHART/utils/accelerometer_processor.py:44: UserWarning: Could not infer format, so each element will be parsed individually, falling back to `dateutil`. To ensure parsing is consistent and as-expected, please specify a format.
  timestamps = pd.to_datetime(data.iloc[:, 0], errors='coerce')
2025-04-14 05:00:59,825 - WARNING - Found 183 invalid timestamps at rows [0 1 2 3 4]...
2025-04-14 05:00:59,825 - ERROR - Error processing /mmfs1/home/sww35/testWatchAcc/LightHART/data/smartfallmm/young/accelerometer/watch/S33A01T03.csv: Insufficient valid data rows after cleaning: 0
2025-04-14 05:00:59,826 - ERROR - Error processing /mmfs1/home/sww35/testWatchAcc/LightHART/data/smartfallmm/young/accelerometer/watch/S33A01T03.csv: Insufficient valid data rows after cleaning: 0
2025-04-14 05:00:59,830 - INFO - Fixed 11 duplicate timestamps
2025-04-14 05:00:59,832 - WARNING - Found 1 time reversals
2025-04-14 05:00:59,847 - INFO - Fixed 74 duplicate timestamps
2025-04-14 05:00:59,855 - WARNING - Found 22 time reversals
2025-04-14 05:00:59,860 - INFO - Fixed 2 duplicate timestamps
2025-04-14 05:00:59,867 - INFO - Fixed 3 duplicate timestamps
2025-04-14 05:00:59,886 - INFO - Fixed 68 duplicate timestamps
2025-04-14 05:00:59,896 - WARNING - Found 33 time reversals
/mmfs1/home/sww35/testWatchAcc/LightHART/utils/accelerometer_processor.py:44: UserWarning: Could not infer format, so each element will be parsed individually, falling back to `dateutil`. To ensure parsing is consistent and as-expected, please specify a format.
  timestamps = pd.to_datetime(data.iloc[:, 0], errors='coerce')
2025-04-14 05:00:59,932 - WARNING - Found 486 invalid timestamps at rows [0 1 2 3 4]...
2025-04-14 05:00:59,932 - ERROR - Error processing /mmfs1/home/sww35/testWatchAcc/LightHART/data/smartfallmm/young/accelerometer/watch/S33A09T09.csv: Insufficient valid data rows after cleaning: 0
2025-04-14 05:00:59,932 - ERROR - Error processing /mmfs1/home/sww35/testWatchAcc/LightHART/data/smartfallmm/young/accelerometer/watch/S33A09T09.csv: Insufficient valid data rows after cleaning: 0
/mmfs1/home/sww35/testWatchAcc/LightHART/utils/accelerometer_processor.py:44: UserWarning: Could not infer format, so each element will be parsed individually, falling back to `dateutil`. To ensure parsing is consistent and as-expected, please specify a format.
  timestamps = pd.to_datetime(data.iloc[:, 0], errors='coerce')
2025-04-14 05:00:59,937 - WARNING - Found 1 invalid timestamps at rows [0]...
2025-04-14 05:00:59,938 - ERROR - Error processing /mmfs1/home/sww35/testWatchAcc/LightHART/data/smartfallmm/young/accelerometer/watch/S33A10T02.csv: 0
2025-04-14 05:00:59,938 - ERROR - Error processing /mmfs1/home/sww35/testWatchAcc/LightHART/data/smartfallmm/young/accelerometer/watch/S33A10T02.csv: 0
2025-04-14 05:00:59,947 - INFO - Fixed 121 duplicate timestamps
2025-04-14 05:00:59,950 - WARNING - Found 41 time reversals
2025-04-14 05:00:59,984 - INFO - Fixed 755 duplicate timestamps
2025-04-14 05:00:59,998 - WARNING - Found 167 time reversals
/mmfs1/home/sww35/testWatchAcc/LightHART/utils/accelerometer_processor.py:44: UserWarning: Could not infer format, so each element will be parsed individually, falling back to `dateutil`. To ensure parsing is consistent and as-expected, please specify a format.
  timestamps = pd.to_datetime(data.iloc[:, 0], errors='coerce')
2025-04-14 05:01:00,006 - WARNING - Found 1 invalid timestamps at rows [0]...
2025-04-14 05:01:00,007 - ERROR - Error processing /mmfs1/home/sww35/testWatchAcc/LightHART/data/smartfallmm/young/accelerometer/watch/S33A09T03.csv: 0
2025-04-14 05:01:00,007 - ERROR - Error processing /mmfs1/home/sww35/testWatchAcc/LightHART/data/smartfallmm/young/accelerometer/watch/S33A09T03.csv: 0
2025-04-14 05:01:00,012 - INFO - Fixed 9 duplicate timestamps
/mmfs1/home/sww35/testWatchAcc/LightHART/utils/accelerometer_processor.py:44: UserWarning: Could not infer format, so each element will be parsed individually, falling back to `dateutil`. To ensure parsing is consistent and as-expected, please specify a format.
  timestamps = pd.to_datetime(data.iloc[:, 0], errors='coerce')
2025-04-14 05:01:00,047 - WARNING - Found 510 invalid timestamps at rows [0 1 2 3 4]...
2025-04-14 05:01:00,048 - ERROR - Error processing /mmfs1/home/sww35/testWatchAcc/LightHART/data/smartfallmm/young/accelerometer/watch/S33A02T04.csv: Insufficient valid data rows after cleaning: 0
2025-04-14 05:01:00,048 - ERROR - Error processing /mmfs1/home/sww35/testWatchAcc/LightHART/data/smartfallmm/young/accelerometer/watch/S33A02T04.csv: Insufficient valid data rows after cleaning: 0
/mmfs1/home/sww35/testWatchAcc/LightHART/utils/accelerometer_processor.py:44: UserWarning: Could not infer format, so each element will be parsed individually, falling back to `dateutil`. To ensure parsing is consistent and as-expected, please specify a format.
  timestamps = pd.to_datetime(data.iloc[:, 0], errors='coerce')
2025-04-14 05:01:00,050 - WARNING - Found 109 invalid timestamps at rows [  0 386 387 388 389]...
2025-04-14 05:01:00,050 - ERROR - Error processing /mmfs1/home/sww35/testWatchAcc/LightHART/data/smartfallmm/young/accelerometer/watch/S33A13T01.csv: 0
2025-04-14 05:01:00,051 - ERROR - Error processing /mmfs1/home/sww35/testWatchAcc/LightHART/data/smartfallmm/young/accelerometer/watch/S33A13T01.csv: 0
/mmfs1/home/sww35/testWatchAcc/LightHART/utils/accelerometer_processor.py:44: UserWarning: Could not infer format, so each element will be parsed individually, falling back to `dateutil`. To ensure parsing is consistent and as-expected, please specify a format.
  timestamps = pd.to_datetime(data.iloc[:, 0], errors='coerce')
2025-04-14 05:01:00,081 - WARNING - Found 509 invalid timestamps at rows [0 1 2 3 4]...
2025-04-14 05:01:00,081 - ERROR - Error processing /mmfs1/home/sww35/testWatchAcc/LightHART/data/smartfallmm/young/accelerometer/watch/S33A08T03.csv: Insufficient valid data rows after cleaning: 0
2025-04-14 05:01:00,081 - ERROR - Error processing /mmfs1/home/sww35/testWatchAcc/LightHART/data/smartfallmm/young/accelerometer/watch/S33A08T03.csv: Insufficient valid data rows after cleaning: 0
/mmfs1/home/sww35/testWatchAcc/LightHART/utils/accelerometer_processor.py:44: UserWarning: Could not infer format, so each element will be parsed individually, falling back to `dateutil`. To ensure parsing is consistent and as-expected, please specify a format.
  timestamps = pd.to_datetime(data.iloc[:, 0], errors='coerce')
2025-04-14 05:01:00,107 - WARNING - Found 335 invalid timestamps at rows [0 1 2 3 4]...
2025-04-14 05:01:00,107 - ERROR - Error processing /mmfs1/home/sww35/testWatchAcc/LightHART/data/smartfallmm/young/accelerometer/watch/S33A07T09.csv: Insufficient valid data rows after cleaning: 0
2025-04-14 05:01:00,107 - ERROR - Error processing /mmfs1/home/sww35/testWatchAcc/LightHART/data/smartfallmm/young/accelerometer/watch/S33A07T09.csv: Insufficient valid data rows after cleaning: 0
2025-04-14 05:01:00,120 - INFO - Fixed 12 duplicate timestamps
2025-04-14 05:01:00,125 - WARNING - Found 1 time reversals
2025-04-14 05:01:00,129 - INFO - Fixed 2 duplicate timestamps
/mmfs1/home/sww35/testWatchAcc/LightHART/utils/accelerometer_processor.py:44: UserWarning: Could not infer format, so each element will be parsed individually, falling back to `dateutil`. To ensure parsing is consistent and as-expected, please specify a format.
  timestamps = pd.to_datetime(data.iloc[:, 0], errors='coerce')
2025-04-14 05:01:00,160 - WARNING - Found 511 invalid timestamps at rows [0 1 2 3 4]...
2025-04-14 05:01:00,160 - ERROR - Error processing /mmfs1/home/sww35/testWatchAcc/LightHART/data/smartfallmm/young/accelerometer/watch/S33A03T14.csv: Insufficient valid data rows after cleaning: 0
2025-04-14 05:01:00,161 - ERROR - Error processing /mmfs1/home/sww35/testWatchAcc/LightHART/data/smartfallmm/young/accelerometer/watch/S33A03T14.csv: Insufficient valid data rows after cleaning: 0
2025-04-14 05:01:00,194 - INFO - Fixed 505 duplicate timestamps
2025-04-14 05:01:00,206 - WARNING - Found 180 time reversals
2025-04-14 05:01:00,219 - INFO - Fixed 68 duplicate timestamps
2025-04-14 05:01:00,225 - WARNING - Found 28 time reversals
2025-04-14 05:01:00,230 - INFO - Fixed 6 duplicate timestamps
2025-04-14 05:01:00,261 - INFO - Fixed 452 duplicate timestamps
2025-04-14 05:01:00,272 - WARNING - Found 132 time reversals
/mmfs1/home/sww35/testWatchAcc/LightHART/utils/accelerometer_processor.py:44: UserWarning: Could not infer format, so each element will be parsed individually, falling back to `dateutil`. To ensure parsing is consistent and as-expected, please specify a format.
  timestamps = pd.to_datetime(data.iloc[:, 0], errors='coerce')
2025-04-14 05:01:00,295 - WARNING - Found 288 invalid timestamps at rows [0 1 2 3 4]...
2025-04-14 05:01:00,295 - ERROR - Error processing /mmfs1/home/sww35/testWatchAcc/LightHART/data/smartfallmm/young/accelerometer/watch/S33A11T03.csv: Insufficient valid data rows after cleaning: 0
2025-04-14 05:01:00,295 - ERROR - Error processing /mmfs1/home/sww35/testWatchAcc/LightHART/data/smartfallmm/young/accelerometer/watch/S33A11T03.csv: Insufficient valid data rows after cleaning: 0
2025-04-14 05:01:00,303 - INFO - Fixed 7 duplicate timestamps
2025-04-14 05:01:00,305 - WARNING - Found 1 time reversals
/mmfs1/home/sww35/testWatchAcc/LightHART/utils/accelerometer_processor.py:44: UserWarning: Could not infer format, so each element will be parsed individually, falling back to `dateutil`. To ensure parsing is consistent and as-expected, please specify a format.
  timestamps = pd.to_datetime(data.iloc[:, 0], errors='coerce')
2025-04-14 05:01:00,307 - WARNING - Found 160 invalid timestamps at rows [  0 320 321 322 323]...
2025-04-14 05:01:00,308 - ERROR - Error processing /mmfs1/home/sww35/testWatchAcc/LightHART/data/smartfallmm/young/accelerometer/watch/S33A07T03.csv: 0
2025-04-14 05:01:00,308 - ERROR - Error processing /mmfs1/home/sww35/testWatchAcc/LightHART/data/smartfallmm/young/accelerometer/watch/S33A07T03.csv: 0
2025-04-14 05:01:00,335 - INFO - Fixed 120 duplicate timestamps
2025-04-14 05:01:00,350 - WARNING - Found 35 time reversals
2025-04-14 05:01:00,358 - INFO - Fixed 47 duplicate timestamps
2025-04-14 05:01:00,360 - WARNING - Found 17 time reversals
2025-04-14 05:01:00,379 - INFO - Fixed 100 duplicate timestamps
2025-04-14 05:01:00,388 - WARNING - Found 33 time reversals
2025-04-14 05:01:00,394 - INFO - Fixed 34 duplicate timestamps
2025-04-14 05:01:00,401 - INFO - Fixed 52 duplicate timestamps
2025-04-14 05:01:00,403 - WARNING - Found 9 time reversals
/mmfs1/home/sww35/testWatchAcc/LightHART/utils/accelerometer_processor.py:44: UserWarning: Could not infer format, so each element will be parsed individually, falling back to `dateutil`. To ensure parsing is consistent and as-expected, please specify a format.
  timestamps = pd.to_datetime(data.iloc[:, 0], errors='coerce')
2025-04-14 05:01:00,445 - WARNING - Found 618 invalid timestamps at rows [0 1 2 3 4]...
2025-04-14 05:01:00,446 - ERROR - Error processing /mmfs1/home/sww35/testWatchAcc/LightHART/data/smartfallmm/young/accelerometer/watch/S33A05T04.csv: Insufficient valid data rows after cleaning: 0
2025-04-14 05:01:00,446 - ERROR - Error processing /mmfs1/home/sww35/testWatchAcc/LightHART/data/smartfallmm/young/accelerometer/watch/S33A05T04.csv: Insufficient valid data rows after cleaning: 0
2025-04-14 05:01:00,451 - INFO - Fixed 1 duplicate timestamps
2025-04-14 05:01:00,459 - INFO - Fixed 38 duplicate timestamps
2025-04-14 05:01:00,461 - WARNING - Found 5 time reversals
/mmfs1/home/sww35/testWatchAcc/LightHART/utils/accelerometer_processor.py:44: UserWarning: Could not infer format, so each element will be parsed individually, falling back to `dateutil`. To ensure parsing is consistent and as-expected, please specify a format.
  timestamps = pd.to_datetime(data.iloc[:, 0], errors='coerce')
2025-04-14 05:01:00,464 - WARNING - Found 1 invalid timestamps at rows [0]...
2025-04-14 05:01:00,464 - ERROR - Error processing /mmfs1/home/sww35/testWatchAcc/LightHART/data/smartfallmm/young/accelerometer/watch/S33A05T01.csv: 0
2025-04-14 05:01:00,464 - ERROR - Error processing /mmfs1/home/sww35/testWatchAcc/LightHART/data/smartfallmm/young/accelerometer/watch/S33A05T01.csv: 0
2025-04-14 05:01:00,505 - INFO - Fixed 642 duplicate timestamps
2025-04-14 05:01:00,524 - WARNING - Found 228 time reversals
2025-04-14 05:01:00,530 - INFO - Fixed 23 duplicate timestamps
/mmfs1/home/sww35/testWatchAcc/LightHART/utils/accelerometer_processor.py:44: UserWarning: Could not infer format, so each element will be parsed individually, falling back to `dateutil`. To ensure parsing is consistent and as-expected, please specify a format.
  timestamps = pd.to_datetime(data.iloc[:, 0], errors='coerce')
2025-04-14 05:01:00,563 - WARNING - Found 495 invalid timestamps at rows [0 1 2 3 4]...
2025-04-14 05:01:00,563 - ERROR - Error processing /mmfs1/home/sww35/testWatchAcc/LightHART/data/smartfallmm/young/accelerometer/watch/S33A03T06.csv: Insufficient valid data rows after cleaning: 0
2025-04-14 05:01:00,563 - ERROR - Error processing /mmfs1/home/sww35/testWatchAcc/LightHART/data/smartfallmm/young/accelerometer/watch/S33A03T06.csv: Insufficient valid data rows after cleaning: 0
2025-04-14 05:01:00,571 - INFO - Fixed 65 duplicate timestamps
2025-04-14 05:01:00,575 - WARNING - Found 18 time reversals
2025-04-14 05:01:00,579 - INFO - Fixed 7 duplicate timestamps
2025-04-14 05:01:00,581 - WARNING - Found 1 time reversals
2025-04-14 05:01:00,623 - INFO - Fixed 733 duplicate timestamps
2025-04-14 05:01:00,639 - WARNING - Found 282 time reversals
2025-04-14 05:01:00,652 - INFO - Fixed 68 duplicate timestamps
2025-04-14 05:01:00,658 - WARNING - Found 28 time reversals
2025-04-14 05:01:00,662 - INFO - Fixed 7 duplicate timestamps
2025-04-14 05:01:00,664 - WARNING - Found 1 time reversals
2025-04-14 05:01:00,668 - INFO - Fixed 2 duplicate timestamps
2025-04-14 05:01:00,702 - INFO - Fixed 471 duplicate timestamps
2025-04-14 05:01:00,714 - WARNING - Found 147 time reversals
2025-04-14 05:01:00,721 - INFO - Fixed 11 duplicate timestamps
2025-04-14 05:01:00,723 - WARNING - Found 2 time reversals
2025-04-14 05:01:00,734 - INFO - Fixed 31 duplicate timestamps
2025-04-14 05:01:00,739 - WARNING - Found 14 time reversals
2025-04-14 05:01:00,744 - INFO - Fixed 1 duplicate timestamps
2025-04-14 05:01:00,750 - INFO - Fixed 1 duplicate timestamps
2025-04-14 05:01:00,760 - INFO - Fixed 2 duplicate timestamps
2025-04-14 05:01:00,770 - INFO - Fixed 17 duplicate timestamps
2025-04-14 05:01:00,771 - WARNING - Found 4 time reversals
2025-04-14 05:01:00,776 - INFO - Fixed 13 duplicate timestamps
2025-04-14 05:01:00,778 - WARNING - Found 2 time reversals
2025-04-14 05:01:00,783 - INFO - Fixed 41 duplicate timestamps
2025-04-14 05:01:00,785 - WARNING - Found 10 time reversals
2025-04-14 05:01:00,790 - INFO - Fixed 14 duplicate timestamps
2025-04-14 05:01:00,791 - WARNING - Found 4 time reversals
2025-04-14 05:01:00,800 - INFO - Fixed 2 duplicate timestamps
2025-04-14 05:01:00,807 - INFO - Fixed 3 duplicate timestamps
2025-04-14 05:01:00,814 - INFO - Fixed 2 duplicate timestamps
/mmfs1/home/sww35/testWatchAcc/LightHART/utils/accelerometer_processor.py:44: UserWarning: Could not infer format, so each element will be parsed individually, falling back to `dateutil`. To ensure parsing is consistent and as-expected, please specify a format.
  timestamps = pd.to_datetime(data.iloc[:, 0], errors='coerce')
2025-04-14 05:01:00,828 - WARNING - Found 157 invalid timestamps at rows [0 1 2 3 4]...
2025-04-14 05:01:00,829 - ERROR - Error processing /mmfs1/home/sww35/testWatchAcc/LightHART/data/smartfallmm/young/accelerometer/watch/S33A09T07.csv: Insufficient valid data rows after cleaning: 0
2025-04-14 05:01:00,829 - ERROR - Error processing /mmfs1/home/sww35/testWatchAcc/LightHART/data/smartfallmm/young/accelerometer/watch/S33A09T07.csv: Insufficient valid data rows after cleaning: 0
/mmfs1/home/sww35/testWatchAcc/LightHART/utils/accelerometer_processor.py:44: UserWarning: Could not infer format, so each element will be parsed individually, falling back to `dateutil`. To ensure parsing is consistent and as-expected, please specify a format.
  timestamps = pd.to_datetime(data.iloc[:, 0], errors='coerce')
2025-04-14 05:01:00,859 - WARNING - Found 510 invalid timestamps at rows [0 1 2 3 4]...
2025-04-14 05:01:00,859 - ERROR - Error processing /mmfs1/home/sww35/testWatchAcc/LightHART/data/smartfallmm/young/accelerometer/watch/S33A08T02.csv: Insufficient valid data rows after cleaning: 0
2025-04-14 05:01:00,859 - ERROR - Error processing /mmfs1/home/sww35/testWatchAcc/LightHART/data/smartfallmm/young/accelerometer/watch/S33A08T02.csv: Insufficient valid data rows after cleaning: 0
2025-04-14 05:01:00,864 - INFO - Fixed 1 duplicate timestamps
2025-04-14 05:01:00,879 - INFO - Fixed 151 duplicate timestamps
2025-04-14 05:01:00,883 - WARNING - Found 55 time reversals
2025-04-14 05:01:00,889 - INFO - Fixed 2 duplicate timestamps
2025-04-14 05:01:00,943 - INFO - Fixed 934 duplicate timestamps
2025-04-14 05:01:00,962 - WARNING - Found 430 time reversals
/mmfs1/home/sww35/testWatchAcc/LightHART/utils/accelerometer_processor.py:44: UserWarning: Could not infer format, so each element will be parsed individually, falling back to `dateutil`. To ensure parsing is consistent and as-expected, please specify a format.
  timestamps = pd.to_datetime(data.iloc[:, 0], errors='coerce')
2025-04-14 05:01:00,994 - WARNING - Found 510 invalid timestamps at rows [0 1 2 3 4]...
2025-04-14 05:01:00,995 - ERROR - Error processing /mmfs1/home/sww35/testWatchAcc/LightHART/data/smartfallmm/young/accelerometer/watch/S33A03T15.csv: Insufficient valid data rows after cleaning: 0
2025-04-14 05:01:00,995 - ERROR - Error processing /mmfs1/home/sww35/testWatchAcc/LightHART/data/smartfallmm/young/accelerometer/watch/S33A03T15.csv: Insufficient valid data rows after cleaning: 0
/mmfs1/home/sww35/testWatchAcc/LightHART/utils/accelerometer_processor.py:44: UserWarning: Could not infer format, so each element will be parsed individually, falling back to `dateutil`. To ensure parsing is consistent and as-expected, please specify a format.
  timestamps = pd.to_datetime(data.iloc[:, 0], errors='coerce')
2025-04-14 05:01:01,030 - WARNING - Found 614 invalid timestamps at rows [0 1 2 3 4]...
2025-04-14 05:01:01,031 - ERROR - Error processing /mmfs1/home/sww35/testWatchAcc/LightHART/data/smartfallmm/young/accelerometer/watch/S33A09T10.csv: Insufficient valid data rows after cleaning: 0
2025-04-14 05:01:01,031 - ERROR - Error processing /mmfs1/home/sww35/testWatchAcc/LightHART/data/smartfallmm/young/accelerometer/watch/S33A09T10.csv: Insufficient valid data rows after cleaning: 0
2025-04-14 05:01:01,037 - INFO - Fixed 36 duplicate timestamps
2025-04-14 05:01:01,039 - WARNING - Found 6 time reversals
2025-04-14 05:01:01,044 - INFO - Fixed 3 duplicate timestamps
2025-04-14 05:01:01,061 - INFO - Fixed 34 duplicate timestamps
2025-04-14 05:01:01,068 - WARNING - Found 15 time reversals
2025-04-14 05:01:01,072 - INFO - Fixed 5 duplicate timestamps
2025-04-14 05:01:01,081 - INFO - Fixed 8 duplicate timestamps
/mmfs1/home/sww35/testWatchAcc/LightHART/utils/accelerometer_processor.py:44: UserWarning: Could not infer format, so each element will be parsed individually, falling back to `dateutil`. To ensure parsing is consistent and as-expected, please specify a format.
  timestamps = pd.to_datetime(data.iloc[:, 0], errors='coerce')
2025-04-14 05:01:01,094 - WARNING - Found 114 invalid timestamps at rows [0 1 2 3 4]...
2025-04-14 05:01:01,094 - ERROR - Error processing /mmfs1/home/sww35/testWatchAcc/LightHART/data/smartfallmm/young/accelerometer/watch/S33A13T07.csv: Insufficient valid data rows after cleaning: 0
2025-04-14 05:01:01,094 - ERROR - Error processing /mmfs1/home/sww35/testWatchAcc/LightHART/data/smartfallmm/young/accelerometer/watch/S33A13T07.csv: Insufficient valid data rows after cleaning: 0
/mmfs1/home/sww35/testWatchAcc/LightHART/utils/accelerometer_processor.py:44: UserWarning: Could not infer format, so each element will be parsed individually, falling back to `dateutil`. To ensure parsing is consistent and as-expected, please specify a format.
  timestamps = pd.to_datetime(data.iloc[:, 0], errors='coerce')
2025-04-14 05:01:01,095 - WARNING - Found 1 invalid timestamps at rows [0]...
2025-04-14 05:01:01,096 - ERROR - Error processing /mmfs1/home/sww35/testWatchAcc/LightHART/data/smartfallmm/young/accelerometer/watch/S33A06T04.csv: 0
2025-04-14 05:01:01,096 - ERROR - Error processing /mmfs1/home/sww35/testWatchAcc/LightHART/data/smartfallmm/young/accelerometer/watch/S33A06T04.csv: 0
2025-04-14 05:01:01,101 - INFO - Fixed 3 duplicate timestamps
2025-04-14 05:01:01,108 - INFO - Fixed 4 duplicate timestamps
2025-04-14 05:01:01,141 - INFO - Fixed 563 duplicate timestamps
2025-04-14 05:01:01,153 - WARNING - Found 153 time reversals
2025-04-14 05:01:01,160 - INFO - Fixed 28 duplicate timestamps
2025-04-14 05:01:01,163 - WARNING - Found 3 time reversals
2025-04-14 05:01:01,168 - INFO - Fixed 2 duplicate timestamps
2025-04-14 05:01:01,177 - INFO - Fixed 37 duplicate timestamps
2025-04-14 05:01:01,179 - WARNING - Found 7 time reversals
/mmfs1/home/sww35/testWatchAcc/LightHART/utils/accelerometer_processor.py:44: UserWarning: Could not infer format, so each element will be parsed individually, falling back to `dateutil`. To ensure parsing is consistent and as-expected, please specify a format.
  timestamps = pd.to_datetime(data.iloc[:, 0], errors='coerce')
2025-04-14 05:01:01,186 - WARNING - Found 175 invalid timestamps at rows [  0 348 349 350 351]...
2025-04-14 05:01:01,186 - ERROR - Error processing /mmfs1/home/sww35/testWatchAcc/LightHART/data/smartfallmm/young/accelerometer/watch/S33A07T01.csv: 0
2025-04-14 05:01:01,186 - ERROR - Error processing /mmfs1/home/sww35/testWatchAcc/LightHART/data/smartfallmm/young/accelerometer/watch/S33A07T01.csv: 0
2025-04-14 05:01:01,191 - INFO - Fixed 28 duplicate timestamps
2025-04-14 05:01:01,234 - INFO - Fixed 732 duplicate timestamps
2025-04-14 05:01:01,250 - WARNING - Found 196 time reversals
2025-04-14 05:01:01,259 - INFO - Fixed 53 duplicate timestamps
2025-04-14 05:01:01,261 - WARNING - Found 10 time reversals
2025-04-14 05:01:01,292 - INFO - Fixed 466 duplicate timestamps
2025-04-14 05:01:01,302 - WARNING - Found 174 time reversals
2025-04-14 05:01:01,306 - INFO - Fixed 14 duplicate timestamps
2025-04-14 05:01:01,312 - INFO - Fixed 16 duplicate timestamps
2025-04-14 05:01:01,314 - WARNING - Found 1 time reversals
2025-04-14 05:01:01,320 - INFO - Fixed 41 duplicate timestamps
2025-04-14 05:01:01,321 - WARNING - Found 11 time reversals
/mmfs1/home/sww35/testWatchAcc/LightHART/utils/accelerometer_processor.py:44: UserWarning: Could not infer format, so each element will be parsed individually, falling back to `dateutil`. To ensure parsing is consistent and as-expected, please specify a format.
  timestamps = pd.to_datetime(data.iloc[:, 0], errors='coerce')
2025-04-14 05:01:01,355 - WARNING - Found 482 invalid timestamps at rows [0 1 2 3 4]...
2025-04-14 05:01:01,356 - ERROR - Error processing /mmfs1/home/sww35/testWatchAcc/LightHART/data/smartfallmm/young/accelerometer/watch/S33A01T01.csv: Insufficient valid data rows after cleaning: 0
2025-04-14 05:01:01,356 - ERROR - Error processing /mmfs1/home/sww35/testWatchAcc/LightHART/data/smartfallmm/young/accelerometer/watch/S33A01T01.csv: Insufficient valid data rows after cleaning: 0
/mmfs1/home/sww35/testWatchAcc/LightHART/utils/accelerometer_processor.py:44: UserWarning: Could not infer format, so each element will be parsed individually, falling back to `dateutil`. To ensure parsing is consistent and as-expected, please specify a format.
  timestamps = pd.to_datetime(data.iloc[:, 0], errors='coerce')
2025-04-14 05:01:01,358 - WARNING - Found 167 invalid timestamps at rows [  0 339 340 341 342]...
2025-04-14 05:01:01,358 - ERROR - Error processing /mmfs1/home/sww35/testWatchAcc/LightHART/data/smartfallmm/young/accelerometer/watch/S33A07T04.csv: 0
2025-04-14 05:01:01,358 - ERROR - Error processing /mmfs1/home/sww35/testWatchAcc/LightHART/data/smartfallmm/young/accelerometer/watch/S33A07T04.csv: 0
2025-04-14 05:01:01,390 - INFO - Fixed 505 duplicate timestamps
2025-04-14 05:01:01,402 - WARNING - Found 184 time reversals
2025-04-14 05:01:01,408 - INFO - Fixed 43 duplicate timestamps
2025-04-14 05:01:01,409 - WARNING - Found 15 time reversals
2025-04-14 05:01:01,416 - INFO - Fixed 72 duplicate timestamps
2025-04-14 05:01:01,418 - WARNING - Found 20 time reversals
/mmfs1/home/sww35/testWatchAcc/LightHART/utils/accelerometer_processor.py:44: UserWarning: Could not infer format, so each element will be parsed individually, falling back to `dateutil`. To ensure parsing is consistent and as-expected, please specify a format.
  timestamps = pd.to_datetime(data.iloc[:, 0], errors='coerce')
2025-04-14 05:01:01,420 - WARNING - Found 1 invalid timestamps at rows [0]...
2025-04-14 05:01:01,421 - ERROR - Error processing /mmfs1/home/sww35/testWatchAcc/LightHART/data/smartfallmm/young/accelerometer/watch/S33A14T01.csv: 0
2025-04-14 05:01:01,421 - ERROR - Error processing /mmfs1/home/sww35/testWatchAcc/LightHART/data/smartfallmm/young/accelerometer/watch/S33A14T01.csv: 0
/mmfs1/home/sww35/testWatchAcc/LightHART/utils/accelerometer_processor.py:44: UserWarning: Could not infer format, so each element will be parsed individually, falling back to `dateutil`. To ensure parsing is consistent and as-expected, please specify a format.
  timestamps = pd.to_datetime(data.iloc[:, 0], errors='coerce')
2025-04-14 05:01:01,423 - WARNING - Found 1 invalid timestamps at rows [0]...
2025-04-14 05:01:01,423 - ERROR - Error processing /mmfs1/home/sww35/testWatchAcc/LightHART/data/smartfallmm/young/accelerometer/watch/S33A14T04.csv: 0
2025-04-14 05:01:01,424 - ERROR - Error processing /mmfs1/home/sww35/testWatchAcc/LightHART/data/smartfallmm/young/accelerometer/watch/S33A14T04.csv: 0
2025-04-14 05:01:01,428 - INFO - Fixed 1 duplicate timestamps
2025-04-14 05:01:01,434 - INFO - Fixed 2 duplicate timestamps
2025-04-14 05:01:01,441 - INFO - Fixed 15 duplicate timestamps
2025-04-14 05:01:01,443 - WARNING - Found 3 time reversals
2025-04-14 05:01:01,447 - INFO - Fixed 6 duplicate timestamps
/mmfs1/home/sww35/testWatchAcc/LightHART/utils/accelerometer_processor.py:44: UserWarning: Could not infer format, so each element will be parsed individually, falling back to `dateutil`. To ensure parsing is consistent and as-expected, please specify a format.
  timestamps = pd.to_datetime(data.iloc[:, 0], errors='coerce')
2025-04-14 05:01:01,452 - WARNING - Found 1 invalid timestamps at rows [0]...
2025-04-14 05:01:01,452 - ERROR - Error processing /mmfs1/home/sww35/testWatchAcc/LightHART/data/smartfallmm/young/accelerometer/watch/S33A07T05.csv: 0
2025-04-14 05:01:01,452 - ERROR - Error processing /mmfs1/home/sww35/testWatchAcc/LightHART/data/smartfallmm/young/accelerometer/watch/S33A07T05.csv: 0
/mmfs1/home/sww35/testWatchAcc/LightHART/utils/accelerometer_processor.py:44: UserWarning: Could not infer format, so each element will be parsed individually, falling back to `dateutil`. To ensure parsing is consistent and as-expected, please specify a format.
  timestamps = pd.to_datetime(data.iloc[:, 0], errors='coerce')
2025-04-14 05:01:01,473 - WARNING - Found 259 invalid timestamps at rows [0 1 2 3 4]...
2025-04-14 05:01:01,473 - ERROR - Error processing /mmfs1/home/sww35/testWatchAcc/LightHART/data/smartfallmm/young/accelerometer/watch/S33A06T09.csv: Insufficient valid data rows after cleaning: 0
2025-04-14 05:01:01,473 - ERROR - Error processing /mmfs1/home/sww35/testWatchAcc/LightHART/data/smartfallmm/young/accelerometer/watch/S33A06T09.csv: Insufficient valid data rows after cleaning: 0
2025-04-14 05:01:01,476 - INFO - Fixed 6 duplicate timestamps
2025-04-14 05:01:01,493 - INFO - Fixed 68 duplicate timestamps
2025-04-14 05:01:01,507 - WARNING - Found 31 time reversals
2025-04-14 05:01:01,516 - INFO - Fixed 3 duplicate timestamps
2025-04-14 05:01:01,537 - INFO - Fixed 113 duplicate timestamps
2025-04-14 05:01:01,541 - WARNING - Found 38 time reversals
2025-04-14 05:01:01,560 - INFO - Fixed 50 duplicate timestamps
2025-04-14 05:01:01,567 - WARNING - Found 16 time reversals
/mmfs1/home/sww35/testWatchAcc/LightHART/utils/accelerometer_processor.py:44: UserWarning: Could not infer format, so each element will be parsed individually, falling back to `dateutil`. To ensure parsing is consistent and as-expected, please specify a format.
  timestamps = pd.to_datetime(data.iloc[:, 0], errors='coerce')
2025-04-14 05:01:01,570 - WARNING - Found 1 invalid timestamps at rows [0]...
2025-04-14 05:01:01,570 - ERROR - Error processing /mmfs1/home/sww35/testWatchAcc/LightHART/data/smartfallmm/young/accelerometer/watch/S33A09T04.csv: 0
2025-04-14 05:01:01,570 - ERROR - Error processing /mmfs1/home/sww35/testWatchAcc/LightHART/data/smartfallmm/young/accelerometer/watch/S33A09T04.csv: 0
2025-04-14 05:01:01,583 - INFO - Fixed 22 duplicate timestamps
2025-04-14 05:01:01,590 - WARNING - Found 11 time reversals
2025-04-14 05:01:01,599 - INFO - Fixed 62 duplicate timestamps
2025-04-14 05:01:01,603 - WARNING - Found 16 time reversals
/mmfs1/home/sww35/testWatchAcc/LightHART/utils/accelerometer_processor.py:44: UserWarning: Could not infer format, so each element will be parsed individually, falling back to `dateutil`. To ensure parsing is consistent and as-expected, please specify a format.
  timestamps = pd.to_datetime(data.iloc[:, 0], errors='coerce')
2025-04-14 05:01:01,633 - WARNING - Found 509 invalid timestamps at rows [0 1 2 3 4]...
2025-04-14 05:01:01,633 - ERROR - Error processing /mmfs1/home/sww35/testWatchAcc/LightHART/data/smartfallmm/young/accelerometer/watch/S33A14T06.csv: Insufficient valid data rows after cleaning: 0
2025-04-14 05:01:01,634 - ERROR - Error processing /mmfs1/home/sww35/testWatchAcc/LightHART/data/smartfallmm/young/accelerometer/watch/S33A14T06.csv: Insufficient valid data rows after cleaning: 0
2025-04-14 05:01:01,639 - INFO - Fixed 53 duplicate timestamps
2025-04-14 05:01:01,674 - INFO - Fixed 514 duplicate timestamps
2025-04-14 05:01:01,686 - WARNING - Found 173 time reversals
2025-04-14 05:01:01,694 - INFO - Fixed 44 duplicate timestamps
2025-04-14 05:01:01,697 - WARNING - Found 10 time reversals
2025-04-14 05:01:01,706 - INFO - Fixed 105 duplicate timestamps
2025-04-14 05:01:01,709 - WARNING - Found 27 time reversals
2025-04-14 05:01:01,757 - INFO - Fixed 750 duplicate timestamps
2025-04-14 05:01:01,777 - WARNING - Found 234 time reversals
2025-04-14 05:01:01,820 - INFO - Fixed 702 duplicate timestamps
2025-04-14 05:01:01,837 - WARNING - Found 285 time reversals
2025-04-14 05:01:01,851 - INFO - Fixed 36 duplicate timestamps
2025-04-14 05:01:01,858 - WARNING - Found 12 time reversals
2025-04-14 05:01:01,862 - INFO - Fixed 8 duplicate timestamps
2025-04-14 05:01:01,863 - WARNING - Found 1 time reversals
2025-04-14 05:01:01,874 - INFO - Fixed 73 duplicate timestamps
2025-04-14 05:01:01,879 - WARNING - Found 16 time reversals
2025-04-14 05:01:01,918 - INFO - Fixed 748 duplicate timestamps
2025-04-14 05:01:01,934 - WARNING - Found 263 time reversals
2025-04-14 05:01:01,940 - INFO - Fixed 6 duplicate timestamps
2025-04-14 05:01:01,978 - INFO - Fixed 563 duplicate timestamps
2025-04-14 05:01:01,992 - WARNING - Found 193 time reversals
2025-04-14 05:01:02,024 - INFO - Fixed 514 duplicate timestamps
2025-04-14 05:01:02,037 - WARNING - Found 142 time reversals
2025-04-14 05:01:02,043 - INFO - Fixed 9 duplicate timestamps
2025-04-14 05:01:02,045 - WARNING - Found 1 time reversals
2025-04-14 05:01:02,050 - INFO - Fixed 1 duplicate timestamps
2025-04-14 05:01:02,063 - INFO - Fixed 68 duplicate timestamps
2025-04-14 05:01:02,069 - WARNING - Found 28 time reversals
2025-04-14 05:01:02,075 - INFO - Fixed 18 duplicate timestamps
2025-04-14 05:01:02,077 - WARNING - Found 3 time reversals
/mmfs1/home/sww35/testWatchAcc/LightHART/utils/accelerometer_processor.py:44: UserWarning: Could not infer format, so each element will be parsed individually, falling back to `dateutil`. To ensure parsing is consistent and as-expected, please specify a format.
  timestamps = pd.to_datetime(data.iloc[:, 0], errors='coerce')
2025-04-14 05:01:02,104 - WARNING - Found 330 invalid timestamps at rows [0 1 2 3 4]...
2025-04-14 05:01:02,104 - ERROR - Error processing /mmfs1/home/sww35/testWatchAcc/LightHART/data/smartfallmm/young/accelerometer/watch/S33A02T08.csv: Insufficient valid data rows after cleaning: 0
2025-04-14 05:01:02,104 - ERROR - Error processing /mmfs1/home/sww35/testWatchAcc/LightHART/data/smartfallmm/young/accelerometer/watch/S33A02T08.csv: Insufficient valid data rows after cleaning: 0
2025-04-14 05:01:02,116 - INFO - Fixed 68 duplicate timestamps
2025-04-14 05:01:02,121 - WARNING - Found 28 time reversals
2025-04-14 05:01:02,126 - INFO - Fixed 22 duplicate timestamps
2025-04-14 05:01:02,181 - INFO - Fixed 964 duplicate timestamps
2025-04-14 05:01:02,200 - WARNING - Found 332 time reversals
2025-04-14 05:01:02,207 - INFO - Fixed 6 duplicate timestamps
2025-04-14 05:01:02,222 - INFO - Fixed 68 duplicate timestamps
2025-04-14 05:01:02,227 - WARNING - Found 28 time reversals
2025-04-14 05:01:02,231 - INFO - Fixed 2 duplicate timestamps
2025-04-14 05:01:02,260 - INFO - Fixed 530 duplicate timestamps
2025-04-14 05:01:02,272 - WARNING - Found 118 time reversals
2025-04-14 05:01:02,277 - INFO - Fixed 1 duplicate timestamps
/mmfs1/home/sww35/testWatchAcc/LightHART/utils/accelerometer_processor.py:44: UserWarning: Could not infer format, so each element will be parsed individually, falling back to `dateutil`. To ensure parsing is consistent and as-expected, please specify a format.
  timestamps = pd.to_datetime(data.iloc[:, 0], errors='coerce')
2025-04-14 05:01:02,283 - WARNING - Found 38 invalid timestamps at rows [0 1 2 3 4]...
2025-04-14 05:01:02,284 - ERROR - Error processing /mmfs1/home/sww35/testWatchAcc/LightHART/data/smartfallmm/young/accelerometer/watch/S33A08T06.csv: Insufficient valid data rows after cleaning: 0
2025-04-14 05:01:02,284 - ERROR - Error processing /mmfs1/home/sww35/testWatchAcc/LightHART/data/smartfallmm/young/accelerometer/watch/S33A08T06.csv: Insufficient valid data rows after cleaning: 0
2025-04-14 05:01:02,333 - INFO - Fixed 329 duplicate timestamps
2025-04-14 05:01:02,356 - WARNING - Found 165 time reversals
2025-04-14 05:01:02,381 - INFO - Fixed 96 duplicate timestamps
2025-04-14 05:01:02,392 - WARNING - Found 41 time reversals
/mmfs1/home/sww35/testWatchAcc/LightHART/utils/accelerometer_processor.py:44: UserWarning: Could not infer format, so each element will be parsed individually, falling back to `dateutil`. To ensure parsing is consistent and as-expected, please specify a format.
  timestamps = pd.to_datetime(data.iloc[:, 0], errors='coerce')
2025-04-14 05:01:02,395 - WARNING - Found 1 invalid timestamps at rows [0]...
2025-04-14 05:01:02,396 - ERROR - Error processing /mmfs1/home/sww35/testWatchAcc/LightHART/data/smartfallmm/young/accelerometer/watch/S33A12T03.csv: 0
2025-04-14 05:01:02,396 - ERROR - Error processing /mmfs1/home/sww35/testWatchAcc/LightHART/data/smartfallmm/young/accelerometer/watch/S33A12T03.csv: 0
/mmfs1/home/sww35/testWatchAcc/LightHART/utils/accelerometer_processor.py:44: UserWarning: Could not infer format, so each element will be parsed individually, falling back to `dateutil`. To ensure parsing is consistent and as-expected, please specify a format.
  timestamps = pd.to_datetime(data.iloc[:, 0], errors='coerce')
2025-04-14 05:01:02,426 - WARNING - Found 409 invalid timestamps at rows [0 1 2 3 4]...
2025-04-14 05:01:02,427 - ERROR - Error processing /mmfs1/home/sww35/testWatchAcc/LightHART/data/smartfallmm/young/accelerometer/watch/S33A07T08.csv: Insufficient valid data rows after cleaning: 0
2025-04-14 05:01:02,427 - ERROR - Error processing /mmfs1/home/sww35/testWatchAcc/LightHART/data/smartfallmm/young/accelerometer/watch/S33A07T08.csv: Insufficient valid data rows after cleaning: 0
2025-04-14 05:01:02,432 - INFO - Fixed 18 duplicate timestamps
/mmfs1/home/sww35/testWatchAcc/LightHART/utils/accelerometer_processor.py:44: UserWarning: Could not infer format, so each element will be parsed individually, falling back to `dateutil`. To ensure parsing is consistent and as-expected, please specify a format.
  timestamps = pd.to_datetime(data.iloc[:, 0], errors='coerce')
2025-04-14 05:01:02,472 - WARNING - Found 649 invalid timestamps at rows [0 1 2 3 4]...
2025-04-14 05:01:02,473 - ERROR - Error processing /mmfs1/home/sww35/testWatchAcc/LightHART/data/smartfallmm/young/accelerometer/watch/S33A08T10.csv: Insufficient valid data rows after cleaning: 0
2025-04-14 05:01:02,473 - ERROR - Error processing /mmfs1/home/sww35/testWatchAcc/LightHART/data/smartfallmm/young/accelerometer/watch/S33A08T10.csv: Insufficient valid data rows after cleaning: 0
2025-04-14 05:01:02,481 - INFO - Fixed 3 duplicate timestamps
/mmfs1/home/sww35/testWatchAcc/LightHART/utils/accelerometer_processor.py:44: UserWarning: Could not infer format, so each element will be parsed individually, falling back to `dateutil`. To ensure parsing is consistent and as-expected, please specify a format.
  timestamps = pd.to_datetime(data.iloc[:, 0], errors='coerce')
2025-04-14 05:01:02,521 - WARNING - Found 649 invalid timestamps at rows [0 1 2 3 4]...
2025-04-14 05:01:02,521 - ERROR - Error processing /mmfs1/home/sww35/testWatchAcc/LightHART/data/smartfallmm/young/accelerometer/watch/S33A02T05.csv: Insufficient valid data rows after cleaning: 0
2025-04-14 05:01:02,521 - ERROR - Error processing /mmfs1/home/sww35/testWatchAcc/LightHART/data/smartfallmm/young/accelerometer/watch/S33A02T05.csv: Insufficient valid data rows after cleaning: 0
2025-04-14 05:01:02,525 - INFO - Fixed 11 duplicate timestamps
2025-04-14 05:01:02,526 - WARNING - Found 1 time reversals
2025-04-14 05:01:02,535 - INFO - Fixed 67 duplicate timestamps
2025-04-14 05:01:02,539 - WARNING - Found 17 time reversals
/mmfs1/home/sww35/testWatchAcc/LightHART/utils/accelerometer_processor.py:44: UserWarning: Could not infer format, so each element will be parsed individually, falling back to `dateutil`. To ensure parsing is consistent and as-expected, please specify a format.
  timestamps = pd.to_datetime(data.iloc[:, 0], errors='coerce')
2025-04-14 05:01:02,569 - WARNING - Found 202 invalid timestamps at rows [0 1 2 3 4]...
2025-04-14 05:01:02,571 - ERROR - Error processing /mmfs1/home/sww35/testWatchAcc/LightHART/data/smartfallmm/young/accelerometer/watch/S33A03T13.csv: Insufficient valid data rows after cleaning: 0
2025-04-14 05:01:02,571 - ERROR - Error processing /mmfs1/home/sww35/testWatchAcc/LightHART/data/smartfallmm/young/accelerometer/watch/S33A03T13.csv: Insufficient valid data rows after cleaning: 0
/mmfs1/home/sww35/testWatchAcc/LightHART/utils/accelerometer_processor.py:44: UserWarning: Could not infer format, so each element will be parsed individually, falling back to `dateutil`. To ensure parsing is consistent and as-expected, please specify a format.
  timestamps = pd.to_datetime(data.iloc[:, 0], errors='coerce')
2025-04-14 05:01:02,612 - WARNING - Found 615 invalid timestamps at rows [0 1 2 3 4]...
2025-04-14 05:01:02,613 - ERROR - Error processing /mmfs1/home/sww35/testWatchAcc/LightHART/data/smartfallmm/young/accelerometer/watch/S33A13T06.csv: Insufficient valid data rows after cleaning: 0
2025-04-14 05:01:02,613 - ERROR - Error processing /mmfs1/home/sww35/testWatchAcc/LightHART/data/smartfallmm/young/accelerometer/watch/S33A13T06.csv: Insufficient valid data rows after cleaning: 0
/mmfs1/home/sww35/testWatchAcc/LightHART/utils/accelerometer_processor.py:44: UserWarning: Could not infer format, so each element will be parsed individually, falling back to `dateutil`. To ensure parsing is consistent and as-expected, please specify a format.
  timestamps = pd.to_datetime(data.iloc[:, 0], errors='coerce')
2025-04-14 05:01:02,630 - WARNING - Found 222 invalid timestamps at rows [0 1 2 3 4]...
2025-04-14 05:01:02,630 - ERROR - Error processing /mmfs1/home/sww35/testWatchAcc/LightHART/data/smartfallmm/young/accelerometer/watch/S33A07T07.csv: Insufficient valid data rows after cleaning: 0
2025-04-14 05:01:02,630 - ERROR - Error processing /mmfs1/home/sww35/testWatchAcc/LightHART/data/smartfallmm/young/accelerometer/watch/S33A07T07.csv: Insufficient valid data rows after cleaning: 0
2025-04-14 05:01:02,638 - INFO - Fixed 65 duplicate timestamps
2025-04-14 05:01:02,640 - WARNING - Found 19 time reversals
2025-04-14 05:01:02,646 - INFO - Fixed 2 duplicate timestamps
2025-04-14 05:01:02,660 - INFO - Fixed 68 duplicate timestamps
2025-04-14 05:01:02,666 - WARNING - Found 28 time reversals
2025-04-14 05:01:02,679 - INFO - Fixed 68 duplicate timestamps
2025-04-14 05:01:02,684 - WARNING - Found 28 time reversals
2025-04-14 05:01:02,727 - INFO - Fixed 900 duplicate timestamps
2025-04-14 05:01:02,746 - WARNING - Found 221 time reversals
2025-04-14 05:01:02,751 - INFO - Fixed 26 duplicate timestamps
2025-04-14 05:01:02,757 - INFO - Fixed 4 duplicate timestamps
2025-04-14 05:01:02,766 - INFO - Fixed 2 duplicate timestamps
/mmfs1/home/sww35/testWatchAcc/LightHART/utils/accelerometer_processor.py:44: UserWarning: Could not infer format, so each element will be parsed individually, falling back to `dateutil`. To ensure parsing is consistent and as-expected, please specify a format.
  timestamps = pd.to_datetime(data.iloc[:, 0], errors='coerce')
2025-04-14 05:01:02,788 - WARNING - Found 216 invalid timestamps at rows [0 1 2 3 4]...
2025-04-14 05:01:02,788 - ERROR - Error processing /mmfs1/home/sww35/testWatchAcc/LightHART/data/smartfallmm/young/accelerometer/watch/S33A03T08.csv: Insufficient valid data rows after cleaning: 0
2025-04-14 05:01:02,788 - ERROR - Error processing /mmfs1/home/sww35/testWatchAcc/LightHART/data/smartfallmm/young/accelerometer/watch/S33A03T08.csv: Insufficient valid data rows after cleaning: 0
2025-04-14 05:01:02,794 - INFO - Fixed 2 duplicate timestamps
/mmfs1/home/sww35/testWatchAcc/LightHART/utils/accelerometer_processor.py:44: UserWarning: Could not infer format, so each element will be parsed individually, falling back to `dateutil`. To ensure parsing is consistent and as-expected, please specify a format.
  timestamps = pd.to_datetime(data.iloc[:, 0], errors='coerce')
2025-04-14 05:01:02,798 - WARNING - Found 215 invalid timestamps at rows [  0 435 436 437 438]...
2025-04-14 05:01:02,799 - ERROR - Error processing /mmfs1/home/sww35/testWatchAcc/LightHART/data/smartfallmm/young/accelerometer/watch/S33A02T02.csv: 0
2025-04-14 05:01:02,799 - ERROR - Error processing /mmfs1/home/sww35/testWatchAcc/LightHART/data/smartfallmm/young/accelerometer/watch/S33A02T02.csv: 0
2025-04-14 05:01:02,825 - INFO - Fixed 433 duplicate timestamps
2025-04-14 05:01:02,835 - WARNING - Found 139 time reversals
2025-04-14 05:01:02,840 - INFO - Fixed 8 duplicate timestamps
/mmfs1/home/sww35/testWatchAcc/LightHART/utils/accelerometer_processor.py:44: UserWarning: Could not infer format, so each element will be parsed individually, falling back to `dateutil`. To ensure parsing is consistent and as-expected, please specify a format.
  timestamps = pd.to_datetime(data.iloc[:, 0], errors='coerce')
2025-04-14 05:01:02,874 - WARNING - Found 510 invalid timestamps at rows [0 1 2 3 4]...
2025-04-14 05:01:02,874 - ERROR - Error processing /mmfs1/home/sww35/testWatchAcc/LightHART/data/smartfallmm/young/accelerometer/watch/S33A07T11.csv: Insufficient valid data rows after cleaning: 0
2025-04-14 05:01:02,874 - ERROR - Error processing /mmfs1/home/sww35/testWatchAcc/LightHART/data/smartfallmm/young/accelerometer/watch/S33A07T11.csv: Insufficient valid data rows after cleaning: 0
2025-04-14 05:01:02,879 - INFO - Fixed 13 duplicate timestamps
2025-04-14 05:01:02,885 - INFO - Fixed 22 duplicate timestamps
/mmfs1/home/sww35/testWatchAcc/LightHART/utils/accelerometer_processor.py:44: UserWarning: Could not infer format, so each element will be parsed individually, falling back to `dateutil`. To ensure parsing is consistent and as-expected, please specify a format.
  timestamps = pd.to_datetime(data.iloc[:, 0], errors='coerce')
2025-04-14 05:01:02,916 - WARNING - Found 509 invalid timestamps at rows [0 1 2 3 4]...
2025-04-14 05:01:02,916 - ERROR - Error processing /mmfs1/home/sww35/testWatchAcc/LightHART/data/smartfallmm/young/accelerometer/watch/S33A02T06.csv: Insufficient valid data rows after cleaning: 0
2025-04-14 05:01:02,916 - ERROR - Error processing /mmfs1/home/sww35/testWatchAcc/LightHART/data/smartfallmm/young/accelerometer/watch/S33A02T06.csv: Insufficient valid data rows after cleaning: 0
2025-04-14 05:01:02,921 - INFO - Fixed 11 duplicate timestamps
2025-04-14 05:01:02,922 - WARNING - Found 1 time reversals
2025-04-14 05:01:02,927 - INFO - Fixed 26 duplicate timestamps
2025-04-14 05:01:02,929 - WARNING - Found 5 time reversals
/mmfs1/home/sww35/testWatchAcc/LightHART/utils/accelerometer_processor.py:44: UserWarning: Could not infer format, so each element will be parsed individually, falling back to `dateutil`. To ensure parsing is consistent and as-expected, please specify a format.
  timestamps = pd.to_datetime(data.iloc[:, 0], errors='coerce')
2025-04-14 05:01:02,933 - WARNING - Found 38 invalid timestamps at rows [0 1 2 3 4]...
2025-04-14 05:01:02,934 - ERROR - Error processing /mmfs1/home/sww35/testWatchAcc/LightHART/data/smartfallmm/young/accelerometer/watch/S33A11T05.csv: Insufficient valid data rows after cleaning: 0
2025-04-14 05:01:02,934 - ERROR - Error processing /mmfs1/home/sww35/testWatchAcc/LightHART/data/smartfallmm/young/accelerometer/watch/S33A11T05.csv: Insufficient valid data rows after cleaning: 0
2025-04-14 05:01:02,949 - INFO - Fixed 41 duplicate timestamps
2025-04-14 05:01:02,958 - WARNING - Found 19 time reversals
/mmfs1/home/sww35/testWatchAcc/LightHART/utils/accelerometer_processor.py:44: UserWarning: Could not infer format, so each element will be parsed individually, falling back to `dateutil`. To ensure parsing is consistent and as-expected, please specify a format.
  timestamps = pd.to_datetime(data.iloc[:, 0], errors='coerce')
2025-04-14 05:01:02,977 - WARNING - Found 221 invalid timestamps at rows [0 1 2 3 4]...
2025-04-14 05:01:02,977 - ERROR - Error processing /mmfs1/home/sww35/testWatchAcc/LightHART/data/smartfallmm/young/accelerometer/watch/S33A01T02.csv: Insufficient valid data rows after cleaning: 0
2025-04-14 05:01:02,977 - ERROR - Error processing /mmfs1/home/sww35/testWatchAcc/LightHART/data/smartfallmm/young/accelerometer/watch/S33A01T02.csv: Insufficient valid data rows after cleaning: 0
2025-04-14 05:01:02,981 - INFO - Fixed 1 duplicate timestamps
2025-04-14 05:01:02,989 - INFO - Fixed 10 duplicate timestamps
2025-04-14 05:01:03,035 - INFO - Fixed 760 duplicate timestamps
2025-04-14 05:01:03,053 - WARNING - Found 154 time reversals
2025-04-14 05:01:03,058 - INFO - Fixed 4 duplicate timestamps
2025-04-14 05:01:03,065 - INFO - Fixed 45 duplicate timestamps
2025-04-14 05:01:03,066 - WARNING - Found 13 time reversals
2025-04-14 05:01:03,072 - INFO - Fixed 9 duplicate timestamps
2025-04-14 05:01:03,074 - WARNING - Found 1 time reversals
2025-04-14 05:01:03,082 - INFO - Fixed 3 duplicate timestamps
2025-04-14 05:01:03,091 - INFO - Fixed 15 duplicate timestamps
2025-04-14 05:01:03,110 - INFO - Fixed 64 duplicate timestamps
2025-04-14 05:01:03,119 - WARNING - Found 16 time reversals
2025-04-14 05:01:03,127 - INFO - Dataset Statistics for subjects [45, 36, 29, 39, 30, 31, 33, 34, 35, 37, 43, 44]:
2025-04-14 05:01:03,127 - INFO - Total files: 565
2025-04-14 05:01:03,127 - INFO - Successfully processed: 455 (80.5%)
2025-04-14 05:01:03,127 - INFO - Errors: 110
2025-04-14 05:01:03,127 - INFO - Falls: 2031 samples
2025-04-14 05:01:03,127 - INFO - Non-falls: 3598 samples
2025-04-14 05:01:03,127 - INFO - Activities distribution:
2025-04-14 05:01:03,127 - INFO -   Activity 1 (ADL): 28 files
2025-04-14 05:01:03,127 - INFO -   Activity 2 (ADL): 39 files
2025-04-14 05:01:03,127 - INFO -   Activity 3 (ADL): 50 files
2025-04-14 05:01:03,127 - INFO -   Activity 4 (ADL): 5 files
2025-04-14 05:01:03,127 - INFO -   Activity 5 (ADL): 47 files
2025-04-14 05:01:03,127 - INFO -   Activity 6 (ADL): 41 files
2025-04-14 05:01:03,127 - INFO -   Activity 7 (ADL): 36 files
2025-04-14 05:01:03,127 - INFO -   Activity 8 (ADL): 45 files
2025-04-14 05:01:03,127 - INFO -   Activity 9 (ADL): 44 files
2025-04-14 05:01:03,128 - INFO -   Activity 10 (Fall): 49 files
2025-04-14 05:01:03,128 - INFO -   Activity 11 (Fall): 41 files
2025-04-14 05:01:03,128 - INFO -   Activity 12 (Fall): 50 files
2025-04-14 05:01:03,128 - INFO -   Activity 13 (Fall): 44 files
2025-04-14 05:01:03,128 - INFO -   Activity 14 (Fall): 46 files
2025-04-14 05:01:03,884 - INFO - Fixed 26 duplicate timestamps
2025-04-14 05:01:03,888 - WARNING - Found 4 time reversals
2025-04-14 05:01:03,898 - INFO - Fixed 94 duplicate timestamps
2025-04-14 05:01:03,901 - WARNING - Found 35 time reversals
2025-04-14 05:01:03,955 - INFO - Fixed 971 duplicate timestamps
2025-04-14 05:01:03,972 - WARNING - Found 431 time reversals
2025-04-14 05:01:04,027 - INFO - Fixed 953 duplicate timestamps
2025-04-14 05:01:04,047 - WARNING - Found 312 time reversals
2025-04-14 05:01:04,054 - INFO - Fixed 8 duplicate timestamps
2025-04-14 05:01:04,057 - WARNING - Found 1 time reversals
2025-04-14 05:01:04,114 - INFO - Fixed 953 duplicate timestamps
2025-04-14 05:01:04,134 - WARNING - Found 312 time reversals
2025-04-14 05:01:04,190 - INFO - Fixed 953 duplicate timestamps
2025-04-14 05:01:04,211 - WARNING - Found 312 time reversals
2025-04-14 05:01:04,217 - INFO - Fixed 29 duplicate timestamps
2025-04-14 05:01:04,218 - WARNING - Found 5 time reversals
2025-04-14 05:01:04,252 - INFO - Fixed 432 duplicate timestamps
2025-04-14 05:01:04,260 - WARNING - Found 186 time reversals
2025-04-14 05:01:04,316 - INFO - Fixed 953 duplicate timestamps
2025-04-14 05:01:04,337 - WARNING - Found 312 time reversals
2025-04-14 05:01:04,344 - INFO - Fixed 1 duplicate timestamps
2025-04-14 05:01:04,356 - INFO - Fixed 93 duplicate timestamps
2025-04-14 05:01:04,359 - WARNING - Found 33 time reversals
2025-04-14 05:01:04,367 - INFO - Fixed 43 duplicate timestamps
2025-04-14 05:01:04,371 - WARNING - Found 17 time reversals
2025-04-14 05:01:04,394 - INFO - Fixed 363 duplicate timestamps
2025-04-14 05:01:04,402 - WARNING - Found 141 time reversals
2025-04-14 05:01:04,408 - INFO - Fixed 2 duplicate timestamps
2025-04-14 05:01:04,421 - INFO - Fixed 75 duplicate timestamps
2025-04-14 05:01:04,426 - WARNING - Found 27 time reversals
2025-04-14 05:01:04,449 - INFO - Fixed 363 duplicate timestamps
2025-04-14 05:01:04,456 - WARNING - Found 137 time reversals
2025-04-14 05:01:04,466 - INFO - Fixed 79 duplicate timestamps
2025-04-14 05:01:04,470 - WARNING - Found 18 time reversals
2025-04-14 05:01:04,477 - INFO - Fixed 9 duplicate timestamps
2025-04-14 05:01:04,532 - INFO - Fixed 971 duplicate timestamps
2025-04-14 05:01:04,549 - WARNING - Found 431 time reversals
2025-04-14 05:01:04,605 - INFO - Fixed 953 duplicate timestamps
2025-04-14 05:01:04,628 - WARNING - Found 312 time reversals
2025-04-14 05:01:04,637 - INFO - Fixed 26 duplicate timestamps
2025-04-14 05:01:04,656 - INFO - Fixed 96 duplicate timestamps
2025-04-14 05:01:04,664 - WARNING - Found 28 time reversals
2025-04-14 05:01:04,691 - INFO - Fixed 430 duplicate timestamps
2025-04-14 05:01:04,700 - WARNING - Found 171 time reversals
2025-04-14 05:01:04,753 - INFO - Fixed 971 duplicate timestamps
2025-04-14 05:01:04,770 - WARNING - Found 431 time reversals
2025-04-14 05:01:04,790 - INFO - Fixed 123 duplicate timestamps
2025-04-14 05:01:04,800 - WARNING - Found 41 time reversals
2025-04-14 05:01:04,858 - INFO - Fixed 953 duplicate timestamps
2025-04-14 05:01:04,878 - WARNING - Found 312 time reversals
2025-04-14 05:01:04,885 - INFO - Fixed 2 duplicate timestamps
2025-04-14 05:01:04,903 - INFO - Fixed 72 duplicate timestamps
2025-04-14 05:01:04,906 - WARNING - Found 19 time reversals
2025-04-14 05:01:04,917 - INFO - Fixed 64 duplicate timestamps
2025-04-14 05:01:04,919 - WARNING - Found 14 time reversals
2025-04-14 05:01:04,922 - INFO - Fixed 6 duplicate timestamps
2025-04-14 05:01:04,977 - INFO - Fixed 953 duplicate timestamps
2025-04-14 05:01:04,998 - WARNING - Found 312 time reversals
2025-04-14 05:01:05,009 - INFO - Fixed 101 duplicate timestamps
2025-04-14 05:01:05,013 - WARNING - Found 37 time reversals
2025-04-14 05:01:05,047 - INFO - Fixed 501 duplicate timestamps
2025-04-14 05:01:05,059 - WARNING - Found 173 time reversals
2025-04-14 05:01:05,079 - INFO - Fixed 123 duplicate timestamps
2025-04-14 05:01:05,088 - WARNING - Found 41 time reversals
2025-04-14 05:01:05,147 - INFO - Fixed 953 duplicate timestamps
2025-04-14 05:01:05,167 - WARNING - Found 312 time reversals
2025-04-14 05:01:05,180 - INFO - Fixed 75 duplicate timestamps
2025-04-14 05:01:05,185 - WARNING - Found 27 time reversals
2025-04-14 05:01:05,191 - INFO - Fixed 8 duplicate timestamps
2025-04-14 05:01:05,198 - INFO - Fixed 1 duplicate timestamps
2025-04-14 05:01:05,217 - INFO - Fixed 252 duplicate timestamps
2025-04-14 05:01:05,222 - WARNING - Found 99 time reversals
2025-04-14 05:01:05,275 - INFO - Fixed 971 duplicate timestamps
2025-04-14 05:01:05,292 - WARNING - Found 431 time reversals
2025-04-14 05:01:05,347 - INFO - Fixed 953 duplicate timestamps
2025-04-14 05:01:05,368 - WARNING - Found 312 time reversals
2025-04-14 05:01:05,423 - INFO - Fixed 953 duplicate timestamps
2025-04-14 05:01:05,444 - WARNING - Found 312 time reversals
2025-04-14 05:01:05,460 - INFO - Fixed 252 duplicate timestamps
2025-04-14 05:01:05,464 - WARNING - Found 99 time reversals
2025-04-14 05:01:05,490 - INFO - Fixed 430 duplicate timestamps
2025-04-14 05:01:05,499 - WARNING - Found 171 time reversals
2025-04-14 05:01:05,506 - INFO - Fixed 51 duplicate timestamps
2025-04-14 05:01:05,523 - INFO - Fixed 252 duplicate timestamps
2025-04-14 05:01:05,527 - WARNING - Found 99 time reversals
2025-04-14 05:01:05,532 - INFO - Fixed 12 duplicate timestamps
2025-04-14 05:01:05,589 - INFO - Fixed 953 duplicate timestamps
2025-04-14 05:01:05,611 - WARNING - Found 312 time reversals
2025-04-14 05:01:05,621 - INFO - Fixed 42 duplicate timestamps
2025-04-14 05:01:05,677 - INFO - Fixed 953 duplicate timestamps
2025-04-14 05:01:05,698 - WARNING - Found 312 time reversals
2025-04-14 05:01:05,707 - INFO - Fixed 73 duplicate timestamps
2025-04-14 05:01:05,710 - WARNING - Found 18 time reversals
2025-04-14 05:01:05,736 - INFO - Fixed 430 duplicate timestamps
2025-04-14 05:01:05,745 - WARNING - Found 171 time reversals
2025-04-14 05:01:05,755 - INFO - Fixed 94 duplicate timestamps
2025-04-14 05:01:05,759 - WARNING - Found 21 time reversals
2025-04-14 05:01:05,785 - INFO - Fixed 430 duplicate timestamps
2025-04-14 05:01:05,794 - WARNING - Found 171 time reversals
2025-04-14 05:01:05,809 - INFO - Fixed 252 duplicate timestamps
2025-04-14 05:01:05,813 - WARNING - Found 99 time reversals
2025-04-14 05:01:05,840 - INFO - Fixed 443 duplicate timestamps
2025-04-14 05:01:05,850 - WARNING - Found 134 time reversals
2025-04-14 05:01:05,862 - INFO - Fixed 75 duplicate timestamps
2025-04-14 05:01:05,867 - WARNING - Found 27 time reversals
2025-04-14 05:01:05,883 - INFO - Fixed 101 duplicate timestamps
2025-04-14 05:01:05,890 - WARNING - Found 32 time reversals
2025-04-14 05:01:05,924 - INFO - Fixed 123 duplicate timestamps
2025-04-14 05:01:05,933 - WARNING - Found 41 time reversals
2025-04-14 05:01:05,939 - INFO - Fixed 28 duplicate timestamps
2025-04-14 05:01:05,942 - WARNING - Found 11 time reversals
2025-04-14 05:01:05,996 - INFO - Fixed 953 duplicate timestamps
2025-04-14 05:01:06,016 - WARNING - Found 312 time reversals
2025-04-14 05:01:06,072 - INFO - Fixed 953 duplicate timestamps
2025-04-14 05:01:06,093 - WARNING - Found 312 time reversals
2025-04-14 05:01:06,113 - INFO - Fixed 123 duplicate timestamps
2025-04-14 05:01:06,123 - WARNING - Found 41 time reversals
2025-04-14 05:01:06,178 - INFO - Fixed 953 duplicate timestamps
2025-04-14 05:01:06,198 - WARNING - Found 312 time reversals
2025-04-14 05:01:06,254 - INFO - Fixed 953 duplicate timestamps
2025-04-14 05:01:06,274 - WARNING - Found 312 time reversals
2025-04-14 05:01:06,295 - INFO - Fixed 123 duplicate timestamps
2025-04-14 05:01:06,304 - WARNING - Found 41 time reversals
2025-04-14 05:01:06,312 - INFO - Fixed 2 duplicate timestamps
2025-04-14 05:01:06,366 - INFO - Fixed 953 duplicate timestamps
2025-04-14 05:01:06,386 - WARNING - Found 312 time reversals
2025-04-14 05:01:06,442 - INFO - Fixed 953 duplicate timestamps
2025-04-14 05:01:06,462 - WARNING - Found 312 time reversals
2025-04-14 05:01:06,470 - INFO - Fixed 12 duplicate timestamps
2025-04-14 05:01:06,499 - INFO - Fixed 443 duplicate timestamps
2025-04-14 05:01:06,509 - WARNING - Found 134 time reversals
2025-04-14 05:01:06,514 - INFO - Fixed 1 duplicate timestamps
2025-04-14 05:01:06,570 - INFO - Fixed 953 duplicate timestamps
2025-04-14 05:01:06,590 - WARNING - Found 312 time reversals
2025-04-14 05:01:06,646 - INFO - Fixed 953 duplicate timestamps
2025-04-14 05:01:06,669 - WARNING - Found 312 time reversals
2025-04-14 05:01:06,676 - INFO - Fixed 9 duplicate timestamps
2025-04-14 05:01:06,693 - INFO - Fixed 252 duplicate timestamps
2025-04-14 05:01:06,697 - WARNING - Found 99 time reversals
2025-04-14 05:01:06,704 - INFO - Fixed 10 duplicate timestamps
2025-04-14 05:01:06,712 - INFO - Fixed 15 duplicate timestamps
2025-04-14 05:01:06,723 - INFO - Fixed 60 duplicate timestamps
2025-04-14 05:01:06,726 - WARNING - Found 11 time reversals
2025-04-14 05:01:06,739 - INFO - Fixed 86 duplicate timestamps
2025-04-14 05:01:06,742 - WARNING - Found 28 time reversals
2025-04-14 05:01:06,796 - INFO - Fixed 953 duplicate timestamps
2025-04-14 05:01:06,817 - WARNING - Found 312 time reversals
2025-04-14 05:01:06,872 - INFO - Fixed 953 duplicate timestamps
2025-04-14 05:01:06,893 - WARNING - Found 312 time reversals
2025-04-14 05:01:06,921 - INFO - Fixed 349 duplicate timestamps
2025-04-14 05:01:06,928 - WARNING - Found 148 time reversals
2025-04-14 05:01:06,932 - INFO - Fixed 3 duplicate timestamps
2025-04-14 05:01:06,987 - INFO - Fixed 953 duplicate timestamps
2025-04-14 05:01:07,008 - WARNING - Found 312 time reversals
2025-04-14 05:01:07,036 - INFO - Fixed 443 duplicate timestamps
2025-04-14 05:01:07,046 - WARNING - Found 134 time reversals
2025-04-14 05:01:07,073 - INFO - Fixed 443 duplicate timestamps
2025-04-14 05:01:07,082 - WARNING - Found 134 time reversals
2025-04-14 05:01:07,090 - INFO - Fixed 52 duplicate timestamps
2025-04-14 05:01:07,093 - WARNING - Found 17 time reversals
2025-04-14 05:01:07,119 - INFO - Fixed 430 duplicate timestamps
2025-04-14 05:01:07,128 - WARNING - Found 171 time reversals
2025-04-14 05:01:07,184 - INFO - Fixed 971 duplicate timestamps
2025-04-14 05:01:07,202 - WARNING - Found 431 time reversals
2025-04-14 05:01:07,228 - INFO - Fixed 397 duplicate timestamps
2025-04-14 05:01:07,236 - WARNING - Found 160 time reversals
2025-04-14 05:01:07,248 - INFO - Fixed 75 duplicate timestamps
2025-04-14 05:01:07,253 - WARNING - Found 27 time reversals
2025-04-14 05:01:07,258 - INFO - Fixed 7 duplicate timestamps
2025-04-14 05:01:07,314 - INFO - Fixed 953 duplicate timestamps
2025-04-14 05:01:07,335 - WARNING - Found 312 time reversals
2025-04-14 05:01:07,344 - INFO - Fixed 61 duplicate timestamps
2025-04-14 05:01:07,347 - WARNING - Found 15 time reversals
2025-04-14 05:01:07,401 - INFO - Fixed 953 duplicate timestamps
2025-04-14 05:01:07,421 - WARNING - Found 312 time reversals
2025-04-14 05:01:07,427 - INFO - Fixed 3 duplicate timestamps
2025-04-14 05:01:07,483 - INFO - Fixed 953 duplicate timestamps
2025-04-14 05:01:07,503 - WARNING - Found 312 time reversals
2025-04-14 05:01:07,509 - INFO - Fixed 1 duplicate timestamps
2025-04-14 05:01:07,517 - INFO - Fixed 5 duplicate timestamps
2025-04-14 05:01:07,529 - INFO - Fixed 29 duplicate timestamps
2025-04-14 05:01:07,530 - WARNING - Found 6 time reversals
2025-04-14 05:01:07,550 - INFO - Fixed 123 duplicate timestamps
2025-04-14 05:01:07,560 - WARNING - Found 41 time reversals
2025-04-14 05:01:07,584 - INFO - Fixed 369 duplicate timestamps
2025-04-14 05:01:07,592 - WARNING - Found 154 time reversals
2025-04-14 05:01:07,606 - INFO - Fixed 95 duplicate timestamps
2025-04-14 05:01:07,611 - WARNING - Found 28 time reversals
2025-04-14 05:01:07,615 - INFO - Fixed 3 duplicate timestamps
2025-04-14 05:01:07,623 - INFO - Fixed 64 duplicate timestamps
2025-04-14 05:01:07,624 - WARNING - Found 25 time reversals
2025-04-14 05:01:07,633 - INFO - Fixed 68 duplicate timestamps
2025-04-14 05:01:07,642 - WARNING - Found 17 time reversals
2025-04-14 05:01:07,711 - INFO - Fixed 953 duplicate timestamps
2025-04-14 05:01:07,733 - WARNING - Found 312 time reversals
2025-04-14 05:01:07,756 - INFO - Fixed 349 duplicate timestamps
2025-04-14 05:01:07,764 - WARNING - Found 148 time reversals
2025-04-14 05:01:07,772 - INFO - Fixed 55 duplicate timestamps
2025-04-14 05:01:07,802 - INFO - Fixed 443 duplicate timestamps
2025-04-14 05:01:07,812 - WARNING - Found 134 time reversals
2025-04-14 05:01:07,867 - INFO - Fixed 953 duplicate timestamps
2025-04-14 05:01:07,887 - WARNING - Found 312 time reversals
2025-04-14 05:01:07,920 - INFO - Fixed 468 duplicate timestamps
2025-04-14 05:01:07,931 - WARNING - Found 154 time reversals
2025-04-14 05:01:07,986 - INFO - Fixed 953 duplicate timestamps
2025-04-14 05:01:08,006 - WARNING - Found 312 time reversals
2025-04-14 05:01:08,019 - INFO - Fixed 75 duplicate timestamps
2025-04-14 05:01:08,024 - WARNING - Found 27 time reversals
2025-04-14 05:01:08,031 - INFO - Fixed 59 duplicate timestamps
2025-04-14 05:01:08,033 - WARNING - Found 22 time reversals
2025-04-14 05:01:08,087 - INFO - Fixed 953 duplicate timestamps
2025-04-14 05:01:08,176 - WARNING - Found 312 time reversals
2025-04-14 05:01:08,202 - INFO - Fixed 365 duplicate timestamps
2025-04-14 05:01:08,210 - WARNING - Found 169 time reversals
2025-04-14 05:01:08,213 - INFO - Dataset Statistics for subjects [38, 46]:
2025-04-14 05:01:08,213 - INFO - Total files: 698
2025-04-14 05:01:08,213 - INFO - Successfully processed: 588 (84.2%)
2025-04-14 05:01:08,213 - INFO - Errors: 110
2025-04-14 05:01:08,213 - INFO - Falls: 141 samples
2025-04-14 05:01:08,213 - INFO - Non-falls: 1801 samples
2025-04-14 05:01:08,213 - INFO - Activities distribution:
2025-04-14 05:01:08,214 - INFO -   Activity 1 (ADL): 38 files
2025-04-14 05:01:08,214 - INFO -   Activity 2 (ADL): 49 files
2025-04-14 05:01:08,214 - INFO -   Activity 3 (ADL): 60 files
2025-04-14 05:01:08,214 - INFO -   Activity 4 (ADL): 10 files
2025-04-14 05:01:08,214 - INFO -   Activity 5 (ADL): 57 files
2025-04-14 05:01:08,214 - INFO -   Activity 6 (ADL): 51 files
2025-04-14 05:01:08,214 - INFO -   Activity 7 (ADL): 47 files
2025-04-14 05:01:08,214 - INFO -   Activity 8 (ADL): 55 files
2025-04-14 05:01:08,214 - INFO -   Activity 9 (ADL): 54 files
2025-04-14 05:01:08,214 - INFO -   Activity 10 (Fall): 59 files
2025-04-14 05:01:08,214 - INFO -   Activity 11 (Fall): 51 files
2025-04-14 05:01:08,214 - INFO -   Activity 12 (Fall): 60 files
2025-04-14 05:01:08,214 - INFO -   Activity 13 (Fall): 52 files
2025-04-14 05:01:08,214 - INFO -   Activity 14 (Fall): 55 files
2025-04-14 05:01:10,118 - INFO - Fixed 6 duplicate timestamps
2025-04-14 05:01:10,122 - WARNING - Found 1 time reversals
2025-04-14 05:01:10,126 - INFO - Fixed 1 duplicate timestamps
2025-04-14 05:01:10,133 - INFO - Fixed 16 duplicate timestamps
2025-04-14 05:01:10,143 - INFO - Fixed 2 duplicate timestamps
2025-04-14 05:01:10,149 - INFO - Fixed 1 duplicate timestamps
2025-04-14 05:01:10,154 - INFO - Fixed 3 duplicate timestamps
2025-04-14 05:01:10,162 - INFO - Fixed 30 duplicate timestamps
2025-04-14 05:01:10,164 - WARNING - Found 3 time reversals
2025-04-14 05:01:10,169 - INFO - Fixed 8 duplicate timestamps
2025-04-14 05:01:10,171 - WARNING - Found 2 time reversals
2025-04-14 05:01:10,179 - INFO - Fixed 83 duplicate timestamps
2025-04-14 05:01:10,188 - INFO - Fixed 7 duplicate timestamps
2025-04-14 05:01:10,203 - INFO - Fixed 170 duplicate timestamps
2025-04-14 05:01:10,208 - WARNING - Found 59 time reversals
2025-04-14 05:01:10,214 - INFO - Fixed 37 duplicate timestamps
2025-04-14 05:01:10,215 - WARNING - Found 14 time reversals
2025-04-14 05:01:10,222 - INFO - Fixed 1 duplicate timestamps
2025-04-14 05:01:10,235 - INFO - Fixed 2 duplicate timestamps
2025-04-14 05:01:10,243 - INFO - Fixed 8 duplicate timestamps
2025-04-14 05:01:10,246 - WARNING - Found 1 time reversals
2025-04-14 05:01:10,251 - INFO - Fixed 33 duplicate timestamps
2025-04-14 05:01:10,258 - INFO - Fixed 2 duplicate timestamps
2025-04-14 05:01:10,264 - INFO - Fixed 2 duplicate timestamps
2025-04-14 05:01:10,273 - INFO - Fixed 51 duplicate timestamps
2025-04-14 05:01:10,282 - INFO - Fixed 2 duplicate timestamps
2025-04-14 05:01:10,288 - INFO - Fixed 6 duplicate timestamps
2025-04-14 05:01:10,290 - WARNING - Found 1 time reversals
2025-04-14 05:01:10,294 - INFO - Fixed 4 duplicate timestamps
2025-04-14 05:01:10,299 - INFO - Fixed 8 duplicate timestamps
2025-04-14 05:01:10,304 - INFO - Fixed 1 duplicate timestamps
2025-04-14 05:01:10,310 - INFO - Fixed 2 duplicate timestamps
2025-04-14 05:01:10,315 - INFO - Fixed 1 duplicate timestamps
2025-04-14 05:01:10,323 - INFO - Fixed 72 duplicate timestamps
2025-04-14 05:01:10,325 - WARNING - Found 18 time reversals
2025-04-14 05:01:10,331 - INFO - Fixed 7 duplicate timestamps
2025-04-14 05:01:10,340 - INFO - Fixed 57 duplicate timestamps
2025-04-14 05:01:10,342 - WARNING - Found 20 time reversals
2025-04-14 05:01:10,350 - INFO - Fixed 1 duplicate timestamps
2025-04-14 05:01:10,355 - INFO - Fixed 9 duplicate timestamps
2025-04-14 05:01:10,361 - INFO - Fixed 2 duplicate timestamps
2025-04-14 05:01:10,377 - INFO - Fixed 180 duplicate timestamps
2025-04-14 05:01:10,382 - WARNING - Found 59 time reversals
2025-04-14 05:01:10,390 - INFO - Fixed 1 duplicate timestamps
2025-04-14 05:01:10,395 - INFO - Dataset Statistics for subjects [32]:
2025-04-14 05:01:10,395 - INFO - Total files: 743
2025-04-14 05:01:10,395 - INFO - Successfully processed: 633 (85.2%)
2025-04-14 05:01:10,395 - INFO - Errors: 110
2025-04-14 05:01:10,395 - INFO - Falls: 21 samples
2025-04-14 05:01:10,395 - INFO - Non-falls: 39 samples
2025-04-14 05:01:10,395 - INFO - Activities distribution:
2025-04-14 05:01:10,396 - INFO -   Activity 1 (ADL): 41 files
2025-04-14 05:01:10,396 - INFO -   Activity 2 (ADL): 53 files
2025-04-14 05:01:10,396 - INFO -   Activity 3 (ADL): 65 files
2025-04-14 05:01:10,396 - INFO -   Activity 4 (ADL): 10 files
2025-04-14 05:01:10,396 - INFO -   Activity 5 (ADL): 60 files
2025-04-14 05:01:10,396 - INFO -   Activity 6 (ADL): 52 files
2025-04-14 05:01:10,396 - INFO -   Activity 7 (ADL): 50 files
2025-04-14 05:01:10,396 - INFO -   Activity 8 (ADL): 59 files
2025-04-14 05:01:10,396 - INFO -   Activity 9 (ADL): 57 files
2025-04-14 05:01:10,396 - INFO -   Activity 10 (Fall): 62 files
2025-04-14 05:01:10,396 - INFO -   Activity 11 (Fall): 54 files
2025-04-14 05:01:10,396 - INFO -   Activity 12 (Fall): 64 files
2025-04-14 05:01:10,396 - INFO -   Activity 13 (Fall): 56 files
2025-04-14 05:01:10,396 - INFO -   Activity 14 (Fall): 60 files
2025-04-14 05:01:10,567 - INFO - Data loaded - Train: 5629 samples
2025-04-14 05:01:10,567 - INFO - Val: 1942 samples
2025-04-14 05:01:10,567 - INFO - Test: 60 samples
2025-04-14 05:01:10,568 - INFO - Train class distribution - Non-falls: 3598, Falls: 2031
2025-04-14 05:01:10,568 - INFO - Val class distribution - Non-falls: 1801, Falls: 141
2025-04-14 05:01:10,568 - INFO - Test class distribution - Non-falls: 39, Falls: 21
/home/sww35/.local/lib/python3.9/site-packages/torch/optim/lr_scheduler.py:62: UserWarning: The verbose parameter is deprecated. Please use get_last_lr() to access the learning rate.
  warnings.warn(
  0%|                                                   | 0/176 [00:00<?, ?it/s]  1%|▏                                          | 1/176 [00:01<03:58,  1.36s/it]  8%|███▎                                      | 14/176 [00:01<00:12, 12.94it/s] 16%|██████▉                                   | 29/176 [00:01<00:05, 29.21it/s] 25%|██████████▌                               | 44/176 [00:01<00:02, 46.69it/s] 34%|██████████████                            | 59/176 [00:01<00:01, 64.35it/s] 42%|█████████████████▋                        | 74/176 [00:01<00:01, 81.12it/s] 51%|█████████████████████▏                    | 89/176 [00:01<00:00, 96.13it/s] 59%|███████████████████████▋                | 104/176 [00:02<00:00, 108.84it/s] 68%|███████████████████████████             | 119/176 [00:02<00:00, 118.78it/s] 76%|██████████████████████████████▍         | 134/176 [00:02<00:00, 126.66it/s] 85%|█████████████████████████████████▊      | 149/176 [00:02<00:00, 132.74it/s] 93%|█████████████████████████████████████▎  | 164/176 [00:02<00:00, 136.15it/s]100%|█████████████████████████████████████████| 176/176 [00:02<00:00, 68.14it/s]
2025-04-14 05:01:13,932 - INFO - Epoch 0: Training Loss: 0.0272, Acc: 59.19%, F1: 46.79%, Precision: 44.18%, Recall: 49.73%, AUC: 57.13%
2025-04-14 05:01:13,932 - INFO - Time consumption: [Data]09%, [Network]90%
2025-04-14 05:01:13,933 - INFO - Eval epoch: 0
  0%|                                                    | 0/61 [00:00<?, ?it/s] 54%|██████████████████████▋                   | 33/61 [00:00<00:00, 322.94it/s]100%|██████████████████████████████████████████| 61/61 [00:00<00:00, 321.11it/s]
2025-04-14 05:01:14,128 - INFO - Val Loss: 0.0256, Acc: 28.99%, F1: 14.72%, Precision: 8.06%, Recall: 84.40%, AUC: 54.53%
2025-04-14 05:01:14,205 - INFO - Weights Saved: F1 improved to 14.72%
  0%|                                                   | 0/176 [00:00<?, ?it/s]  9%|███▍                                     | 15/176 [00:00<00:01, 141.76it/s] 17%|██████▉                                  | 30/176 [00:00<00:00, 146.06it/s] 26%|██████████▍                              | 45/176 [00:00<00:00, 147.60it/s] 34%|█████████████▉                           | 60/176 [00:00<00:00, 148.32it/s] 43%|█████████████████▍                       | 75/176 [00:00<00:00, 148.79it/s] 51%|████████████████████▉                    | 90/176 [00:00<00:00, 148.87it/s] 60%|███████████████████████▊                | 105/176 [00:00<00:00, 148.27it/s] 68%|███████████████████████████▎            | 120/176 [00:00<00:00, 148.02it/s] 77%|██████████████████████████████▋         | 135/176 [00:00<00:00, 144.58it/s] 85%|██████████████████████████████████      | 150/176 [00:01<00:00, 142.61it/s] 94%|█████████████████████████████████████▌  | 165/176 [00:01<00:00, 141.38it/s]100%|████████████████████████████████████████| 176/176 [00:01<00:00, 144.62it/s]
2025-04-14 05:01:15,430 - INFO - Epoch 1: Training Loss: 0.0259, Acc: 62.50%, F1: 56.47%, Precision: 48.58%, Recall: 67.41%, AUC: 63.57%
2025-04-14 05:01:15,430 - INFO - Time consumption: [Data]19%, [Network]79%
2025-04-14 05:01:15,430 - INFO - Eval epoch: 1
  0%|                                                    | 0/61 [00:00<?, ?it/s] 57%|████████████████████████                  | 35/61 [00:00<00:00, 342.96it/s]100%|██████████████████████████████████████████| 61/61 [00:00<00:00, 343.63it/s]
2025-04-14 05:01:15,612 - INFO - Val Loss: 0.0282, Acc: 25.18%, F1: 13.67%, Precision: 7.46%, Recall: 81.56%, AUC: 51.16%
  0%|                                                   | 0/176 [00:00<?, ?it/s]  8%|███▎                                     | 14/176 [00:00<00:01, 137.85it/s] 16%|██████▌                                  | 28/176 [00:00<00:01, 138.15it/s] 24%|█████████▊                               | 42/176 [00:00<00:00, 137.27it/s] 32%|█████████████                            | 56/176 [00:00<00:00, 137.80it/s] 40%|████████████████▎                        | 70/176 [00:00<00:00, 138.03it/s] 48%|███████████████████▊                     | 85/176 [00:00<00:00, 140.62it/s] 57%|██████████████████████▋                 | 100/176 [00:00<00:00, 143.40it/s] 65%|██████████████████████████▏             | 115/176 [00:00<00:00, 145.25it/s] 74%|█████████████████████████████▌          | 130/176 [00:00<00:00, 145.94it/s] 82%|████████████████████████████████▉       | 145/176 [00:01<00:00, 146.91it/s] 91%|████████████████████████████████████▎   | 160/176 [00:01<00:00, 147.60it/s] 99%|███████████████████████████████████████▊| 175/176 [00:01<00:00, 147.91it/s]100%|████████████████████████████████████████| 176/176 [00:01<00:00, 143.70it/s]
2025-04-14 05:01:16,848 - INFO - Epoch 2: Training Loss: 0.0255, Acc: 63.78%, F1: 57.76%, Precision: 49.86%, Recall: 68.64%, AUC: 64.84%
2025-04-14 05:01:16,848 - INFO - Time consumption: [Data]19%, [Network]79%
2025-04-14 05:01:16,848 - INFO - Eval epoch: 2
  0%|                                                    | 0/61 [00:00<?, ?it/s] 57%|████████████████████████                  | 35/61 [00:00<00:00, 343.80it/s]100%|██████████████████████████████████████████| 61/61 [00:00<00:00, 344.15it/s]
2025-04-14 05:01:17,030 - INFO - Val Loss: 0.0267, Acc: 34.35%, F1: 11.64%, Precision: 6.45%, Recall: 59.57%, AUC: 45.97%
  0%|                                                   | 0/176 [00:00<?, ?it/s]  9%|███▍                                     | 15/176 [00:00<00:01, 146.57it/s] 17%|██████▉                                  | 30/176 [00:00<00:00, 148.02it/s] 26%|██████████▍                              | 45/176 [00:00<00:00, 148.55it/s] 34%|█████████████▉                           | 60/176 [00:00<00:00, 148.12it/s] 43%|█████████████████▍                       | 75/176 [00:00<00:00, 148.48it/s] 51%|████████████████████▉                    | 90/176 [00:00<00:00, 148.66it/s] 60%|███████████████████████▊                | 105/176 [00:00<00:00, 148.78it/s] 68%|███████████████████████████▎            | 120/176 [00:00<00:00, 148.48it/s] 77%|██████████████████████████████▋         | 135/176 [00:00<00:00, 148.16it/s] 85%|██████████████████████████████████      | 150/176 [00:01<00:00, 148.28it/s] 94%|█████████████████████████████████████▌  | 165/176 [00:01<00:00, 148.66it/s]100%|████████████████████████████████████████| 176/176 [00:01<00:00, 148.49it/s]
2025-04-14 05:01:18,221 - INFO - Epoch 3: Training Loss: 0.0250, Acc: 66.25%, F1: 59.75%, Precision: 52.44%, Recall: 69.42%, AUC: 66.94%
2025-04-14 05:01:18,221 - INFO - Time consumption: [Data]19%, [Network]79%
2025-04-14 05:01:18,222 - INFO - Eval epoch: 3
  0%|                                                    | 0/61 [00:00<?, ?it/s] 57%|████████████████████████                  | 35/61 [00:00<00:00, 343.95it/s]100%|██████████████████████████████████████████| 61/61 [00:00<00:00, 344.41it/s]
2025-04-14 05:01:18,404 - INFO - Val Loss: 0.0269, Acc: 43.00%, F1: 11.23%, Precision: 6.33%, Recall: 49.65%, AUC: 46.06%
  0%|                                                   | 0/176 [00:00<?, ?it/s]  9%|███▍                                     | 15/176 [00:00<00:01, 148.68it/s] 17%|██████▉                                  | 30/176 [00:00<00:00, 149.40it/s] 26%|██████████▍                              | 45/176 [00:00<00:00, 149.60it/s] 34%|█████████████▉                           | 60/176 [00:00<00:00, 149.48it/s] 43%|█████████████████▍                       | 75/176 [00:00<00:00, 148.71it/s] 52%|█████████████████████▏                   | 91/176 [00:00<00:00, 149.20it/s] 60%|████████████████████████                | 106/176 [00:00<00:00, 149.42it/s] 69%|███████████████████████████▌            | 121/176 [00:00<00:00, 148.85it/s] 77%|██████████████████████████████▉         | 136/176 [00:00<00:00, 149.15it/s] 86%|██████████████████████████████████▎     | 151/176 [00:01<00:00, 149.37it/s] 94%|█████████████████████████████████████▋  | 166/176 [00:01<00:00, 149.50it/s]100%|████████████████████████████████████████| 176/176 [00:01<00:00, 149.25it/s]
2025-04-14 05:01:19,592 - INFO - Epoch 4: Training Loss: 0.0245, Acc: 67.42%, F1: 60.71%, Precision: 53.74%, Recall: 69.77%, AUC: 67.93%
2025-04-14 05:01:19,592 - INFO - Time consumption: [Data]19%, [Network]79%
2025-04-14 05:01:19,593 - INFO - Eval epoch: 4
  0%|                                                    | 0/61 [00:00<?, ?it/s] 57%|████████████████████████                  | 35/61 [00:00<00:00, 344.92it/s]100%|██████████████████████████████████████████| 61/61 [00:00<00:00, 345.04it/s]
2025-04-14 05:01:19,774 - INFO - Val Loss: 0.0271, Acc: 37.59%, F1: 11.01%, Precision: 6.14%, Recall: 53.19%, AUC: 44.78%
  0%|                                                   | 0/176 [00:00<?, ?it/s]  9%|███▍                                     | 15/176 [00:00<00:01, 147.72it/s] 17%|██████▉                                  | 30/176 [00:00<00:00, 147.53it/s] 26%|██████████▍                              | 45/176 [00:00<00:00, 147.34it/s] 34%|█████████████▉                           | 60/176 [00:00<00:00, 148.28it/s] 43%|█████████████████▍                       | 75/176 [00:00<00:00, 148.84it/s] 51%|████████████████████▉                    | 90/176 [00:00<00:00, 149.17it/s] 60%|███████████████████████▊                | 105/176 [00:00<00:00, 149.41it/s] 68%|███████████████████████████▎            | 120/176 [00:00<00:00, 149.54it/s] 77%|██████████████████████████████▋         | 135/176 [00:00<00:00, 149.67it/s] 86%|██████████████████████████████████▎     | 151/176 [00:01<00:00, 149.85it/s] 94%|█████████████████████████████████████▋  | 166/176 [00:01<00:00, 149.21it/s]100%|████████████████████████████████████████| 176/176 [00:01<00:00, 148.79it/s]
2025-04-14 05:01:20,963 - INFO - Epoch 5: Training Loss: 0.0243, Acc: 67.97%, F1: 60.90%, Precision: 54.42%, Recall: 69.13%, AUC: 68.22%
2025-04-14 05:01:20,963 - INFO - Time consumption: [Data]19%, [Network]79%
2025-04-14 05:01:20,963 - INFO - Eval epoch: 5
  0%|                                                    | 0/61 [00:00<?, ?it/s] 57%|████████████████████████                  | 35/61 [00:00<00:00, 343.34it/s]100%|██████████████████████████████████████████| 61/61 [00:00<00:00, 343.55it/s]
2025-04-14 05:01:21,146 - INFO - Val Loss: 0.0220, Acc: 63.18%, F1: 16.57%, Precision: 9.92%, Recall: 50.35%, AUC: 57.27%
2025-04-14 05:01:21,154 - INFO - Weights Saved: F1 improved to 16.57%
  0%|                                                   | 0/176 [00:00<?, ?it/s]  9%|███▍                                     | 15/176 [00:00<00:01, 148.90it/s] 17%|██████▉                                  | 30/176 [00:00<00:00, 147.26it/s] 26%|██████████▍                              | 45/176 [00:00<00:00, 148.32it/s] 34%|█████████████▉                           | 60/176 [00:00<00:00, 148.94it/s] 43%|█████████████████▍                       | 75/176 [00:00<00:00, 149.28it/s] 51%|████████████████████▉                    | 90/176 [00:00<00:00, 149.51it/s] 60%|███████████████████████▊                | 105/176 [00:00<00:00, 148.93it/s] 68%|███████████████████████████▎            | 120/176 [00:00<00:00, 148.33it/s] 77%|██████████████████████████████▋         | 135/176 [00:00<00:00, 148.81it/s] 85%|██████████████████████████████████      | 150/176 [00:01<00:00, 149.09it/s] 94%|█████████████████████████████████████▌  | 165/176 [00:01<00:00, 149.29it/s]100%|████████████████████████████████████████| 176/176 [00:01<00:00, 148.95it/s]
2025-04-14 05:01:22,343 - INFO - Epoch 6: Training Loss: 0.0240, Acc: 68.64%, F1: 61.37%, Precision: 55.24%, Recall: 69.03%, AUC: 68.73%
2025-04-14 05:01:22,343 - INFO - Time consumption: [Data]19%, [Network]79%
2025-04-14 05:01:22,343 - INFO - Eval epoch: 6
  0%|                                                    | 0/61 [00:00<?, ?it/s] 57%|████████████████████████                  | 35/61 [00:00<00:00, 343.86it/s]100%|██████████████████████████████████████████| 61/61 [00:00<00:00, 344.24it/s]
2025-04-14 05:01:22,525 - INFO - Val Loss: 0.0235, Acc: 54.17%, F1: 11.88%, Precision: 6.90%, Recall: 42.55%, AUC: 48.82%
  0%|                                                   | 0/176 [00:00<?, ?it/s]  9%|███▍                                     | 15/176 [00:00<00:01, 148.58it/s] 18%|███████▏                                 | 31/176 [00:00<00:00, 149.51it/s] 27%|██████████▉                              | 47/176 [00:00<00:00, 149.86it/s] 35%|██████████████▍                          | 62/176 [00:00<00:00, 149.53it/s] 44%|█████████████████▉                       | 77/176 [00:00<00:00, 148.80it/s] 53%|█████████████████████▋                   | 93/176 [00:00<00:00, 149.33it/s] 62%|████████████████████████▊               | 109/176 [00:00<00:00, 149.71it/s] 71%|████████████████████████████▍           | 125/176 [00:00<00:00, 149.89it/s] 80%|████████████████████████████████        | 141/176 [00:00<00:00, 150.02it/s] 89%|███████████████████████████████████▋    | 157/176 [00:01<00:00, 150.07it/s] 98%|███████████████████████████████████████▎| 173/176 [00:01<00:00, 150.13it/s]100%|████████████████████████████████████████| 176/176 [00:01<00:00, 149.73it/s]
2025-04-14 05:01:23,707 - INFO - Epoch 7: Training Loss: 0.0239, Acc: 68.48%, F1: 61.08%, Precision: 55.09%, Recall: 68.54%, AUC: 68.50%
2025-04-14 05:01:23,707 - INFO - Time consumption: [Data]19%, [Network]79%
2025-04-14 05:01:23,707 - INFO - Eval epoch: 7
  0%|                                                    | 0/61 [00:00<?, ?it/s] 57%|████████████████████████                  | 35/61 [00:00<00:00, 344.37it/s]100%|██████████████████████████████████████████| 61/61 [00:00<00:00, 343.86it/s]
2025-04-14 05:01:23,891 - INFO - Val Loss: 0.0320, Acc: 33.88%, F1: 10.34%, Precision: 5.73%, Recall: 52.48%, AUC: 42.45%
  0%|                                                   | 0/176 [00:00<?, ?it/s]  9%|███▍                                     | 15/176 [00:00<00:01, 148.45it/s] 18%|███████▏                                 | 31/176 [00:00<00:00, 149.47it/s] 27%|██████████▉                              | 47/176 [00:00<00:00, 149.79it/s] 35%|██████████████▍                          | 62/176 [00:00<00:00, 149.68it/s] 44%|██████████████████▏                      | 78/176 [00:00<00:00, 149.81it/s] 53%|█████████████████████▉                   | 94/176 [00:00<00:00, 149.90it/s] 62%|█████████████████████████               | 110/176 [00:00<00:00, 150.00it/s] 72%|████████████████████████████▋           | 126/176 [00:00<00:00, 150.08it/s] 81%|████████████████████████████████▎       | 142/176 [00:00<00:00, 150.05it/s] 90%|███████████████████████████████████▉    | 158/176 [00:01<00:00, 149.92it/s] 98%|███████████████████████████████████████▎| 173/176 [00:01<00:00, 149.07it/s]100%|████████████████████████████████████████| 176/176 [00:01<00:00, 149.32it/s]
2025-04-14 05:01:25,076 - INFO - Epoch 8: Training Loss: 0.0233, Acc: 69.64%, F1: 62.79%, Precision: 56.28%, Recall: 71.00%, AUC: 69.94%
2025-04-14 05:01:25,076 - INFO - Time consumption: [Data]19%, [Network]79%
2025-04-14 05:01:25,076 - INFO - Eval epoch: 8
  0%|                                                    | 0/61 [00:00<?, ?it/s] 57%|████████████████████████                  | 35/61 [00:00<00:00, 343.65it/s]100%|██████████████████████████████████████████| 61/61 [00:00<00:00, 344.52it/s]
2025-04-14 05:01:25,258 - INFO - Val Loss: 0.0288, Acc: 40.73%, F1: 11.26%, Precision: 6.31%, Recall: 51.77%, AUC: 45.82%
  0%|                                                   | 0/176 [00:00<?, ?it/s]  9%|███▍                                     | 15/176 [00:00<00:01, 148.84it/s] 18%|███████▏                                 | 31/176 [00:00<00:00, 149.67it/s] 27%|██████████▉                              | 47/176 [00:00<00:00, 149.98it/s] 35%|██████████████▍                          | 62/176 [00:00<00:00, 149.88it/s] 44%|██████████████████▏                      | 78/176 [00:00<00:00, 149.98it/s] 53%|█████████████████████▉                   | 94/176 [00:00<00:00, 150.06it/s] 62%|█████████████████████████               | 110/176 [00:00<00:00, 149.69it/s] 71%|████████████████████████████▍           | 125/176 [00:00<00:00, 148.89it/s] 80%|████████████████████████████████        | 141/176 [00:00<00:00, 149.32it/s] 89%|███████████████████████████████████▋    | 157/176 [00:01<00:00, 149.59it/s] 98%|███████████████████████████████████████ | 172/176 [00:01<00:00, 149.40it/s]100%|████████████████████████████████████████| 176/176 [00:01<00:00, 149.50it/s]
2025-04-14 05:01:26,442 - INFO - Epoch 9: Training Loss: 0.0232, Acc: 69.98%, F1: 62.59%, Precision: 56.86%, Recall: 69.62%, AUC: 69.90%
2025-04-14 05:01:26,443 - INFO - Time consumption: [Data]19%, [Network]79%
2025-04-14 05:01:26,443 - INFO - Eval epoch: 9
  0%|                                                    | 0/61 [00:00<?, ?it/s] 57%|████████████████████████                  | 35/61 [00:00<00:00, 341.94it/s]100%|██████████████████████████████████████████| 61/61 [00:00<00:00, 342.83it/s]
2025-04-14 05:01:26,626 - INFO - Val Loss: 0.0230, Acc: 64.37%, F1: 16.83%, Precision: 10.13%, Recall: 49.65%, AUC: 57.58%
2025-04-14 05:01:26,633 - INFO - Weights Saved: F1 improved to 16.83%
  0%|                                                   | 0/176 [00:00<?, ?it/s]  9%|███▍                                     | 15/176 [00:00<00:01, 148.25it/s] 17%|██████▉                                  | 30/176 [00:00<00:00, 148.99it/s] 26%|██████████▍                              | 45/176 [00:00<00:00, 148.74it/s] 34%|█████████████▉                           | 60/176 [00:00<00:00, 148.00it/s] 43%|█████████████████▍                       | 75/176 [00:00<00:00, 148.45it/s] 51%|████████████████████▉                    | 90/176 [00:00<00:00, 148.73it/s] 60%|███████████████████████▊                | 105/176 [00:00<00:00, 149.04it/s] 68%|███████████████████████████▎            | 120/176 [00:00<00:00, 149.33it/s] 77%|██████████████████████████████▉         | 136/176 [00:00<00:00, 149.57it/s] 86%|██████████████████████████████████▎     | 151/176 [00:01<00:00, 149.59it/s] 94%|█████████████████████████████████████▋  | 166/176 [00:01<00:00, 149.69it/s]100%|████████████████████████████████████████| 176/176 [00:01<00:00, 149.15it/s]
2025-04-14 05:01:27,821 - INFO - Epoch 10: Training Loss: 0.0227, Acc: 71.86%, F1: 64.26%, Precision: 59.31%, Recall: 70.11%, AUC: 71.48%
2025-04-14 05:01:27,821 - INFO - Time consumption: [Data]20%, [Network]79%
2025-04-14 05:01:27,821 - INFO - Eval epoch: 10
  0%|                                                    | 0/61 [00:00<?, ?it/s] 57%|████████████████████████                  | 35/61 [00:00<00:00, 343.59it/s]100%|██████████████████████████████████████████| 61/61 [00:00<00:00, 335.40it/s]
2025-04-14 05:01:28,010 - INFO - Val Loss: 0.0315, Acc: 40.42%, F1: 11.75%, Precision: 6.58%, Recall: 54.61%, AUC: 46.96%
  0%|                                                   | 0/176 [00:00<?, ?it/s]  9%|███▍                                     | 15/176 [00:00<00:01, 148.56it/s] 18%|███████▏                                 | 31/176 [00:00<00:00, 149.50it/s] 26%|██████████▋                              | 46/176 [00:00<00:00, 149.69it/s] 35%|██████████████▍                          | 62/176 [00:00<00:00, 149.84it/s] 44%|█████████████████▉                       | 77/176 [00:00<00:00, 149.87it/s] 53%|█████████████████████▋                   | 93/176 [00:00<00:00, 149.94it/s] 62%|████████████████████████▊               | 109/176 [00:00<00:00, 149.98it/s] 71%|████████████████████████████▍           | 125/176 [00:00<00:00, 150.04it/s] 80%|████████████████████████████████        | 141/176 [00:00<00:00, 149.81it/s] 89%|███████████████████████████████████▍    | 156/176 [00:01<00:00, 148.38it/s] 97%|██████████████████████████████████████▊ | 171/176 [00:01<00:00, 147.80it/s]100%|████████████████████████████████████████| 176/176 [00:01<00:00, 149.06it/s]
2025-04-14 05:01:29,201 - INFO - Epoch 11: Training Loss: 0.0226, Acc: 71.04%, F1: 64.08%, Precision: 58.00%, Recall: 71.59%, AUC: 71.16%
2025-04-14 05:01:29,201 - INFO - Time consumption: [Data]20%, [Network]78%
2025-04-14 05:01:29,201 - INFO - Eval epoch: 11
  0%|                                                    | 0/61 [00:00<?, ?it/s] 57%|████████████████████████                  | 35/61 [00:00<00:00, 343.19it/s]100%|██████████████████████████████████████████| 61/61 [00:00<00:00, 344.30it/s]
2025-04-14 05:01:29,383 - INFO - Val Loss: 0.0259, Acc: 47.37%, F1: 10.82%, Precision: 6.17%, Recall: 43.97%, AUC: 45.81%
  0%|                                                   | 0/176 [00:00<?, ?it/s]  9%|███▍                                     | 15/176 [00:00<00:01, 148.40it/s] 17%|██████▉                                  | 30/176 [00:00<00:00, 149.27it/s] 26%|██████████▍                              | 45/176 [00:00<00:00, 149.55it/s] 34%|█████████████▉                           | 60/176 [00:00<00:00, 149.59it/s] 43%|█████████████████▋                       | 76/176 [00:00<00:00, 149.77it/s] 52%|█████████████████████▏                   | 91/176 [00:00<00:00, 149.67it/s] 60%|████████████████████████                | 106/176 [00:00<00:00, 147.96it/s] 69%|███████████████████████████▌            | 121/176 [00:00<00:00, 148.41it/s] 78%|███████████████████████████████▏        | 137/176 [00:00<00:00, 148.96it/s] 86%|██████████████████████████████████▌     | 152/176 [00:01<00:00, 149.25it/s] 95%|█████████████████████████████████████▉  | 167/176 [00:01<00:00, 149.12it/s]100%|████████████████████████████████████████| 176/176 [00:01<00:00, 149.07it/s]
2025-04-14 05:01:30,570 - INFO - Epoch 12: Training Loss: 0.0227, Acc: 71.59%, F1: 64.20%, Precision: 58.87%, Recall: 70.61%, AUC: 71.38%
2025-04-14 05:01:30,570 - INFO - Time consumption: [Data]19%, [Network]79%
2025-04-14 05:01:30,570 - INFO - Eval epoch: 12
  0%|                                                    | 0/61 [00:00<?, ?it/s] 57%|████████████████████████                  | 35/61 [00:00<00:00, 344.36it/s]100%|██████████████████████████████████████████| 61/61 [00:00<00:00, 344.74it/s]
2025-04-14 05:01:30,752 - INFO - Val Loss: 0.0310, Acc: 40.16%, F1: 12.10%, Precision: 6.77%, Recall: 56.74%, AUC: 47.80%
  0%|                                                   | 0/176 [00:00<?, ?it/s]  9%|███▍                                     | 15/176 [00:00<00:01, 148.47it/s] 17%|██████▉                                  | 30/176 [00:00<00:00, 149.26it/s] 26%|██████████▍                              | 45/176 [00:00<00:00, 149.29it/s] 34%|█████████████▉                           | 60/176 [00:00<00:00, 148.47it/s] 43%|█████████████████▍                       | 75/176 [00:00<00:00, 148.94it/s] 52%|█████████████████████▏                   | 91/176 [00:00<00:00, 149.31it/s] 60%|████████████████████████                | 106/176 [00:00<00:00, 149.53it/s] 69%|███████████████████████████▋            | 122/176 [00:00<00:00, 149.74it/s] 78%|███████████████████████████████▏        | 137/176 [00:00<00:00, 149.81it/s] 86%|██████████████████████████████████▌     | 152/176 [00:01<00:00, 149.85it/s] 95%|██████████████████████████████████████▏ | 168/176 [00:01<00:00, 149.92it/s]100%|████████████████████████████████████████| 176/176 [00:01<00:00, 149.49it/s]
2025-04-14 05:01:31,937 - INFO - Epoch 13: Training Loss: 0.0219, Acc: 73.37%, F1: 66.03%, Precision: 61.17%, Recall: 71.74%, AUC: 73.01%
2025-04-14 05:01:31,938 - INFO - Time consumption: [Data]19%, [Network]79%
2025-04-14 05:01:31,938 - INFO - Eval epoch: 13
  0%|                                                    | 0/61 [00:00<?, ?it/s] 57%|████████████████████████                  | 35/61 [00:00<00:00, 342.10it/s]100%|██████████████████████████████████████████| 61/61 [00:00<00:00, 339.27it/s]
2025-04-14 05:01:32,122 - INFO - Val Loss: 0.0284, Acc: 47.17%, F1: 10.00%, Precision: 5.71%, Recall: 40.43%, AUC: 44.06%
  0%|                                                   | 0/176 [00:00<?, ?it/s]  9%|███▍                                     | 15/176 [00:00<00:01, 148.82it/s] 17%|██████▉                                  | 30/176 [00:00<00:00, 149.48it/s] 26%|██████████▍                              | 45/176 [00:00<00:00, 149.68it/s] 34%|█████████████▉                           | 60/176 [00:00<00:00, 149.79it/s] 43%|█████████████████▋                       | 76/176 [00:00<00:00, 149.95it/s] 52%|█████████████████████▏                   | 91/176 [00:00<00:00, 149.28it/s] 60%|████████████████████████                | 106/176 [00:00<00:00, 149.42it/s] 69%|███████████████████████████▌            | 121/176 [00:00<00:00, 149.49it/s] 77%|██████████████████████████████▉         | 136/176 [00:00<00:00, 149.01it/s] 86%|██████████████████████████████████▎     | 151/176 [00:01<00:00, 148.46it/s] 94%|█████████████████████████████████████▋  | 166/176 [00:01<00:00, 148.82it/s]100%|████████████████████████████████████████| 176/176 [00:01<00:00, 149.17it/s]
2025-04-14 05:01:33,309 - INFO - Epoch 14: Training Loss: 0.0217, Acc: 73.55%, F1: 66.29%, Precision: 61.36%, Recall: 72.08%, AUC: 73.23%
2025-04-14 05:01:33,309 - INFO - Time consumption: [Data]19%, [Network]79%
2025-04-14 05:01:33,309 - INFO - Eval epoch: 14
  0%|                                                    | 0/61 [00:00<?, ?it/s] 57%|████████████████████████                  | 35/61 [00:00<00:00, 343.77it/s]100%|██████████████████████████████████████████| 61/61 [00:00<00:00, 343.48it/s]
2025-04-14 05:01:33,492 - INFO - Val Loss: 0.0259, Acc: 52.32%, F1: 9.75%, Precision: 5.65%, Recall: 35.46%, AUC: 44.55%
  0%|                                                   | 0/176 [00:00<?, ?it/s]  9%|███▍                                     | 15/176 [00:00<00:01, 148.75it/s] 17%|██████▉                                  | 30/176 [00:00<00:00, 149.42it/s] 26%|██████████▋                              | 46/176 [00:00<00:00, 149.71it/s] 35%|██████████████▍                          | 62/176 [00:00<00:00, 149.87it/s] 44%|██████████████████▏                      | 78/176 [00:00<00:00, 150.03it/s] 53%|█████████████████████▉                   | 94/176 [00:00<00:00, 149.74it/s] 62%|████████████████████████▊               | 109/176 [00:00<00:00, 148.86it/s] 70%|████████████████████████████▏           | 124/176 [00:00<00:00, 148.89it/s] 79%|███████████████████████████████▌        | 139/176 [00:00<00:00, 149.21it/s] 88%|███████████████████████████████████▏    | 155/176 [00:01<00:00, 149.49it/s] 97%|██████████████████████████████████████▋ | 170/176 [00:01<00:00, 149.64it/s]100%|████████████████████████████████████████| 176/176 [00:01<00:00, 149.45it/s]
2025-04-14 05:01:34,677 - INFO - Epoch 15: Training Loss: 0.0217, Acc: 73.23%, F1: 65.77%, Precision: 61.05%, Recall: 71.29%, AUC: 72.81%
2025-04-14 05:01:34,677 - INFO - Time consumption: [Data]19%, [Network]79%
2025-04-14 05:01:34,677 - INFO - Eval epoch: 15
  0%|                                                    | 0/61 [00:00<?, ?it/s] 57%|████████████████████████                  | 35/61 [00:00<00:00, 344.71it/s]100%|██████████████████████████████████████████| 61/61 [00:00<00:00, 344.97it/s]
2025-04-14 05:01:34,859 - INFO - Val Loss: 0.0245, Acc: 61.48%, F1: 11.37%, Precision: 6.83%, Recall: 34.04%, AUC: 48.84%
  0%|                                                   | 0/176 [00:00<?, ?it/s]  9%|███▍                                     | 15/176 [00:00<00:01, 148.47it/s] 17%|██████▉                                  | 30/176 [00:00<00:00, 148.95it/s] 26%|██████████▍                              | 45/176 [00:00<00:00, 147.10it/s] 34%|█████████████▉                           | 60/176 [00:00<00:00, 148.21it/s] 43%|█████████████████▍                       | 75/176 [00:00<00:00, 148.69it/s] 52%|█████████████████████▏                   | 91/176 [00:00<00:00, 149.16it/s] 61%|████████████████████████▎               | 107/176 [00:00<00:00, 149.48it/s] 70%|███████████████████████████▉            | 123/176 [00:00<00:00, 149.69it/s] 78%|███████████████████████████████▎        | 138/176 [00:00<00:00, 149.75it/s] 88%|███████████████████████████████████     | 154/176 [00:01<00:00, 149.84it/s] 97%|██████████████████████████████████████▋ | 170/176 [00:01<00:00, 149.93it/s]100%|████████████████████████████████████████| 176/176 [00:01<00:00, 149.31it/s]
2025-04-14 05:01:36,045 - INFO - Epoch 16: Training Loss: 0.0212, Acc: 74.58%, F1: 67.37%, Precision: 62.74%, Recall: 72.72%, AUC: 74.17%
2025-04-14 05:01:36,045 - INFO - Time consumption: [Data]19%, [Network]79%
2025-04-14 05:01:36,046 - INFO - Eval epoch: 16
  0%|                                                    | 0/61 [00:00<?, ?it/s] 57%|████████████████████████                  | 35/61 [00:00<00:00, 341.98it/s]100%|██████████████████████████████████████████| 61/61 [00:00<00:00, 339.66it/s]
2025-04-14 05:01:36,230 - INFO - Val Loss: 0.0304, Acc: 44.23%, F1: 13.43%, Precision: 7.57%, Recall: 59.57%, AUC: 51.30%
  0%|                                                   | 0/176 [00:00<?, ?it/s]  9%|███▍                                     | 15/176 [00:00<00:01, 148.57it/s] 17%|██████▉                                  | 30/176 [00:00<00:00, 149.09it/s] 26%|██████████▍                              | 45/176 [00:00<00:00, 149.46it/s] 35%|██████████████▏                          | 61/176 [00:00<00:00, 149.69it/s] 44%|█████████████████▉                       | 77/176 [00:00<00:00, 149.85it/s] 52%|█████████████████████▍                   | 92/176 [00:00<00:00, 149.78it/s] 61%|████████████████████████▎               | 107/176 [00:00<00:00, 149.83it/s] 70%|███████████████████████████▉            | 123/176 [00:00<00:00, 149.90it/s] 78%|███████████████████████████████▎        | 138/176 [00:00<00:00, 149.61it/s] 87%|██████████████████████████████████▊     | 153/176 [00:01<00:00, 149.02it/s] 96%|██████████████████████████████████████▍ | 169/176 [00:01<00:00, 149.38it/s]100%|████████████████████████████████████████| 176/176 [00:01<00:00, 149.49it/s]
2025-04-14 05:01:37,413 - INFO - Epoch 17: Training Loss: 0.0211, Acc: 75.02%, F1: 67.57%, Precision: 63.56%, Recall: 72.13%, AUC: 74.39%
2025-04-14 05:01:37,413 - INFO - Time consumption: [Data]19%, [Network]79%
2025-04-14 05:01:37,413 - INFO - Eval epoch: 17
  0%|                                                    | 0/61 [00:00<?, ?it/s] 57%|████████████████████████                  | 35/61 [00:00<00:00, 345.12it/s]100%|██████████████████████████████████████████| 61/61 [00:00<00:00, 345.58it/s]
2025-04-14 05:01:37,595 - INFO - Val Loss: 0.0258, Acc: 57.88%, F1: 12.04%, Precision: 7.10%, Recall: 39.72%, AUC: 49.51%
  0%|                                                   | 0/176 [00:00<?, ?it/s]  9%|███▍                                     | 15/176 [00:00<00:01, 148.76it/s] 17%|██████▉                                  | 30/176 [00:00<00:00, 149.47it/s] 26%|██████████▍                              | 45/176 [00:00<00:00, 149.65it/s] 34%|█████████████▉                           | 60/176 [00:00<00:00, 149.79it/s] 43%|█████████████████▍                       | 75/176 [00:00<00:00, 149.49it/s] 51%|████████████████████▉                    | 90/176 [00:00<00:00, 148.71it/s] 60%|████████████████████████                | 106/176 [00:00<00:00, 149.17it/s] 69%|███████████████████████████▋            | 122/176 [00:00<00:00, 149.51it/s] 78%|███████████████████████████████▎        | 138/176 [00:00<00:00, 149.70it/s] 88%|███████████████████████████████████     | 154/176 [00:01<00:00, 149.84it/s] 96%|██████████████████████████████████████▍ | 169/176 [00:01<00:00, 149.65it/s]100%|████████████████████████████████████████| 176/176 [00:01<00:00, 149.45it/s]
2025-04-14 05:01:38,781 - INFO - Epoch 18: Training Loss: 0.0209, Acc: 74.72%, F1: 67.97%, Precision: 62.60%, Recall: 74.35%, AUC: 74.64%
2025-04-14 05:01:38,781 - INFO - Time consumption: [Data]19%, [Network]79%
2025-04-14 05:01:38,781 - INFO - Eval epoch: 18
  0%|                                                    | 0/61 [00:00<?, ?it/s] 57%|████████████████████████                  | 35/61 [00:00<00:00, 341.22it/s]100%|██████████████████████████████████████████| 61/61 [00:00<00:00, 342.17it/s]
2025-04-14 05:01:38,964 - INFO - Val Loss: 0.0248, Acc: 54.94%, F1: 11.17%, Precision: 6.52%, Recall: 39.01%, AUC: 47.60%
  0%|                                                   | 0/176 [00:00<?, ?it/s]  9%|███▍                                     | 15/176 [00:00<00:01, 148.35it/s] 17%|██████▉                                  | 30/176 [00:00<00:00, 148.27it/s] 26%|██████████▍                              | 45/176 [00:00<00:00, 147.14it/s] 34%|█████████████▉                           | 60/176 [00:00<00:00, 148.14it/s] 43%|█████████████████▍                       | 75/176 [00:00<00:00, 148.70it/s] 51%|████████████████████▉                    | 90/176 [00:00<00:00, 149.10it/s] 60%|███████████████████████▊                | 105/176 [00:00<00:00, 149.33it/s] 68%|███████████████████████████▎            | 120/176 [00:00<00:00, 149.53it/s] 77%|██████████████████████████████▋         | 135/176 [00:00<00:00, 149.66it/s] 85%|██████████████████████████████████      | 150/176 [00:01<00:00, 149.76it/s] 94%|█████████████████████████████████████▋  | 166/176 [00:01<00:00, 149.80it/s]100%|████████████████████████████████████████| 176/176 [00:01<00:00, 148.99it/s]
2025-04-14 05:01:40,160 - INFO - Epoch 19: Training Loss: 0.0204, Acc: 75.40%, F1: 68.12%, Precision: 63.96%, Recall: 72.87%, AUC: 74.85%
2025-04-14 05:01:40,160 - INFO - Time consumption: [Data]20%, [Network]78%
2025-04-14 05:01:40,161 - INFO - Eval epoch: 19
  0%|                                                    | 0/61 [00:00<?, ?it/s] 57%|████████████████████████                  | 35/61 [00:00<00:00, 344.74it/s]100%|██████████████████████████████████████████| 61/61 [00:00<00:00, 345.26it/s]
2025-04-14 05:01:40,342 - INFO - Val Loss: 0.0251, Acc: 53.71%, F1: 11.08%, Precision: 6.44%, Recall: 39.72%, AUC: 47.26%
  0%|                                                   | 0/176 [00:00<?, ?it/s]  9%|███▍                                     | 15/176 [00:00<00:01, 148.79it/s] 18%|███████▏                                 | 31/176 [00:00<00:00, 149.54it/s] 27%|██████████▉                              | 47/176 [00:00<00:00, 149.80it/s] 36%|██████████████▋                          | 63/176 [00:00<00:00, 149.90it/s] 44%|██████████████████▏                      | 78/176 [00:00<00:00, 149.89it/s] 53%|█████████████████████▉                   | 94/176 [00:00<00:00, 149.99it/s] 62%|█████████████████████████               | 110/176 [00:00<00:00, 150.07it/s] 72%|████████████████████████████▋           | 126/176 [00:00<00:00, 149.66it/s] 80%|████████████████████████████████        | 141/176 [00:00<00:00, 148.99it/s] 89%|███████████████████████████████████▋    | 157/176 [00:01<00:00, 149.35it/s] 98%|███████████████████████████████████████ | 172/176 [00:01<00:00, 149.53it/s]100%|████████████████████████████████████████| 176/176 [00:01<00:00, 149.57it/s]
2025-04-14 05:01:41,524 - INFO - Epoch 20: Training Loss: 0.0201, Acc: 76.30%, F1: 69.22%, Precision: 65.13%, Recall: 73.86%, AUC: 75.77%
2025-04-14 05:01:41,525 - INFO - Time consumption: [Data]19%, [Network]79%
2025-04-14 05:01:41,525 - INFO - Eval epoch: 20
  0%|                                                    | 0/61 [00:00<?, ?it/s] 57%|████████████████████████                  | 35/61 [00:00<00:00, 343.68it/s]100%|██████████████████████████████████████████| 61/61 [00:00<00:00, 344.32it/s]
2025-04-14 05:01:41,707 - INFO - Val Loss: 0.0283, Acc: 47.17%, F1: 11.25%, Precision: 6.40%, Recall: 46.10%, AUC: 46.68%
  0%|                                                   | 0/176 [00:00<?, ?it/s]  9%|███▍                                     | 15/176 [00:00<00:01, 148.84it/s] 17%|██████▉                                  | 30/176 [00:00<00:00, 149.31it/s] 26%|██████████▋                              | 46/176 [00:00<00:00, 149.68it/s] 35%|██████████████▍                          | 62/176 [00:00<00:00, 149.85it/s] 44%|█████████████████▉                       | 77/176 [00:00<00:00, 149.72it/s] 52%|█████████████████████▍                   | 92/176 [00:00<00:00, 148.85it/s] 61%|████████████████████████▌               | 108/176 [00:00<00:00, 149.26it/s] 70%|████████████████████████████▏           | 124/176 [00:00<00:00, 149.50it/s] 80%|███████████████████████████████▊        | 140/176 [00:00<00:00, 149.70it/s] 88%|███████████████████████████████████▏    | 155/176 [00:01<00:00, 149.72it/s] 97%|██████████████████████████████████████▊ | 171/176 [00:01<00:00, 149.85it/s]100%|████████████████████████████████████████| 176/176 [00:01<00:00, 149.56it/s]
2025-04-14 05:01:42,889 - INFO - Epoch 21: Training Loss: 0.0200, Acc: 76.02%, F1: 69.12%, Precision: 64.55%, Recall: 74.40%, AUC: 75.66%
2025-04-14 05:01:42,889 - INFO - Time consumption: [Data]19%, [Network]79%
2025-04-14 05:01:42,890 - INFO - Eval epoch: 21
  0%|                                                    | 0/61 [00:00<?, ?it/s] 57%|████████████████████████                  | 35/61 [00:00<00:00, 344.12it/s]100%|██████████████████████████████████████████| 61/61 [00:00<00:00, 344.65it/s]
2025-04-14 05:01:43,071 - INFO - Val Loss: 0.0223, Acc: 62.82%, F1: 11.52%, Precision: 6.96%, Recall: 33.33%, AUC: 49.23%
  0%|                                                   | 0/176 [00:00<?, ?it/s]  9%|███▍                                     | 15/176 [00:00<00:01, 147.83it/s] 17%|██████▉                                  | 30/176 [00:00<00:00, 147.81it/s] 26%|██████████▍                              | 45/176 [00:00<00:00, 148.70it/s] 35%|██████████████▏                          | 61/176 [00:00<00:00, 149.34it/s] 44%|█████████████████▉                       | 77/176 [00:00<00:00, 149.66it/s] 53%|█████████████████████▋                   | 93/176 [00:00<00:00, 149.90it/s] 62%|████████████████████████▊               | 109/176 [00:00<00:00, 150.06it/s] 71%|████████████████████████████▍           | 125/176 [00:00<00:00, 150.10it/s] 80%|████████████████████████████████        | 141/176 [00:00<00:00, 150.16it/s] 89%|███████████████████████████████████▋    | 157/176 [00:01<00:00, 150.24it/s] 98%|███████████████████████████████████████▎| 173/176 [00:01<00:00, 149.96it/s]100%|████████████████████████████████████████| 176/176 [00:01<00:00, 149.40it/s]
2025-04-14 05:01:44,255 - INFO - Epoch 22: Training Loss: 0.0196, Acc: 76.55%, F1: 69.26%, Precision: 65.71%, Recall: 73.22%, AUC: 75.82%
2025-04-14 05:01:44,255 - INFO - Time consumption: [Data]19%, [Network]79%
2025-04-14 05:01:44,256 - INFO - Eval epoch: 22
  0%|                                                    | 0/61 [00:00<?, ?it/s] 57%|████████████████████████                  | 35/61 [00:00<00:00, 345.23it/s]100%|██████████████████████████████████████████| 61/61 [00:00<00:00, 345.84it/s]
2025-04-14 05:01:44,437 - INFO - Val Loss: 0.0211, Acc: 65.40%, F1: 12.73%, Precision: 7.79%, Recall: 34.75%, AUC: 51.27%
  0%|                                                   | 0/176 [00:00<?, ?it/s]  9%|███▍                                     | 15/176 [00:00<00:01, 148.71it/s] 17%|██████▉                                  | 30/176 [00:00<00:00, 149.43it/s] 26%|██████████▋                              | 46/176 [00:00<00:00, 149.71it/s] 35%|██████████████▏                          | 61/176 [00:00<00:00, 149.64it/s] 44%|█████████████████▉                       | 77/176 [00:00<00:00, 149.80it/s] 53%|█████████████████████▋                   | 93/176 [00:00<00:00, 149.89it/s] 61%|████████████████████████▌               | 108/176 [00:00<00:00, 149.05it/s] 70%|███████████████████████████▉            | 123/176 [00:00<00:00, 148.80it/s] 78%|███████████████████████████████▎        | 138/176 [00:00<00:00, 148.36it/s] 87%|██████████████████████████████████▊     | 153/176 [00:01<00:00, 148.84it/s] 95%|██████████████████████████████████████▏ | 168/176 [00:01<00:00, 149.08it/s]100%|████████████████████████████████████████| 176/176 [00:01<00:00, 149.13it/s]
2025-04-14 05:01:45,624 - INFO - Epoch 23: Training Loss: 0.0197, Acc: 76.32%, F1: 69.45%, Precision: 64.97%, Recall: 74.59%, AUC: 75.94%
2025-04-14 05:01:45,624 - INFO - Time consumption: [Data]19%, [Network]79%
2025-04-14 05:01:45,625 - INFO - Eval epoch: 23
  0%|                                                    | 0/61 [00:00<?, ?it/s] 57%|████████████████████████                  | 35/61 [00:00<00:00, 344.17it/s]100%|██████████████████████████████████████████| 61/61 [00:00<00:00, 344.70it/s]
2025-04-14 05:01:45,807 - INFO - Val Loss: 0.0238, Acc: 57.72%, F1: 12.00%, Precision: 7.07%, Recall: 39.72%, AUC: 49.43%
  0%|                                                   | 0/176 [00:00<?, ?it/s]  9%|███▍                                     | 15/176 [00:00<00:01, 148.73it/s] 18%|███████▏                                 | 31/176 [00:00<00:00, 149.49it/s] 27%|██████████▉                              | 47/176 [00:00<00:00, 149.75it/s] 35%|██████████████▍                          | 62/176 [00:00<00:00, 149.50it/s] 44%|█████████████████▉                       | 77/176 [00:00<00:00, 148.67it/s] 53%|█████████████████████▋                   | 93/176 [00:00<00:00, 149.21it/s] 62%|████████████████████████▊               | 109/176 [00:00<00:00, 149.48it/s] 71%|████████████████████████████▍           | 125/176 [00:00<00:00, 149.65it/s] 80%|████████████████████████████████        | 141/176 [00:00<00:00, 149.80it/s] 89%|███████████████████████████████████▍    | 156/176 [00:01<00:00, 149.86it/s] 98%|███████████████████████████████████████ | 172/176 [00:01<00:00, 149.91it/s]100%|████████████████████████████████████████| 176/176 [00:01<00:00, 149.56it/s]
2025-04-14 05:01:46,992 - INFO - Epoch 24: Training Loss: 0.0191, Acc: 77.47%, F1: 70.82%, Precision: 66.48%, Recall: 75.78%, AUC: 77.10%
2025-04-14 05:01:46,992 - INFO - Time consumption: [Data]19%, [Network]79%
2025-04-14 05:01:46,992 - INFO - Eval epoch: 24
  0%|                                                    | 0/61 [00:00<?, ?it/s] 57%|████████████████████████                  | 35/61 [00:00<00:00, 343.28it/s]100%|██████████████████████████████████████████| 61/61 [00:00<00:00, 343.90it/s]
2025-04-14 05:01:47,174 - INFO - Val Loss: 0.0270, Acc: 54.53%, F1: 13.35%, Precision: 7.74%, Recall: 48.23%, AUC: 51.63%
  0%|                                                   | 0/176 [00:00<?, ?it/s]  9%|███▍                                     | 15/176 [00:00<00:01, 147.93it/s] 17%|██████▉                                  | 30/176 [00:00<00:00, 147.55it/s] 26%|██████████▋                              | 46/176 [00:00<00:00, 148.73it/s] 35%|██████████████▏                          | 61/176 [00:00<00:00, 148.31it/s] 43%|█████████████████▋                       | 76/176 [00:00<00:00, 148.86it/s] 52%|█████████████████████▏                   | 91/176 [00:00<00:00, 149.13it/s] 60%|████████████████████████                | 106/176 [00:00<00:00, 149.33it/s] 69%|███████████████████████████▌            | 121/176 [00:00<00:00, 149.44it/s] 77%|██████████████████████████████▉         | 136/176 [00:00<00:00, 149.59it/s] 86%|██████████████████████████████████▎     | 151/176 [00:01<00:00, 149.67it/s] 94%|█████████████████████████████████████▋  | 166/176 [00:01<00:00, 149.43it/s]100%|████████████████████████████████████████| 176/176 [00:01<00:00, 148.90it/s]
2025-04-14 05:01:48,363 - INFO - Epoch 25: Training Loss: 0.0189, Acc: 77.76%, F1: 70.96%, Precision: 67.08%, Recall: 75.33%, AUC: 77.23%
2025-04-14 05:01:48,363 - INFO - Time consumption: [Data]19%, [Network]79%
2025-04-14 05:01:48,363 - INFO - Eval epoch: 25
  0%|                                                    | 0/61 [00:00<?, ?it/s] 57%|████████████████████████                  | 35/61 [00:00<00:00, 341.77it/s]100%|██████████████████████████████████████████| 61/61 [00:00<00:00, 341.55it/s]
2025-04-14 05:01:48,547 - INFO - Val Loss: 0.0234, Acc: 59.27%, F1: 15.58%, Precision: 9.17%, Recall: 51.77%, AUC: 55.81%
  0%|                                                   | 0/176 [00:00<?, ?it/s]  9%|███▍                                     | 15/176 [00:00<00:01, 148.90it/s] 18%|███████▏                                 | 31/176 [00:00<00:00, 149.61it/s] 27%|██████████▉                              | 47/176 [00:00<00:00, 149.81it/s] 36%|██████████████▋                          | 63/176 [00:00<00:00, 149.98it/s] 45%|██████████████████▍                      | 79/176 [00:00<00:00, 150.07it/s] 54%|██████████████████████▏                  | 95/176 [00:00<00:00, 150.06it/s] 63%|█████████████████████████▏              | 111/176 [00:00<00:00, 149.23it/s] 72%|████████████████████████████▋           | 126/176 [00:00<00:00, 148.82it/s] 80%|████████████████████████████████        | 141/176 [00:00<00:00, 149.15it/s] 89%|███████████████████████████████████▋    | 157/176 [00:01<00:00, 149.45it/s] 98%|███████████████████████████████████████▎| 173/176 [00:01<00:00, 149.65it/s]100%|████████████████████████████████████████| 176/176 [00:01<00:00, 149.51it/s]
2025-04-14 05:01:49,730 - INFO - Epoch 26: Training Loss: 0.0192, Acc: 77.49%, F1: 70.81%, Precision: 66.54%, Recall: 75.68%, AUC: 77.10%
2025-04-14 05:01:49,730 - INFO - Time consumption: [Data]19%, [Network]79%
2025-04-14 05:01:49,730 - INFO - Eval epoch: 26
  0%|                                                    | 0/61 [00:00<?, ?it/s] 57%|████████████████████████                  | 35/61 [00:00<00:00, 344.18it/s]100%|██████████████████████████████████████████| 61/61 [00:00<00:00, 344.38it/s]
2025-04-14 05:01:49,912 - INFO - Val Loss: 0.0255, Acc: 58.50%, F1: 12.39%, Precision: 7.32%, Recall: 40.43%, AUC: 50.17%
  0%|                                                   | 0/176 [00:00<?, ?it/s]  9%|███▍                                     | 15/176 [00:00<00:01, 147.81it/s] 17%|██████▉                                  | 30/176 [00:00<00:00, 147.39it/s] 26%|██████████▍                              | 45/176 [00:00<00:00, 148.50it/s] 34%|█████████████▉                           | 60/176 [00:00<00:00, 148.47it/s] 43%|█████████████████▍                       | 75/176 [00:00<00:00, 147.93it/s] 51%|████████████████████▉                    | 90/176 [00:00<00:00, 148.50it/s] 60%|███████████████████████▊                | 105/176 [00:00<00:00, 148.93it/s] 68%|███████████████████████████▎            | 120/176 [00:00<00:00, 149.24it/s] 77%|██████████████████████████████▉         | 136/176 [00:00<00:00, 149.51it/s] 86%|██████████████████████████████████▌     | 152/176 [00:01<00:00, 149.67it/s] 95%|█████████████████████████████████████▉  | 167/176 [00:01<00:00, 149.68it/s]100%|████████████████████████████████████████| 176/176 [00:01<00:00, 149.04it/s]
2025-04-14 05:01:51,099 - INFO - Epoch 27: Training Loss: 0.0194, Acc: 77.17%, F1: 70.52%, Precision: 66.02%, Recall: 75.68%, AUC: 76.85%
2025-04-14 05:01:51,099 - INFO - Time consumption: [Data]19%, [Network]79%
2025-04-14 05:01:51,099 - INFO - Eval epoch: 27
  0%|                                                    | 0/61 [00:00<?, ?it/s] 57%|████████████████████████                  | 35/61 [00:00<00:00, 344.67it/s]100%|██████████████████████████████████████████| 61/61 [00:00<00:00, 344.18it/s]
2025-04-14 05:01:51,283 - INFO - Val Loss: 0.0237, Acc: 57.11%, F1: 12.96%, Precision: 7.60%, Recall: 43.97%, AUC: 51.05%
  0%|                                                   | 0/176 [00:00<?, ?it/s]  9%|███▍                                     | 15/176 [00:00<00:01, 148.53it/s] 17%|██████▉                                  | 30/176 [00:00<00:00, 149.36it/s] 26%|██████████▋                              | 46/176 [00:00<00:00, 149.68it/s] 35%|██████████████▏                          | 61/176 [00:00<00:00, 149.80it/s] 43%|█████████████████▋                       | 76/176 [00:00<00:00, 149.74it/s] 52%|█████████████████████▍                   | 92/176 [00:00<00:00, 149.83it/s] 61%|████████████████████████▌               | 108/176 [00:00<00:00, 149.95it/s] 70%|███████████████████████████▉            | 123/176 [00:00<00:00, 149.86it/s] 79%|███████████████████████████████▌        | 139/176 [00:00<00:00, 149.95it/s] 88%|███████████████████████████████████     | 154/176 [00:01<00:00, 149.65it/s] 96%|██████████████████████████████████████▍ | 169/176 [00:01<00:00, 149.06it/s]100%|████████████████████████████████████████| 176/176 [00:01<00:00, 149.52it/s]
2025-04-14 05:01:52,472 - INFO - Epoch 28: Training Loss: 0.0191, Acc: 76.76%, F1: 69.96%, Precision: 65.56%, Recall: 74.99%, AUC: 76.38%
2025-04-14 05:01:52,472 - INFO - Time consumption: [Data]19%, [Network]79%
2025-04-14 05:01:52,472 - INFO - Eval epoch: 28
  0%|                                                    | 0/61 [00:00<?, ?it/s] 57%|████████████████████████                  | 35/61 [00:00<00:00, 344.46it/s]100%|██████████████████████████████████████████| 61/61 [00:00<00:00, 345.28it/s]
2025-04-14 05:01:52,654 - INFO - Val Loss: 0.0262, Acc: 56.02%, F1: 12.68%, Precision: 7.41%, Recall: 43.97%, AUC: 50.47%
  0%|                                                   | 0/176 [00:00<?, ?it/s]  9%|███▍                                     | 15/176 [00:00<00:01, 148.74it/s] 18%|███████▏                                 | 31/176 [00:00<00:00, 149.59it/s] 26%|██████████▋                              | 46/176 [00:00<00:00, 149.73it/s] 35%|██████████████▍                          | 62/176 [00:00<00:00, 149.87it/s] 44%|█████████████████▉                       | 77/176 [00:00<00:00, 149.87it/s] 53%|█████████████████████▋                   | 93/176 [00:00<00:00, 149.93it/s] 61%|████████████████████████▌               | 108/176 [00:00<00:00, 149.63it/s] 70%|███████████████████████████▉            | 123/176 [00:00<00:00, 148.99it/s] 79%|███████████████████████████████▌        | 139/176 [00:00<00:00, 149.34it/s] 88%|███████████████████████████████████     | 154/176 [00:01<00:00, 149.52it/s] 97%|██████████████████████████████████████▋ | 170/176 [00:01<00:00, 149.71it/s]100%|████████████████████████████████████████| 176/176 [00:01<00:00, 149.57it/s]
2025-04-14 05:01:53,841 - INFO - Epoch 29: Training Loss: 0.0192, Acc: 77.38%, F1: 70.48%, Precision: 66.61%, Recall: 74.84%, AUC: 76.83%
2025-04-14 05:01:53,841 - INFO - Time consumption: [Data]19%, [Network]79%
2025-04-14 05:01:53,841 - INFO - Eval epoch: 29
  0%|                                                    | 0/61 [00:00<?, ?it/s] 57%|████████████████████████                  | 35/61 [00:00<00:00, 344.64it/s]100%|██████████████████████████████████████████| 61/61 [00:00<00:00, 344.76it/s]
2025-04-14 05:01:54,023 - INFO - Val Loss: 0.0269, Acc: 53.81%, F1: 13.67%, Precision: 7.91%, Recall: 50.35%, AUC: 52.22%
  0%|                                                   | 0/176 [00:00<?, ?it/s]  9%|███▍                                     | 15/176 [00:00<00:01, 148.77it/s] 17%|██████▉                                  | 30/176 [00:00<00:00, 149.46it/s] 26%|██████████▍                              | 45/176 [00:00<00:00, 149.17it/s] 34%|█████████████▉                           | 60/176 [00:00<00:00, 148.52it/s] 43%|█████████████████▋                       | 76/176 [00:00<00:00, 149.12it/s] 52%|█████████████████████▍                   | 92/176 [00:00<00:00, 149.49it/s] 61%|████████████████████████▎               | 107/176 [00:00<00:00, 149.55it/s] 70%|███████████████████████████▉            | 123/176 [00:00<00:00, 149.74it/s] 79%|███████████████████████████████▌        | 139/176 [00:00<00:00, 149.90it/s] 88%|███████████████████████████████████     | 154/176 [00:01<00:00, 149.79it/s] 96%|██████████████████████████████████████▍ | 169/176 [00:01<00:00, 148.76it/s]100%|████████████████████████████████████████| 176/176 [00:01<00:00, 149.18it/s]
2025-04-14 05:01:55,208 - INFO - Epoch 30: Training Loss: 0.0187, Acc: 77.53%, F1: 70.93%, Precision: 66.51%, Recall: 75.97%, AUC: 77.19%
2025-04-14 05:01:55,208 - INFO - Time consumption: [Data]19%, [Network]79%
2025-04-14 05:01:55,209 - INFO - Eval epoch: 30
  0%|                                                    | 0/61 [00:00<?, ?it/s] 57%|████████████████████████                  | 35/61 [00:00<00:00, 340.96it/s]100%|██████████████████████████████████████████| 61/61 [00:00<00:00, 341.10it/s]
2025-04-14 05:01:55,394 - INFO - Val Loss: 0.0248, Acc: 60.30%, F1: 13.66%, Precision: 8.11%, Recall: 43.26%, AUC: 52.45%
  0%|                                                   | 0/176 [00:00<?, ?it/s]  9%|███▍                                     | 15/176 [00:00<00:01, 147.87it/s] 17%|██████▉                                  | 30/176 [00:00<00:00, 148.80it/s] 26%|██████████▍                              | 45/176 [00:00<00:00, 149.15it/s] 34%|█████████████▉                           | 60/176 [00:00<00:00, 149.32it/s] 43%|█████████████████▍                       | 75/176 [00:00<00:00, 149.40it/s] 51%|████████████████████▉                    | 90/176 [00:00<00:00, 149.46it/s] 60%|███████████████████████▊                | 105/176 [00:00<00:00, 149.52it/s] 68%|███████████████████████████▎            | 120/176 [00:00<00:00, 149.58it/s] 77%|██████████████████████████████▋         | 135/176 [00:00<00:00, 149.63it/s] 85%|██████████████████████████████████      | 150/176 [00:01<00:00, 149.36it/s] 94%|█████████████████████████████████████▌  | 165/176 [00:01<00:00, 148.65it/s]100%|████████████████████████████████████████| 176/176 [00:01<00:00, 149.14it/s]
2025-04-14 05:01:56,580 - INFO - Epoch 31: Training Loss: 0.0191, Acc: 77.21%, F1: 70.36%, Precision: 66.28%, Recall: 74.99%, AUC: 76.72%
2025-04-14 05:01:56,581 - INFO - Time consumption: [Data]20%, [Network]79%
2025-04-14 05:01:56,581 - INFO - Eval epoch: 31
  0%|                                                    | 0/61 [00:00<?, ?it/s] 57%|████████████████████████                  | 35/61 [00:00<00:00, 344.57it/s]100%|██████████████████████████████████████████| 61/61 [00:00<00:00, 345.08it/s]
2025-04-14 05:01:56,763 - INFO - Val Loss: 0.0242, Acc: 63.49%, F1: 15.90%, Precision: 9.54%, Recall: 47.52%, AUC: 56.13%
  0%|                                                   | 0/176 [00:00<?, ?it/s]  9%|███▍                                     | 15/176 [00:00<00:01, 148.85it/s] 17%|██████▉                                  | 30/176 [00:00<00:00, 149.51it/s] 26%|██████████▋                              | 46/176 [00:00<00:00, 149.79it/s] 35%|██████████████▏                          | 61/176 [00:00<00:00, 149.60it/s] 43%|█████████████████▋                       | 76/176 [00:00<00:00, 149.72it/s] 52%|█████████████████████▏                   | 91/176 [00:00<00:00, 149.39it/s] 60%|████████████████████████                | 106/176 [00:00<00:00, 148.76it/s] 69%|███████████████████████████▌            | 121/176 [00:00<00:00, 149.12it/s] 78%|███████████████████████████████▏        | 137/176 [00:00<00:00, 149.49it/s] 87%|██████████████████████████████████▊     | 153/176 [00:01<00:00, 149.69it/s] 96%|██████████████████████████████████████▍ | 169/176 [00:01<00:00, 149.81it/s]100%|████████████████████████████████████████| 176/176 [00:01<00:00, 149.50it/s]
2025-04-14 05:01:57,948 - INFO - Epoch 32: Training Loss: 0.0185, Acc: 78.13%, F1: 71.55%, Precision: 67.42%, Recall: 76.22%, AUC: 77.71%
2025-04-14 05:01:57,948 - INFO - Time consumption: [Data]19%, [Network]79%
2025-04-14 05:01:57,948 - INFO - Eval epoch: 32
  0%|                                                    | 0/61 [00:00<?, ?it/s] 57%|████████████████████████                  | 35/61 [00:00<00:00, 344.47it/s]100%|██████████████████████████████████████████| 61/61 [00:00<00:00, 344.87it/s]
2025-04-14 05:01:58,130 - INFO - Val Loss: 0.0241, Acc: 58.96%, F1: 13.28%, Precision: 7.84%, Recall: 43.26%, AUC: 51.73%
  0%|                                                   | 0/176 [00:00<?, ?it/s]  9%|███▍                                     | 15/176 [00:00<00:01, 148.90it/s] 18%|███████▏                                 | 31/176 [00:00<00:00, 149.59it/s] 26%|██████████▋                              | 46/176 [00:00<00:00, 149.47it/s] 35%|██████████████▏                          | 61/176 [00:00<00:00, 148.69it/s] 44%|█████████████████▉                       | 77/176 [00:00<00:00, 149.21it/s] 53%|█████████████████████▋                   | 93/176 [00:00<00:00, 149.56it/s] 62%|████████████████████████▊               | 109/176 [00:00<00:00, 149.73it/s] 71%|████████████████████████████▍           | 125/176 [00:00<00:00, 149.83it/s] 80%|████████████████████████████████        | 141/176 [00:00<00:00, 149.92it/s] 89%|███████████████████████████████████▋    | 157/176 [00:01<00:00, 150.05it/s] 98%|███████████████████████████████████████▎| 173/176 [00:01<00:00, 149.90it/s]100%|████████████████████████████████████████| 176/176 [00:01<00:00, 149.62it/s]
2025-04-14 05:01:59,316 - INFO - Epoch 33: Training Loss: 0.0185, Acc: 78.31%, F1: 71.56%, Precision: 67.90%, Recall: 75.63%, AUC: 77.72%
2025-04-14 05:01:59,316 - INFO - Time consumption: [Data]19%, [Network]79%
2025-04-14 05:01:59,316 - INFO - Eval epoch: 33
  0%|                                                    | 0/61 [00:00<?, ?it/s] 57%|████████████████████████                  | 35/61 [00:00<00:00, 342.60it/s]100%|██████████████████████████████████████████| 61/61 [00:00<00:00, 340.05it/s]
2025-04-14 05:01:59,501 - INFO - Val Loss: 0.0265, Acc: 53.40%, F1: 13.89%, Precision: 8.02%, Recall: 51.77%, AUC: 52.65%
  0%|                                                   | 0/176 [00:00<?, ?it/s]  9%|███▍                                     | 15/176 [00:00<00:01, 148.33it/s] 17%|██████▉                                  | 30/176 [00:00<00:00, 149.28it/s] 26%|██████████▋                              | 46/176 [00:00<00:00, 149.64it/s] 35%|██████████████▏                          | 61/176 [00:00<00:00, 149.76it/s] 43%|█████████████████▋                       | 76/176 [00:00<00:00, 149.69it/s] 52%|█████████████████████▏                   | 91/176 [00:00<00:00, 147.40it/s] 60%|████████████████████████                | 106/176 [00:00<00:00, 147.36it/s] 69%|███████████████████████████▌            | 121/176 [00:00<00:00, 147.56it/s] 77%|██████████████████████████████▉         | 136/176 [00:00<00:00, 148.18it/s] 86%|██████████████████████████████████▎     | 151/176 [00:01<00:00, 148.06it/s] 94%|█████████████████████████████████████▋  | 166/176 [00:01<00:00, 148.27it/s]100%|████████████████████████████████████████| 176/176 [00:01<00:00, 148.45it/s]
2025-04-14 05:02:00,693 - INFO - Epoch 34: Training Loss: 0.0183, Acc: 78.47%, F1: 72.13%, Precision: 67.67%, Recall: 77.20%, AUC: 78.19%
2025-04-14 05:02:00,693 - INFO - Time consumption: [Data]19%, [Network]79%
2025-04-14 05:02:00,694 - INFO - Eval epoch: 34
  0%|                                                    | 0/61 [00:00<?, ?it/s] 57%|████████████████████████                  | 35/61 [00:00<00:00, 345.33it/s]100%|██████████████████████████████████████████| 61/61 [00:00<00:00, 345.97it/s]
2025-04-14 05:02:00,875 - INFO - Val Loss: 0.0254, Acc: 58.60%, F1: 14.47%, Precision: 8.51%, Recall: 48.23%, AUC: 53.82%
  0%|                                                   | 0/176 [00:00<?, ?it/s]  9%|███▍                                     | 15/176 [00:00<00:01, 149.01it/s] 17%|██████▉                                  | 30/176 [00:00<00:00, 147.23it/s] 26%|██████████▋                              | 46/176 [00:00<00:00, 148.59it/s] 35%|██████████████▍                          | 62/176 [00:00<00:00, 149.27it/s] 44%|██████████████████▏                      | 78/176 [00:00<00:00, 149.59it/s] 53%|█████████████████████▋                   | 93/176 [00:00<00:00, 148.57it/s] 61%|████████████████████████▌               | 108/176 [00:00<00:00, 148.26it/s] 70%|████████████████████████████▏           | 124/176 [00:00<00:00, 148.95it/s] 80%|███████████████████████████████▊        | 140/176 [00:00<00:00, 149.35it/s] 88%|███████████████████████████████████▏    | 155/176 [00:01<00:00, 149.54it/s] 97%|██████████████████████████████████████▊ | 171/176 [00:01<00:00, 149.80it/s]100%|████████████████████████████████████████| 176/176 [00:01<00:00, 149.16it/s]
2025-04-14 05:02:02,061 - INFO - Epoch 35: Training Loss: 0.0182, Acc: 78.81%, F1: 72.29%, Precision: 68.43%, Recall: 76.61%, AUC: 78.33%
2025-04-14 05:02:02,061 - INFO - Time consumption: [Data]19%, [Network]79%
2025-04-14 05:02:02,061 - INFO - Eval epoch: 35
  0%|                                                    | 0/61 [00:00<?, ?it/s] 57%|████████████████████████                  | 35/61 [00:00<00:00, 344.31it/s]100%|██████████████████████████████████████████| 61/61 [00:00<00:00, 345.29it/s]
2025-04-14 05:02:02,243 - INFO - Val Loss: 0.0253, Acc: 56.54%, F1: 14.57%, Precision: 8.50%, Recall: 51.06%, AUC: 54.02%
  0%|                                                   | 0/176 [00:00<?, ?it/s]  9%|███▍                                     | 15/176 [00:00<00:01, 149.00it/s] 17%|██████▉                                  | 30/176 [00:00<00:00, 149.28it/s] 26%|██████████▍                              | 45/176 [00:00<00:00, 148.22it/s] 35%|██████████████▏                          | 61/176 [00:00<00:00, 149.04it/s] 44%|█████████████████▉                       | 77/176 [00:00<00:00, 149.50it/s] 53%|█████████████████████▋                   | 93/176 [00:00<00:00, 149.76it/s] 62%|████████████████████████▊               | 109/176 [00:00<00:00, 149.98it/s] 71%|████████████████████████████▍           | 125/176 [00:00<00:00, 150.06it/s] 80%|████████████████████████████████        | 141/176 [00:00<00:00, 150.14it/s] 89%|███████████████████████████████████▋    | 157/176 [00:01<00:00, 150.22it/s] 98%|███████████████████████████████████████▎| 173/176 [00:01<00:00, 150.25it/s]100%|████████████████████████████████████████| 176/176 [00:01<00:00, 149.79it/s]
2025-04-14 05:02:03,428 - INFO - Epoch 36: Training Loss: 0.0179, Acc: 78.29%, F1: 72.00%, Precision: 67.34%, Recall: 77.35%, AUC: 78.09%
2025-04-14 05:02:03,428 - INFO - Time consumption: [Data]19%, [Network]79%
2025-04-14 05:02:03,429 - INFO - Eval epoch: 36
  0%|                                                    | 0/61 [00:00<?, ?it/s] 57%|████████████████████████                  | 35/61 [00:00<00:00, 342.30it/s]100%|██████████████████████████████████████████| 61/61 [00:00<00:00, 339.20it/s]
2025-04-14 05:02:03,613 - INFO - Val Loss: 0.0293, Acc: 56.64%, F1: 14.78%, Precision: 8.62%, Recall: 51.77%, AUC: 54.40%
  0%|                                                   | 0/176 [00:00<?, ?it/s]  9%|███▍                                     | 15/176 [00:00<00:01, 149.07it/s] 18%|███████▏                                 | 31/176 [00:00<00:00, 149.75it/s] 27%|██████████▉                              | 47/176 [00:00<00:00, 149.90it/s] 36%|██████████████▋                          | 63/176 [00:00<00:00, 150.01it/s] 45%|██████████████████▍                      | 79/176 [00:00<00:00, 150.08it/s] 54%|██████████████████████▏                  | 95/176 [00:00<00:00, 150.12it/s] 63%|█████████████████████████▏              | 111/176 [00:00<00:00, 150.05it/s] 72%|████████████████████████████▊           | 127/176 [00:00<00:00, 149.72it/s] 81%|████████████████████████████████▎       | 142/176 [00:00<00:00, 149.08it/s] 90%|███████████████████████████████████▉    | 158/176 [00:01<00:00, 149.52it/s] 99%|███████████████████████████████████████▌| 174/176 [00:01<00:00, 149.76it/s]100%|████████████████████████████████████████| 176/176 [00:01<00:00, 149.68it/s]
2025-04-14 05:02:04,795 - INFO - Epoch 37: Training Loss: 0.0182, Acc: 77.63%, F1: 71.21%, Precision: 66.48%, Recall: 76.66%, AUC: 77.42%
2025-04-14 05:02:04,795 - INFO - Time consumption: [Data]19%, [Network]79%
2025-04-14 05:02:04,795 - INFO - Eval epoch: 37
  0%|                                                    | 0/61 [00:00<?, ?it/s] 57%|████████████████████████                  | 35/61 [00:00<00:00, 344.33it/s]100%|██████████████████████████████████████████| 61/61 [00:00<00:00, 343.88it/s]
2025-04-14 05:02:04,978 - INFO - Val Loss: 0.0225, Acc: 66.74%, F1: 16.32%, Precision: 9.98%, Recall: 44.68%, AUC: 56.57%
  0%|                                                   | 0/176 [00:00<?, ?it/s]  9%|███▍                                     | 15/176 [00:00<00:01, 148.42it/s] 17%|██████▉                                  | 30/176 [00:00<00:00, 147.78it/s] 26%|██████████▋                              | 46/176 [00:00<00:00, 148.84it/s] 35%|██████████████▍                          | 62/176 [00:00<00:00, 149.41it/s] 44%|█████████████████▉                       | 77/176 [00:00<00:00, 149.24it/s] 52%|█████████████████████▍                   | 92/176 [00:00<00:00, 148.53it/s] 61%|████████████████████████▌               | 108/176 [00:00<00:00, 149.06it/s] 70%|████████████████████████████▏           | 124/176 [00:00<00:00, 149.39it/s] 80%|███████████████████████████████▊        | 140/176 [00:00<00:00, 149.64it/s] 89%|███████████████████████████████████▍    | 156/176 [00:01<00:00, 149.81it/s] 98%|███████████████████████████████████████ | 172/176 [00:01<00:00, 149.95it/s]100%|████████████████████████████████████████| 176/176 [00:01<00:00, 149.32it/s]
2025-04-14 05:02:06,162 - INFO - Epoch 38: Training Loss: 0.0182, Acc: 78.50%, F1: 72.21%, Precision: 67.67%, Recall: 77.40%, AUC: 78.26%
2025-04-14 05:02:06,162 - INFO - Time consumption: [Data]19%, [Network]79%
2025-04-14 05:02:06,163 - INFO - Eval epoch: 38
  0%|                                                    | 0/61 [00:00<?, ?it/s] 57%|████████████████████████                  | 35/61 [00:00<00:00, 344.43it/s]100%|██████████████████████████████████████████| 61/61 [00:00<00:00, 344.73it/s]
2025-04-14 05:02:06,345 - INFO - Val Loss: 0.0230, Acc: 65.96%, F1: 15.58%, Precision: 9.50%, Recall: 43.26%, AUC: 55.50%
  0%|                                                   | 0/176 [00:00<?, ?it/s]  9%|███▍                                     | 15/176 [00:00<00:01, 149.02it/s] 17%|██████▉                                  | 30/176 [00:00<00:00, 149.01it/s] 26%|██████████▍                              | 45/176 [00:00<00:00, 148.23it/s] 35%|██████████████▏                          | 61/176 [00:00<00:00, 149.01it/s] 44%|█████████████████▉                       | 77/176 [00:00<00:00, 149.44it/s] 53%|█████████████████████▋                   | 93/176 [00:00<00:00, 149.70it/s] 62%|████████████████████████▊               | 109/176 [00:00<00:00, 149.88it/s] 70%|████████████████████████████▏           | 124/176 [00:00<00:00, 149.84it/s] 80%|███████████████████████████████▊        | 140/176 [00:00<00:00, 149.95it/s] 89%|███████████████████████████████████▍    | 156/176 [00:01<00:00, 150.00it/s] 98%|███████████████████████████████████████ | 172/176 [00:01<00:00, 149.84it/s]100%|████████████████████████████████████████| 176/176 [00:01<00:00, 149.04it/s]
2025-04-14 05:02:07,534 - INFO - Epoch 39: Training Loss: 0.0181, Acc: 78.26%, F1: 71.99%, Precision: 67.25%, Recall: 77.45%, AUC: 78.08%
2025-04-14 05:02:07,534 - INFO - Time consumption: [Data]20%, [Network]78%
2025-04-14 05:02:07,534 - INFO - Eval epoch: 39
  0%|                                                    | 0/61 [00:00<?, ?it/s] 57%|████████████████████████                  | 35/61 [00:00<00:00, 344.54it/s]100%|██████████████████████████████████████████| 61/61 [00:00<00:00, 345.47it/s]
2025-04-14 05:02:07,716 - INFO - Val Loss: 0.0251, Acc: 58.08%, F1: 13.59%, Precision: 7.99%, Recall: 45.39%, AUC: 52.23%
  0%|                                                   | 0/176 [00:00<?, ?it/s]  9%|███▍                                     | 15/176 [00:00<00:01, 148.80it/s] 18%|███████▏                                 | 31/176 [00:00<00:00, 149.65it/s] 27%|██████████▉                              | 47/176 [00:00<00:00, 149.90it/s] 36%|██████████████▋                          | 63/176 [00:00<00:00, 150.00it/s] 45%|██████████████████▍                      | 79/176 [00:00<00:00, 150.07it/s] 54%|██████████████████████▏                  | 95/176 [00:00<00:00, 150.16it/s] 63%|█████████████████████████▏              | 111/176 [00:00<00:00, 150.26it/s] 72%|████████████████████████████▊           | 127/176 [00:00<00:00, 150.00it/s] 81%|████████████████████████████████▎       | 142/176 [00:00<00:00, 149.24it/s] 90%|███████████████████████████████████▉    | 158/176 [00:01<00:00, 149.63it/s] 99%|███████████████████████████████████████▌| 174/176 [00:01<00:00, 149.87it/s]100%|████████████████████████████████████████| 176/176 [00:01<00:00, 149.81it/s]
2025-04-14 05:02:08,897 - INFO - Epoch 40: Training Loss: 0.0181, Acc: 78.97%, F1: 72.84%, Precision: 68.18%, Recall: 78.19%, AUC: 78.80%
2025-04-14 05:02:08,897 - INFO - Time consumption: [Data]19%, [Network]79%
2025-04-14 05:02:08,897 - INFO - Eval epoch: 40
  0%|                                                    | 0/61 [00:00<?, ?it/s] 57%|████████████████████████                  | 35/61 [00:00<00:00, 344.96it/s]100%|██████████████████████████████████████████| 61/61 [00:00<00:00, 345.35it/s]
2025-04-14 05:02:09,079 - INFO - Val Loss: 0.0241, Acc: 59.22%, F1: 12.78%, Precision: 7.56%, Recall: 41.13%, AUC: 50.88%
  0%|                                                   | 0/176 [00:00<?, ?it/s]  9%|███▍                                     | 15/176 [00:00<00:01, 148.06it/s] 17%|██████▉                                  | 30/176 [00:00<00:00, 147.03it/s] 26%|██████████▋                              | 46/176 [00:00<00:00, 148.47it/s] 35%|██████████████▍                          | 62/176 [00:00<00:00, 149.19it/s] 44%|█████████████████▉                       | 77/176 [00:00<00:00, 148.72it/s] 52%|█████████████████████▍                   | 92/176 [00:00<00:00, 147.09it/s] 61%|████████████████████████▎               | 107/176 [00:00<00:00, 147.38it/s] 69%|███████████████████████████▋            | 122/176 [00:00<00:00, 147.96it/s] 78%|███████████████████████████████▏        | 137/176 [00:00<00:00, 148.32it/s] 86%|██████████████████████████████████▌     | 152/176 [00:01<00:00, 148.47it/s] 95%|█████████████████████████████████████▉  | 167/176 [00:01<00:00, 147.94it/s]100%|████████████████████████████████████████| 176/176 [00:01<00:00, 148.06it/s]
2025-04-14 05:02:10,274 - INFO - Epoch 41: Training Loss: 0.0178, Acc: 78.91%, F1: 72.73%, Precision: 68.17%, Recall: 77.94%, AUC: 78.70%
2025-04-14 05:02:10,274 - INFO - Time consumption: [Data]19%, [Network]79%
2025-04-14 05:02:10,275 - INFO - Eval epoch: 41
  0%|                                                    | 0/61 [00:00<?, ?it/s] 57%|████████████████████████                  | 35/61 [00:00<00:00, 345.40it/s]100%|██████████████████████████████████████████| 61/61 [00:00<00:00, 345.11it/s]
2025-04-14 05:02:10,456 - INFO - Val Loss: 0.0250, Acc: 58.50%, F1: 14.07%, Precision: 8.28%, Recall: 46.81%, AUC: 53.11%
  0%|                                                   | 0/176 [00:00<?, ?it/s]  9%|███▍                                     | 15/176 [00:00<00:01, 146.59it/s] 17%|██████▉                                  | 30/176 [00:00<00:00, 146.67it/s] 26%|██████████▍                              | 45/176 [00:00<00:00, 147.47it/s] 34%|█████████████▉                           | 60/176 [00:00<00:00, 148.26it/s] 43%|█████████████████▍                       | 75/176 [00:00<00:00, 148.68it/s] 51%|████████████████████▉                    | 90/176 [00:00<00:00, 149.01it/s] 60%|███████████████████████▊                | 105/176 [00:00<00:00, 149.21it/s] 68%|███████████████████████████▎            | 120/176 [00:00<00:00, 148.86it/s] 77%|██████████████████████████████▋         | 135/176 [00:00<00:00, 148.85it/s] 85%|██████████████████████████████████      | 150/176 [00:01<00:00, 149.15it/s] 94%|█████████████████████████████████████▌  | 165/176 [00:01<00:00, 149.08it/s]100%|████████████████████████████████████████| 176/176 [00:01<00:00, 147.87it/s]
2025-04-14 05:02:11,657 - INFO - Epoch 42: Training Loss: 0.0176, Acc: 78.70%, F1: 72.59%, Precision: 67.75%, Recall: 78.19%, AUC: 78.59%
2025-04-14 05:02:11,657 - INFO - Time consumption: [Data]20%, [Network]78%
2025-04-14 05:02:11,657 - INFO - Eval epoch: 42
  0%|                                                    | 0/61 [00:00<?, ?it/s] 57%|████████████████████████                  | 35/61 [00:00<00:00, 344.73it/s]100%|██████████████████████████████████████████| 61/61 [00:00<00:00, 345.43it/s]
2025-04-14 05:02:11,839 - INFO - Val Loss: 0.0250, Acc: 60.30%, F1: 13.85%, Precision: 8.22%, Recall: 43.97%, AUC: 52.77%
  0%|                                                   | 0/176 [00:00<?, ?it/s]  9%|███▍                                     | 15/176 [00:00<00:01, 148.24it/s] 17%|██████▉                                  | 30/176 [00:00<00:00, 148.99it/s] 26%|██████████▍                              | 45/176 [00:00<00:00, 148.61it/s] 34%|█████████████▉                           | 60/176 [00:00<00:00, 148.99it/s] 43%|█████████████████▋                       | 76/176 [00:00<00:00, 149.39it/s] 52%|█████████████████████▍                   | 92/176 [00:00<00:00, 149.62it/s] 61%|████████████████████████▌               | 108/176 [00:00<00:00, 149.81it/s] 70%|███████████████████████████▉            | 123/176 [00:00<00:00, 149.62it/s] 78%|███████████████████████████████▎        | 138/176 [00:00<00:00, 148.97it/s] 88%|███████████████████████████████████     | 154/176 [00:01<00:00, 149.38it/s] 97%|██████████████████████████████████████▋ | 170/176 [00:01<00:00, 149.65it/s]100%|████████████████████████████████████████| 176/176 [00:01<00:00, 149.37it/s]
2025-04-14 05:02:13,023 - INFO - Epoch 43: Training Loss: 0.0181, Acc: 78.18%, F1: 71.83%, Precision: 67.24%, Recall: 77.10%, AUC: 77.95%
2025-04-14 05:02:13,023 - INFO - Time consumption: [Data]19%, [Network]79%
2025-04-14 05:02:13,023 - INFO - Eval epoch: 43
  0%|                                                    | 0/61 [00:00<?, ?it/s] 57%|████████████████████████                  | 35/61 [00:00<00:00, 344.50it/s]100%|██████████████████████████████████████████| 61/61 [00:00<00:00, 345.62it/s]
2025-04-14 05:02:13,205 - INFO - Val Loss: 0.0251, Acc: 58.50%, F1: 14.80%, Precision: 8.70%, Recall: 49.65%, AUC: 54.42%
  0%|                                                   | 0/176 [00:00<?, ?it/s]  9%|███▍                                     | 15/176 [00:00<00:01, 148.69it/s] 18%|███████▏                                 | 31/176 [00:00<00:00, 149.59it/s] 27%|██████████▉                              | 47/176 [00:00<00:00, 149.86it/s] 35%|██████████████▍                          | 62/176 [00:00<00:00, 149.80it/s] 44%|█████████████████▉                       | 77/176 [00:00<00:00, 148.83it/s] 53%|█████████████████████▋                   | 93/176 [00:00<00:00, 149.30it/s] 62%|████████████████████████▊               | 109/176 [00:00<00:00, 149.58it/s] 71%|████████████████████████████▍           | 125/176 [00:00<00:00, 149.76it/s] 80%|████████████████████████████████        | 141/176 [00:00<00:00, 149.90it/s] 89%|███████████████████████████████████▍    | 156/176 [00:01<00:00, 149.83it/s] 98%|███████████████████████████████████████ | 172/176 [00:01<00:00, 149.90it/s]100%|████████████████████████████████████████| 176/176 [00:01<00:00, 149.63it/s]
2025-04-14 05:02:14,387 - INFO - Epoch 44: Training Loss: 0.0173, Acc: 79.52%, F1: 73.46%, Precision: 68.97%, Recall: 78.58%, AUC: 79.31%
2025-04-14 05:02:14,387 - INFO - Time consumption: [Data]19%, [Network]79%
2025-04-14 05:02:14,387 - INFO - Eval epoch: 44
  0%|                                                    | 0/61 [00:00<?, ?it/s] 57%|████████████████████████                  | 35/61 [00:00<00:00, 344.67it/s]100%|██████████████████████████████████████████| 61/61 [00:00<00:00, 345.23it/s]
2025-04-14 05:02:14,569 - INFO - Val Loss: 0.0256, Acc: 58.50%, F1: 13.52%, Precision: 7.96%, Recall: 44.68%, AUC: 52.13%
  0%|                                                   | 0/176 [00:00<?, ?it/s]  9%|███▍                                     | 15/176 [00:00<00:01, 148.02it/s] 17%|██████▉                                  | 30/176 [00:00<00:00, 147.71it/s] 26%|██████████▋                              | 46/176 [00:00<00:00, 148.91it/s] 35%|██████████████▍                          | 62/176 [00:00<00:00, 149.48it/s] 44%|██████████████████▏                      | 78/176 [00:00<00:00, 149.74it/s] 53%|█████████████████████▋                   | 93/176 [00:00<00:00, 149.02it/s] 62%|████████████████████████▊               | 109/176 [00:00<00:00, 149.47it/s] 71%|████████████████████████████▍           | 125/176 [00:00<00:00, 149.72it/s] 80%|████████████████████████████████        | 141/176 [00:00<00:00, 149.87it/s] 89%|███████████████████████████████████▍    | 156/176 [00:01<00:00, 149.88it/s] 97%|██████████████████████████████████████▊ | 171/176 [00:01<00:00, 149.66it/s]100%|████████████████████████████████████████| 176/176 [00:01<00:00, 149.16it/s]
2025-04-14 05:02:15,755 - INFO - Epoch 45: Training Loss: 0.0176, Acc: 79.30%, F1: 73.24%, Precision: 68.65%, Recall: 78.48%, AUC: 79.13%
2025-04-14 05:02:15,755 - INFO - Time consumption: [Data]19%, [Network]79%
2025-04-14 05:02:15,755 - INFO - Eval epoch: 45
  0%|                                                    | 0/61 [00:00<?, ?it/s] 57%|████████████████████████                  | 35/61 [00:00<00:00, 344.80it/s]100%|██████████████████████████████████████████| 61/61 [00:00<00:00, 345.74it/s]
2025-04-14 05:02:15,937 - INFO - Val Loss: 0.0235, Acc: 62.82%, F1: 15.06%, Precision: 9.03%, Recall: 45.39%, AUC: 54.79%
  0%|                                                   | 0/176 [00:00<?, ?it/s]  9%|███▍                                     | 15/176 [00:00<00:01, 148.59it/s] 18%|███████▏                                 | 31/176 [00:00<00:00, 149.63it/s] 27%|██████████▉                              | 47/176 [00:00<00:00, 149.92it/s] 36%|██████████████▋                          | 63/176 [00:00<00:00, 150.04it/s] 45%|██████████████████▍                      | 79/176 [00:00<00:00, 150.16it/s] 54%|██████████████████████▏                  | 95/176 [00:00<00:00, 150.25it/s] 63%|█████████████████████████▏              | 111/176 [00:00<00:00, 149.78it/s] 72%|████████████████████████████▋           | 126/176 [00:00<00:00, 149.05it/s] 81%|████████████████████████████████▎       | 142/176 [00:00<00:00, 149.47it/s] 90%|███████████████████████████████████▉    | 158/176 [00:01<00:00, 149.73it/s] 99%|███████████████████████████████████████▌| 174/176 [00:01<00:00, 149.93it/s]100%|████████████████████████████████████████| 176/176 [00:01<00:00, 149.74it/s]
2025-04-14 05:02:17,120 - INFO - Epoch 46: Training Loss: 0.0174, Acc: 79.46%, F1: 73.55%, Precision: 68.70%, Recall: 79.12%, AUC: 79.39%
2025-04-14 05:02:17,120 - INFO - Time consumption: [Data]19%, [Network]79%
2025-04-14 05:02:17,120 - INFO - Eval epoch: 46
  0%|                                                    | 0/61 [00:00<?, ?it/s] 57%|████████████████████████                  | 35/61 [00:00<00:00, 343.98it/s]100%|██████████████████████████████████████████| 61/61 [00:00<00:00, 344.85it/s]
2025-04-14 05:02:17,302 - INFO - Val Loss: 0.0241, Acc: 61.07%, F1: 14.09%, Precision: 8.39%, Recall: 43.97%, AUC: 53.19%
  0%|                                                   | 0/176 [00:00<?, ?it/s]  9%|███▍                                     | 15/176 [00:00<00:01, 148.99it/s] 18%|███████▏                                 | 31/176 [00:00<00:00, 149.77it/s] 27%|██████████▉                              | 47/176 [00:00<00:00, 150.00it/s] 35%|██████████████▍                          | 62/176 [00:00<00:00, 149.87it/s] 44%|█████████████████▉                       | 77/176 [00:00<00:00, 148.94it/s] 53%|█████████████████████▋                   | 93/176 [00:00<00:00, 149.43it/s] 62%|████████████████████████▊               | 109/176 [00:00<00:00, 149.65it/s] 71%|████████████████████████████▍           | 125/176 [00:00<00:00, 149.87it/s] 80%|████████████████████████████████        | 141/176 [00:00<00:00, 149.98it/s] 89%|███████████████████████████████████▋    | 157/176 [00:01<00:00, 150.09it/s] 98%|███████████████████████████████████████▎| 173/176 [00:01<00:00, 150.15it/s]100%|████████████████████████████████████████| 176/176 [00:01<00:00, 149.77it/s]
2025-04-14 05:02:18,483 - INFO - Epoch 47: Training Loss: 0.0177, Acc: 78.81%, F1: 72.45%, Precision: 68.22%, Recall: 77.25%, AUC: 78.47%
2025-04-14 05:02:18,483 - INFO - Time consumption: [Data]19%, [Network]79%
2025-04-14 05:02:18,483 - INFO - Eval epoch: 47
  0%|                                                    | 0/61 [00:00<?, ?it/s] 57%|████████████████████████                  | 35/61 [00:00<00:00, 344.49it/s]100%|██████████████████████████████████████████| 61/61 [00:00<00:00, 345.23it/s]
2025-04-14 05:02:18,665 - INFO - Val Loss: 0.0246, Acc: 59.01%, F1: 13.29%, Precision: 7.85%, Recall: 43.26%, AUC: 51.75%
2025-04-14 05:02:18,666 - INFO - Early stopping at epoch 47
2025-04-14 05:02:18,682 - INFO - ===== Testing Subject 32 =====
2025-04-14 05:02:18,775 - INFO - Eval epoch: 0
  0%|                                                     | 0/8 [00:00<?, ?it/s]100%|████████████████████████████████████████████| 8/8 [00:00<00:00, 280.31it/s]
2025-04-14 05:02:18,809 - INFO - Test Loss: 0.1100, Acc: 65.00%, F1: 60.38%, Precision: 50.00%, Recall: 76.19%, AUC: 67.58%
2025-04-14 05:02:19,355 - INFO - ===== Starting fold with test subject 39 =====
2025-04-14 05:02:19,355 - INFO - Train subjects: [45, 36, 29, 32, 30, 31, 33, 34, 35, 37, 43, 44]
2025-04-14 05:02:19,355 - INFO - Val subjects: [38, 46]
2025-04-14 05:02:19,361 - INFO - Model Parameters: 333332
2025-04-14 05:02:19,375 - INFO - Fixed 60 duplicate timestamps
2025-04-14 05:02:19,379 - WARNING - Found 10 time reversals
2025-04-14 05:02:19,383 - INFO - Fixed 4 duplicate timestamps
2025-04-14 05:02:19,391 - INFO - Fixed 9 duplicate timestamps
2025-04-14 05:02:19,394 - WARNING - Found 2 time reversals
2025-04-14 05:02:19,399 - INFO - Fixed 10 duplicate timestamps
/mmfs1/home/sww35/testWatchAcc/LightHART/utils/accelerometer_processor.py:44: UserWarning: Could not infer format, so each element will be parsed individually, falling back to `dateutil`. To ensure parsing is consistent and as-expected, please specify a format.
  timestamps = pd.to_datetime(data.iloc[:, 0], errors='coerce')
2025-04-14 05:02:19,408 - WARNING - Found 1 invalid timestamps at rows [0]...
2025-04-14 05:02:19,409 - ERROR - Error processing /mmfs1/home/sww35/testWatchAcc/LightHART/data/smartfallmm/young/accelerometer/watch/S33A10T04.csv: 0
2025-04-14 05:02:19,409 - ERROR - Error processing /mmfs1/home/sww35/testWatchAcc/LightHART/data/smartfallmm/young/accelerometer/watch/S33A10T04.csv: 0
2025-04-14 05:02:19,416 - INFO - Fixed 22 duplicate timestamps
2025-04-14 05:02:19,422 - INFO - Fixed 1 duplicate timestamps
2025-04-14 05:02:19,429 - INFO - Fixed 2 duplicate timestamps
2025-04-14 05:02:19,435 - INFO - Fixed 4 duplicate timestamps
2025-04-14 05:02:19,440 - INFO - Fixed 1 duplicate timestamps
2025-04-14 05:02:19,449 - INFO - Fixed 68 duplicate timestamps
2025-04-14 05:02:19,460 - INFO - Fixed 6 duplicate timestamps
2025-04-14 05:02:19,462 - WARNING - Found 1 time reversals
2025-04-14 05:02:19,493 - INFO - Fixed 471 duplicate timestamps
2025-04-14 05:02:19,506 - WARNING - Found 164 time reversals
/mmfs1/home/sww35/testWatchAcc/LightHART/utils/accelerometer_processor.py:44: UserWarning: Could not infer format, so each element will be parsed individually, falling back to `dateutil`. To ensure parsing is consistent and as-expected, please specify a format.
  timestamps = pd.to_datetime(data.iloc[:, 0], errors='coerce')
2025-04-14 05:02:19,551 - WARNING - Found 647 invalid timestamps at rows [0 1 2 3 4]...
2025-04-14 05:02:19,552 - ERROR - Error processing /mmfs1/home/sww35/testWatchAcc/LightHART/data/smartfallmm/young/accelerometer/watch/S33A06T08.csv: Insufficient valid data rows after cleaning: 0
2025-04-14 05:02:19,552 - ERROR - Error processing /mmfs1/home/sww35/testWatchAcc/LightHART/data/smartfallmm/young/accelerometer/watch/S33A06T08.csv: Insufficient valid data rows after cleaning: 0
2025-04-14 05:02:19,592 - INFO - Fixed 653 duplicate timestamps
2025-04-14 05:02:19,607 - WARNING - Found 291 time reversals
2025-04-14 05:02:19,611 - INFO - Fixed 1 duplicate timestamps
/mmfs1/home/sww35/testWatchAcc/LightHART/utils/accelerometer_processor.py:44: UserWarning: Could not infer format, so each element will be parsed individually, falling back to `dateutil`. To ensure parsing is consistent and as-expected, please specify a format.
  timestamps = pd.to_datetime(data.iloc[:, 0], errors='coerce')
2025-04-14 05:02:19,615 - WARNING - Found 1 invalid timestamps at rows [0]...
2025-04-14 05:02:19,615 - ERROR - Error processing /mmfs1/home/sww35/testWatchAcc/LightHART/data/smartfallmm/young/accelerometer/watch/S33A10T03.csv: 0
2025-04-14 05:02:19,615 - ERROR - Error processing /mmfs1/home/sww35/testWatchAcc/LightHART/data/smartfallmm/young/accelerometer/watch/S33A10T03.csv: 0
2025-04-14 05:02:19,619 - INFO - Fixed 12 duplicate timestamps
2025-04-14 05:02:19,621 - WARNING - Found 1 time reversals
2025-04-14 05:02:19,628 - INFO - Fixed 77 duplicate timestamps
2025-04-14 05:02:19,639 - INFO - Fixed 9 duplicate timestamps
2025-04-14 05:02:19,641 - WARNING - Found 1 time reversals
2025-04-14 05:02:19,675 - INFO - Fixed 496 duplicate timestamps
2025-04-14 05:02:19,687 - WARNING - Found 184 time reversals
2025-04-14 05:02:19,736 - INFO - Fixed 898 duplicate timestamps
2025-04-14 05:02:19,757 - WARNING - Found 346 time reversals
2025-04-14 05:02:19,771 - INFO - Fixed 38 duplicate timestamps
2025-04-14 05:02:19,778 - WARNING - Found 13 time reversals
/mmfs1/home/sww35/testWatchAcc/LightHART/utils/accelerometer_processor.py:44: UserWarning: Could not infer format, so each element will be parsed individually, falling back to `dateutil`. To ensure parsing is consistent and as-expected, please specify a format.
  timestamps = pd.to_datetime(data.iloc[:, 0], errors='coerce')
2025-04-14 05:02:19,810 - WARNING - Found 355 invalid timestamps at rows [0 1 2 3 4]...
2025-04-14 05:02:19,810 - ERROR - Error processing /mmfs1/home/sww35/testWatchAcc/LightHART/data/smartfallmm/young/accelerometer/watch/S33A01T05.csv: Insufficient valid data rows after cleaning: 0
2025-04-14 05:02:19,810 - ERROR - Error processing /mmfs1/home/sww35/testWatchAcc/LightHART/data/smartfallmm/young/accelerometer/watch/S33A01T05.csv: Insufficient valid data rows after cleaning: 0
2025-04-14 05:02:19,822 - INFO - Fixed 68 duplicate timestamps
2025-04-14 05:02:19,828 - WARNING - Found 28 time reversals
2025-04-14 05:02:19,836 - INFO - Fixed 46 duplicate timestamps
2025-04-14 05:02:19,846 - INFO - Fixed 33 duplicate timestamps
2025-04-14 05:02:19,854 - INFO - Fixed 35 duplicate timestamps
2025-04-14 05:02:19,862 - INFO - Fixed 1 duplicate timestamps
2025-04-14 05:02:19,870 - INFO - Fixed 16 duplicate timestamps
2025-04-14 05:02:19,886 - INFO - Fixed 86 duplicate timestamps
2025-04-14 05:02:19,892 - WARNING - Found 32 time reversals
2025-04-14 05:02:19,923 - INFO - Fixed 403 duplicate timestamps
2025-04-14 05:02:19,932 - WARNING - Found 153 time reversals
2025-04-14 05:02:19,937 - INFO - Fixed 3 duplicate timestamps
2025-04-14 05:02:19,945 - INFO - Fixed 61 duplicate timestamps
2025-04-14 05:02:19,947 - WARNING - Found 16 time reversals
2025-04-14 05:02:19,951 - INFO - Fixed 2 duplicate timestamps
2025-04-14 05:02:19,956 - INFO - Fixed 5 duplicate timestamps
2025-04-14 05:02:19,962 - INFO - Fixed 1 duplicate timestamps
2025-04-14 05:02:19,979 - INFO - Fixed 68 duplicate timestamps
2025-04-14 05:02:19,985 - WARNING - Found 28 time reversals
2025-04-14 05:02:19,997 - INFO - Fixed 68 duplicate timestamps
2025-04-14 05:02:20,003 - WARNING - Found 28 time reversals
2025-04-14 05:02:20,008 - INFO - Fixed 1 duplicate timestamps
/mmfs1/home/sww35/testWatchAcc/LightHART/utils/accelerometer_processor.py:44: UserWarning: Could not infer format, so each element will be parsed individually, falling back to `dateutil`. To ensure parsing is consistent and as-expected, please specify a format.
  timestamps = pd.to_datetime(data.iloc[:, 0], errors='coerce')
2025-04-14 05:02:20,012 - WARNING - Found 168 invalid timestamps at rows [  0 341 342 343 344]...
2025-04-14 05:02:20,013 - ERROR - Error processing /mmfs1/home/sww35/testWatchAcc/LightHART/data/smartfallmm/young/accelerometer/watch/S33A13T04.csv: 0
2025-04-14 05:02:20,013 - ERROR - Error processing /mmfs1/home/sww35/testWatchAcc/LightHART/data/smartfallmm/young/accelerometer/watch/S33A13T04.csv: 0
2025-04-14 05:02:20,127 - INFO - Fixed 505 duplicate timestamps
2025-04-14 05:02:20,199 - WARNING - Found 239 time reversals
2025-04-14 05:02:20,208 - INFO - Fixed 3 duplicate timestamps
2025-04-14 05:02:20,213 - INFO - Fixed 2 duplicate timestamps
2025-04-14 05:02:20,222 - INFO - Fixed 48 duplicate timestamps
2025-04-14 05:02:20,230 - INFO - Fixed 7 duplicate timestamps
2025-04-14 05:02:20,231 - WARNING - Found 1 time reversals
2025-04-14 05:02:20,265 - INFO - Fixed 537 duplicate timestamps
2025-04-14 05:02:20,278 - WARNING - Found 189 time reversals
2025-04-14 05:02:20,284 - INFO - Fixed 2 duplicate timestamps
/mmfs1/home/sww35/testWatchAcc/LightHART/utils/accelerometer_processor.py:44: UserWarning: Could not infer format, so each element will be parsed individually, falling back to `dateutil`. To ensure parsing is consistent and as-expected, please specify a format.
  timestamps = pd.to_datetime(data.iloc[:, 0], errors='coerce')
2025-04-14 05:02:20,291 - WARNING - Found 1 invalid timestamps at rows [0]...
2025-04-14 05:02:20,292 - ERROR - Error processing /mmfs1/home/sww35/testWatchAcc/LightHART/data/smartfallmm/young/accelerometer/watch/S33A03T01.csv: 0
2025-04-14 05:02:20,292 - ERROR - Error processing /mmfs1/home/sww35/testWatchAcc/LightHART/data/smartfallmm/young/accelerometer/watch/S33A03T01.csv: 0
2025-04-14 05:02:20,311 - INFO - Fixed 47 duplicate timestamps
2025-04-14 05:02:20,322 - WARNING - Found 21 time reversals
2025-04-14 05:02:20,365 - INFO - Fixed 751 duplicate timestamps
2025-04-14 05:02:20,382 - WARNING - Found 257 time reversals
/mmfs1/home/sww35/testWatchAcc/LightHART/utils/accelerometer_processor.py:44: UserWarning: Could not infer format, so each element will be parsed individually, falling back to `dateutil`. To ensure parsing is consistent and as-expected, please specify a format.
  timestamps = pd.to_datetime(data.iloc[:, 0], errors='coerce')
2025-04-14 05:02:20,384 - WARNING - Found 1 invalid timestamps at rows [0]...
2025-04-14 05:02:20,385 - ERROR - Error processing /mmfs1/home/sww35/testWatchAcc/LightHART/data/smartfallmm/young/accelerometer/watch/S33A09T02.csv: 0
2025-04-14 05:02:20,385 - ERROR - Error processing /mmfs1/home/sww35/testWatchAcc/LightHART/data/smartfallmm/young/accelerometer/watch/S33A09T02.csv: 0
2025-04-14 05:02:20,427 - INFO - Fixed 733 duplicate timestamps
2025-04-14 05:02:20,443 - WARNING - Found 282 time reversals
2025-04-14 05:02:20,450 - INFO - Fixed 25 duplicate timestamps
2025-04-14 05:02:20,453 - WARNING - Found 4 time reversals
2025-04-14 05:02:20,464 - INFO - Fixed 47 duplicate timestamps
2025-04-14 05:02:20,470 - WARNING - Found 10 time reversals
2025-04-14 05:02:20,486 - INFO - Fixed 48 duplicate timestamps
2025-04-14 05:02:20,494 - WARNING - Found 20 time reversals
2025-04-14 05:02:20,506 - INFO - Fixed 37 duplicate timestamps
2025-04-14 05:02:20,511 - WARNING - Found 12 time reversals
/mmfs1/home/sww35/testWatchAcc/LightHART/utils/accelerometer_processor.py:44: UserWarning: Could not infer format, so each element will be parsed individually, falling back to `dateutil`. To ensure parsing is consistent and as-expected, please specify a format.
  timestamps = pd.to_datetime(data.iloc[:, 0], errors='coerce')
2025-04-14 05:02:20,515 - WARNING - Found 110 invalid timestamps at rows [  0 503 504 505 506]...
2025-04-14 05:02:20,515 - ERROR - Error processing /mmfs1/home/sww35/testWatchAcc/LightHART/data/smartfallmm/young/accelerometer/watch/S33A14T02.csv: 0
2025-04-14 05:02:20,515 - ERROR - Error processing /mmfs1/home/sww35/testWatchAcc/LightHART/data/smartfallmm/young/accelerometer/watch/S33A14T02.csv: 0
2025-04-14 05:02:20,569 - INFO - Fixed 930 duplicate timestamps
2025-04-14 05:02:20,588 - WARNING - Found 438 time reversals
2025-04-14 05:02:20,595 - INFO - Fixed 8 duplicate timestamps
2025-04-14 05:02:20,603 - INFO - Fixed 30 duplicate timestamps
2025-04-14 05:02:20,604 - WARNING - Found 3 time reversals
2025-04-14 05:02:20,608 - INFO - Fixed 8 duplicate timestamps
2025-04-14 05:02:20,609 - WARNING - Found 1 time reversals
2025-04-14 05:02:20,613 - INFO - Fixed 15 duplicate timestamps
2025-04-14 05:02:20,615 - WARNING - Found 4 time reversals
/mmfs1/home/sww35/testWatchAcc/LightHART/utils/accelerometer_processor.py:44: UserWarning: Could not infer format, so each element will be parsed individually, falling back to `dateutil`. To ensure parsing is consistent and as-expected, please specify a format.
  timestamps = pd.to_datetime(data.iloc[:, 0], errors='coerce')
2025-04-14 05:02:20,617 - WARNING - Found 172 invalid timestamps at rows [  0 342 343 344 345]...
2025-04-14 05:02:20,618 - ERROR - Error processing /mmfs1/home/sww35/testWatchAcc/LightHART/data/smartfallmm/young/accelerometer/watch/S33A05T03.csv: 0
2025-04-14 05:02:20,618 - ERROR - Error processing /mmfs1/home/sww35/testWatchAcc/LightHART/data/smartfallmm/young/accelerometer/watch/S33A05T03.csv: 0
2025-04-14 05:02:20,655 - INFO - Fixed 530 duplicate timestamps
2025-04-14 05:02:20,668 - WARNING - Found 188 time reversals
2025-04-14 05:02:20,765 - INFO - Fixed 1762 duplicate timestamps
2025-04-14 05:02:20,806 - WARNING - Found 562 time reversals
/mmfs1/home/sww35/testWatchAcc/LightHART/utils/accelerometer_processor.py:44: UserWarning: Could not infer format, so each element will be parsed individually, falling back to `dateutil`. To ensure parsing is consistent and as-expected, please specify a format.
  timestamps = pd.to_datetime(data.iloc[:, 0], errors='coerce')
2025-04-14 05:02:20,845 - WARNING - Found 396 invalid timestamps at rows [0 1 2 3 4]...
2025-04-14 05:02:20,845 - ERROR - Error processing /mmfs1/home/sww35/testWatchAcc/LightHART/data/smartfallmm/young/accelerometer/watch/S33A03T12.csv: Insufficient valid data rows after cleaning: 0
2025-04-14 05:02:20,845 - ERROR - Error processing /mmfs1/home/sww35/testWatchAcc/LightHART/data/smartfallmm/young/accelerometer/watch/S33A03T12.csv: Insufficient valid data rows after cleaning: 0
2025-04-14 05:02:20,891 - INFO - Fixed 796 duplicate timestamps
2025-04-14 05:02:20,908 - WARNING - Found 361 time reversals
2025-04-14 05:02:20,918 - INFO - Fixed 95 duplicate timestamps
2025-04-14 05:02:20,921 - WARNING - Found 27 time reversals
2025-04-14 05:02:20,926 - INFO - Fixed 30 duplicate timestamps
2025-04-14 05:02:20,996 - INFO - Fixed 978 duplicate timestamps
2025-04-14 05:02:21,021 - WARNING - Found 338 time reversals
2025-04-14 05:02:21,027 - INFO - Fixed 8 duplicate timestamps
2025-04-14 05:02:21,029 - WARNING - Found 2 time reversals
2025-04-14 05:02:21,033 - INFO - Fixed 11 duplicate timestamps
2025-04-14 05:02:21,049 - INFO - Fixed 46 duplicate timestamps
2025-04-14 05:02:21,056 - WARNING - Found 16 time reversals
2025-04-14 05:02:21,069 - INFO - Fixed 68 duplicate timestamps
2025-04-14 05:02:21,075 - WARNING - Found 28 time reversals
2025-04-14 05:02:21,081 - INFO - Fixed 4 duplicate timestamps
2025-04-14 05:02:21,088 - INFO - Fixed 10 duplicate timestamps
2025-04-14 05:02:21,090 - WARNING - Found 1 time reversals
2025-04-14 05:02:21,127 - INFO - Fixed 568 duplicate timestamps
2025-04-14 05:02:21,140 - WARNING - Found 235 time reversals
/mmfs1/home/sww35/testWatchAcc/LightHART/utils/accelerometer_processor.py:44: UserWarning: Could not infer format, so each element will be parsed individually, falling back to `dateutil`. To ensure parsing is consistent and as-expected, please specify a format.
  timestamps = pd.to_datetime(data.iloc[:, 0], errors='coerce')
2025-04-14 05:02:21,143 - WARNING - Found 1 invalid timestamps at rows [0]...
2025-04-14 05:02:21,144 - ERROR - Error processing /mmfs1/home/sww35/testWatchAcc/LightHART/data/smartfallmm/young/accelerometer/watch/S33A13T03.csv: 0
2025-04-14 05:02:21,144 - ERROR - Error processing /mmfs1/home/sww35/testWatchAcc/LightHART/data/smartfallmm/young/accelerometer/watch/S33A13T03.csv: 0
2025-04-14 05:02:21,175 - INFO - Fixed 511 duplicate timestamps
2025-04-14 05:02:21,187 - WARNING - Found 145 time reversals
2025-04-14 05:02:21,196 - INFO - Fixed 83 duplicate timestamps
2025-04-14 05:02:21,219 - INFO - Fixed 88 duplicate timestamps
2025-04-14 05:02:21,230 - WARNING - Found 28 time reversals
2025-04-14 05:02:21,239 - INFO - Fixed 2 duplicate timestamps
2025-04-14 05:02:21,252 - INFO - Fixed 64 duplicate timestamps
2025-04-14 05:02:21,254 - WARNING - Found 12 time reversals
2025-04-14 05:02:21,259 - INFO - Fixed 7 duplicate timestamps
2025-04-14 05:02:21,261 - WARNING - Found 1 time reversals
2025-04-14 05:02:21,269 - INFO - Fixed 37 duplicate timestamps
2025-04-14 05:02:21,272 - WARNING - Found 9 time reversals
2025-04-14 05:02:21,304 - INFO - Fixed 507 duplicate timestamps
2025-04-14 05:02:21,316 - WARNING - Found 157 time reversals
2025-04-14 05:02:21,351 - INFO - Fixed 566 duplicate timestamps
2025-04-14 05:02:21,364 - WARNING - Found 204 time reversals
2025-04-14 05:02:21,377 - INFO - Fixed 68 duplicate timestamps
2025-04-14 05:02:21,382 - WARNING - Found 28 time reversals
2025-04-14 05:02:21,391 - INFO - Fixed 3 duplicate timestamps
2025-04-14 05:02:21,404 - INFO - Fixed 61 duplicate timestamps
2025-04-14 05:02:21,407 - WARNING - Found 20 time reversals
2025-04-14 05:02:21,412 - INFO - Fixed 3 duplicate timestamps
2025-04-14 05:02:21,439 - INFO - Fixed 403 duplicate timestamps
2025-04-14 05:02:21,448 - WARNING - Found 133 time reversals
/mmfs1/home/sww35/testWatchAcc/LightHART/utils/accelerometer_processor.py:44: UserWarning: Could not infer format, so each element will be parsed individually, falling back to `dateutil`. To ensure parsing is consistent and as-expected, please specify a format.
  timestamps = pd.to_datetime(data.iloc[:, 0], errors='coerce')
2025-04-14 05:02:21,461 - WARNING - Found 137 invalid timestamps at rows [0 1 2 3 4]...
2025-04-14 05:02:21,461 - ERROR - Error processing /mmfs1/home/sww35/testWatchAcc/LightHART/data/smartfallmm/young/accelerometer/watch/S33A14T05.csv: Insufficient valid data rows after cleaning: 0
2025-04-14 05:02:21,461 - ERROR - Error processing /mmfs1/home/sww35/testWatchAcc/LightHART/data/smartfallmm/young/accelerometer/watch/S33A14T05.csv: Insufficient valid data rows after cleaning: 0
2025-04-14 05:02:21,471 - INFO - Fixed 85 duplicate timestamps
2025-04-14 05:02:21,474 - WARNING - Found 26 time reversals
2025-04-14 05:02:21,483 - INFO - Fixed 3 duplicate timestamps
2025-04-14 05:02:21,490 - INFO - Fixed 2 duplicate timestamps
/mmfs1/home/sww35/testWatchAcc/LightHART/utils/accelerometer_processor.py:44: UserWarning: Could not infer format, so each element will be parsed individually, falling back to `dateutil`. To ensure parsing is consistent and as-expected, please specify a format.
  timestamps = pd.to_datetime(data.iloc[:, 0], errors='coerce')
2025-04-14 05:02:21,525 - WARNING - Found 446 invalid timestamps at rows [0 1 2 3 4]...
2025-04-14 05:02:21,526 - ERROR - Error processing /mmfs1/home/sww35/testWatchAcc/LightHART/data/smartfallmm/young/accelerometer/watch/S33A08T04.csv: Insufficient valid data rows after cleaning: 0
2025-04-14 05:02:21,526 - ERROR - Error processing /mmfs1/home/sww35/testWatchAcc/LightHART/data/smartfallmm/young/accelerometer/watch/S33A08T04.csv: Insufficient valid data rows after cleaning: 0
/mmfs1/home/sww35/testWatchAcc/LightHART/utils/accelerometer_processor.py:44: UserWarning: Could not infer format, so each element will be parsed individually, falling back to `dateutil`. To ensure parsing is consistent and as-expected, please specify a format.
  timestamps = pd.to_datetime(data.iloc[:, 0], errors='coerce')
2025-04-14 05:02:21,536 - WARNING - Found 118 invalid timestamps at rows [0 1 2 3 4]...
2025-04-14 05:02:21,536 - ERROR - Error processing /mmfs1/home/sww35/testWatchAcc/LightHART/data/smartfallmm/young/accelerometer/watch/S33A05T08.csv: Insufficient valid data rows after cleaning: 0
2025-04-14 05:02:21,536 - ERROR - Error processing /mmfs1/home/sww35/testWatchAcc/LightHART/data/smartfallmm/young/accelerometer/watch/S33A05T08.csv: Insufficient valid data rows after cleaning: 0
2025-04-14 05:02:21,547 - INFO - Fixed 94 duplicate timestamps
2025-04-14 05:02:21,552 - WARNING - Found 30 time reversals
/mmfs1/home/sww35/testWatchAcc/LightHART/utils/accelerometer_processor.py:44: UserWarning: Could not infer format, so each element will be parsed individually, falling back to `dateutil`. To ensure parsing is consistent and as-expected, please specify a format.
  timestamps = pd.to_datetime(data.iloc[:, 0], errors='coerce')
2025-04-14 05:02:21,583 - WARNING - Found 510 invalid timestamps at rows [0 1 2 3 4]...
2025-04-14 05:02:21,583 - ERROR - Error processing /mmfs1/home/sww35/testWatchAcc/LightHART/data/smartfallmm/young/accelerometer/watch/S33A06T07.csv: Insufficient valid data rows after cleaning: 0
2025-04-14 05:02:21,583 - ERROR - Error processing /mmfs1/home/sww35/testWatchAcc/LightHART/data/smartfallmm/young/accelerometer/watch/S33A06T07.csv: Insufficient valid data rows after cleaning: 0
2025-04-14 05:02:21,593 - INFO - Fixed 53 duplicate timestamps
2025-04-14 05:02:21,597 - WARNING - Found 15 time reversals
2025-04-14 05:02:21,613 - INFO - Fixed 68 duplicate timestamps
2025-04-14 05:02:21,619 - WARNING - Found 28 time reversals
2025-04-14 05:02:21,631 - INFO - Fixed 66 duplicate timestamps
2025-04-14 05:02:21,637 - WARNING - Found 28 time reversals
/mmfs1/home/sww35/testWatchAcc/LightHART/utils/accelerometer_processor.py:44: UserWarning: Could not infer format, so each element will be parsed individually, falling back to `dateutil`. To ensure parsing is consistent and as-expected, please specify a format.
  timestamps = pd.to_datetime(data.iloc[:, 0], errors='coerce')
2025-04-14 05:02:21,639 - WARNING - Found 171 invalid timestamps at rows [  0 341 342 343 344]...
2025-04-14 05:02:21,640 - ERROR - Error processing /mmfs1/home/sww35/testWatchAcc/LightHART/data/smartfallmm/young/accelerometer/watch/S33A06T01.csv: 0
2025-04-14 05:02:21,640 - ERROR - Error processing /mmfs1/home/sww35/testWatchAcc/LightHART/data/smartfallmm/young/accelerometer/watch/S33A06T01.csv: 0
/mmfs1/home/sww35/testWatchAcc/LightHART/utils/accelerometer_processor.py:44: UserWarning: Could not infer format, so each element will be parsed individually, falling back to `dateutil`. To ensure parsing is consistent and as-expected, please specify a format.
  timestamps = pd.to_datetime(data.iloc[:, 0], errors='coerce')
2025-04-14 05:02:21,642 - WARNING - Found 169 invalid timestamps at rows [  0 342 343 344 345]...
2025-04-14 05:02:21,642 - ERROR - Error processing /mmfs1/home/sww35/testWatchAcc/LightHART/data/smartfallmm/young/accelerometer/watch/S33A11T01.csv: 0
2025-04-14 05:02:21,642 - ERROR - Error processing /mmfs1/home/sww35/testWatchAcc/LightHART/data/smartfallmm/young/accelerometer/watch/S33A11T01.csv: 0
2025-04-14 05:02:21,646 - INFO - Fixed 3 duplicate timestamps
2025-04-14 05:02:21,683 - INFO - Fixed 534 duplicate timestamps
2025-04-14 05:02:21,697 - WARNING - Found 200 time reversals
/mmfs1/home/sww35/testWatchAcc/LightHART/utils/accelerometer_processor.py:44: UserWarning: Could not infer format, so each element will be parsed individually, falling back to `dateutil`. To ensure parsing is consistent and as-expected, please specify a format.
  timestamps = pd.to_datetime(data.iloc[:, 0], errors='coerce')
2025-04-14 05:02:21,728 - WARNING - Found 510 invalid timestamps at rows [0 1 2 3 4]...
2025-04-14 05:02:21,739 - ERROR - Error processing /mmfs1/home/sww35/testWatchAcc/LightHART/data/smartfallmm/young/accelerometer/watch/S33A13T05.csv: Insufficient valid data rows after cleaning: 0
2025-04-14 05:02:21,752 - ERROR - Error processing /mmfs1/home/sww35/testWatchAcc/LightHART/data/smartfallmm/young/accelerometer/watch/S33A13T05.csv: Insufficient valid data rows after cleaning: 0
/mmfs1/home/sww35/testWatchAcc/LightHART/utils/accelerometer_processor.py:44: UserWarning: Could not infer format, so each element will be parsed individually, falling back to `dateutil`. To ensure parsing is consistent and as-expected, please specify a format.
  timestamps = pd.to_datetime(data.iloc[:, 0], errors='coerce')
2025-04-14 05:02:21,790 - WARNING - Found 407 invalid timestamps at rows [0 1 2 3 4]...
2025-04-14 05:02:21,792 - ERROR - Error processing /mmfs1/home/sww35/testWatchAcc/LightHART/data/smartfallmm/young/accelerometer/watch/S33A02T09.csv: Insufficient valid data rows after cleaning: 0
2025-04-14 05:02:21,792 - ERROR - Error processing /mmfs1/home/sww35/testWatchAcc/LightHART/data/smartfallmm/young/accelerometer/watch/S33A02T09.csv: Insufficient valid data rows after cleaning: 0
2025-04-14 05:02:21,803 - INFO - Fixed 30 duplicate timestamps
2025-04-14 05:02:21,809 - WARNING - Found 23 time reversals
2025-04-14 05:02:21,861 - INFO - Fixed 890 duplicate timestamps
2025-04-14 05:02:21,880 - WARNING - Found 337 time reversals
2025-04-14 05:02:21,885 - INFO - Fixed 7 duplicate timestamps
/mmfs1/home/sww35/testWatchAcc/LightHART/utils/accelerometer_processor.py:44: UserWarning: Could not infer format, so each element will be parsed individually, falling back to `dateutil`. To ensure parsing is consistent and as-expected, please specify a format.
  timestamps = pd.to_datetime(data.iloc[:, 0], errors='coerce')
2025-04-14 05:02:21,888 - WARNING - Found 61 invalid timestamps at rows [  0 406 407 408 409]...
2025-04-14 05:02:21,888 - ERROR - Error processing /mmfs1/home/sww35/testWatchAcc/LightHART/data/smartfallmm/young/accelerometer/watch/S33A03T02.csv: 0
2025-04-14 05:02:21,888 - ERROR - Error processing /mmfs1/home/sww35/testWatchAcc/LightHART/data/smartfallmm/young/accelerometer/watch/S33A03T02.csv: 0
2025-04-14 05:02:21,921 - INFO - Fixed 493 duplicate timestamps
2025-04-14 05:02:21,933 - WARNING - Found 191 time reversals
2025-04-14 05:02:21,939 - INFO - Fixed 29 duplicate timestamps
2025-04-14 05:02:21,941 - WARNING - Found 6 time reversals
2025-04-14 05:02:21,951 - INFO - Fixed 19 duplicate timestamps
2025-04-14 05:02:21,956 - WARNING - Found 1 time reversals
2025-04-14 05:02:21,970 - INFO - Fixed 170 duplicate timestamps
2025-04-14 05:02:21,975 - WARNING - Found 59 time reversals
2025-04-14 05:02:21,981 - INFO - Fixed 3 duplicate timestamps
2025-04-14 05:02:21,994 - INFO - Fixed 88 duplicate timestamps
2025-04-14 05:02:21,998 - WARNING - Found 22 time reversals
/mmfs1/home/sww35/testWatchAcc/LightHART/utils/accelerometer_processor.py:44: UserWarning: Could not infer format, so each element will be parsed individually, falling back to `dateutil`. To ensure parsing is consistent and as-expected, please specify a format.
  timestamps = pd.to_datetime(data.iloc[:, 0], errors='coerce')
2025-04-14 05:02:22,000 - WARNING - Found 216 invalid timestamps at rows [  0 435 436 437 438]...
2025-04-14 05:02:22,001 - ERROR - Error processing /mmfs1/home/sww35/testWatchAcc/LightHART/data/smartfallmm/young/accelerometer/watch/S33A13T02.csv: 0
2025-04-14 05:02:22,001 - ERROR - Error processing /mmfs1/home/sww35/testWatchAcc/LightHART/data/smartfallmm/young/accelerometer/watch/S33A13T02.csv: 0
2025-04-14 05:02:22,005 - INFO - Fixed 12 duplicate timestamps
2025-04-14 05:02:22,007 - WARNING - Found 1 time reversals
2025-04-14 05:02:22,014 - INFO - Fixed 35 duplicate timestamps
2025-04-14 05:02:22,017 - WARNING - Found 10 time reversals
2025-04-14 05:02:22,023 - INFO - Fixed 14 duplicate timestamps
2025-04-14 05:02:22,070 - INFO - Fixed 766 duplicate timestamps
2025-04-14 05:02:22,087 - WARNING - Found 326 time reversals
2025-04-14 05:02:22,094 - INFO - Fixed 2 duplicate timestamps
2025-04-14 05:02:22,102 - INFO - Fixed 41 duplicate timestamps
2025-04-14 05:02:22,104 - WARNING - Found 11 time reversals
/mmfs1/home/sww35/testWatchAcc/LightHART/utils/accelerometer_processor.py:44: UserWarning: Could not infer format, so each element will be parsed individually, falling back to `dateutil`. To ensure parsing is consistent and as-expected, please specify a format.
  timestamps = pd.to_datetime(data.iloc[:, 0], errors='coerce')
2025-04-14 05:02:22,135 - WARNING - Found 407 invalid timestamps at rows [0 1 2 3 4]...
2025-04-14 05:02:22,136 - ERROR - Error processing /mmfs1/home/sww35/testWatchAcc/LightHART/data/smartfallmm/young/accelerometer/watch/S33A11T04.csv: Insufficient valid data rows after cleaning: 0
2025-04-14 05:02:22,136 - ERROR - Error processing /mmfs1/home/sww35/testWatchAcc/LightHART/data/smartfallmm/young/accelerometer/watch/S33A11T04.csv: Insufficient valid data rows after cleaning: 0
2025-04-14 05:02:22,141 - INFO - Fixed 37 duplicate timestamps
2025-04-14 05:02:22,142 - WARNING - Found 14 time reversals
2025-04-14 05:02:22,146 - INFO - Fixed 4 duplicate timestamps
2025-04-14 05:02:22,161 - INFO - Fixed 39 duplicate timestamps
2025-04-14 05:02:22,168 - WARNING - Found 14 time reversals
2025-04-14 05:02:22,173 - INFO - Fixed 33 duplicate timestamps
2025-04-14 05:02:22,228 - INFO - Fixed 934 duplicate timestamps
2025-04-14 05:02:22,248 - WARNING - Found 430 time reversals
2025-04-14 05:02:22,282 - INFO - Fixed 528 duplicate timestamps
2025-04-14 05:02:22,295 - WARNING - Found 181 time reversals
2025-04-14 05:02:22,333 - INFO - Fixed 692 duplicate timestamps
2025-04-14 05:02:22,348 - WARNING - Found 200 time reversals
/mmfs1/home/sww35/testWatchAcc/LightHART/utils/accelerometer_processor.py:44: UserWarning: Could not infer format, so each element will be parsed individually, falling back to `dateutil`. To ensure parsing is consistent and as-expected, please specify a format.
  timestamps = pd.to_datetime(data.iloc[:, 0], errors='coerce')
2025-04-14 05:02:22,371 - WARNING - Found 281 invalid timestamps at rows [0 1 2 3 4]...
2025-04-14 05:02:22,371 - ERROR - Error processing /mmfs1/home/sww35/testWatchAcc/LightHART/data/smartfallmm/young/accelerometer/watch/S33A07T06.csv: Insufficient valid data rows after cleaning: 0
2025-04-14 05:02:22,371 - ERROR - Error processing /mmfs1/home/sww35/testWatchAcc/LightHART/data/smartfallmm/young/accelerometer/watch/S33A07T06.csv: Insufficient valid data rows after cleaning: 0
2025-04-14 05:02:22,377 - INFO - Fixed 4 duplicate timestamps
2025-04-14 05:02:22,474 - INFO - Fixed 416 duplicate timestamps
2025-04-14 05:02:22,531 - WARNING - Found 162 time reversals
2025-04-14 05:02:22,546 - INFO - Fixed 68 duplicate timestamps
2025-04-14 05:02:22,552 - WARNING - Found 28 time reversals
2025-04-14 05:02:22,557 - INFO - Fixed 3 duplicate timestamps
2025-04-14 05:02:22,566 - INFO - Fixed 28 duplicate timestamps
2025-04-14 05:02:22,569 - WARNING - Found 5 time reversals
2025-04-14 05:02:22,573 - INFO - Fixed 9 duplicate timestamps
2025-04-14 05:02:22,601 - INFO - Fixed 435 duplicate timestamps
2025-04-14 05:02:22,611 - WARNING - Found 148 time reversals
2025-04-14 05:02:22,618 - INFO - Fixed 13 duplicate timestamps
/mmfs1/home/sww35/testWatchAcc/LightHART/utils/accelerometer_processor.py:44: UserWarning: Could not infer format, so each element will be parsed individually, falling back to `dateutil`. To ensure parsing is consistent and as-expected, please specify a format.
  timestamps = pd.to_datetime(data.iloc[:, 0], errors='coerce')
2025-04-14 05:02:22,650 - WARNING - Found 507 invalid timestamps at rows [0 1 2 3 4]...
2025-04-14 05:02:22,651 - ERROR - Error processing /mmfs1/home/sww35/testWatchAcc/LightHART/data/smartfallmm/young/accelerometer/watch/S33A08T07.csv: Insufficient valid data rows after cleaning: 0
2025-04-14 05:02:22,651 - ERROR - Error processing /mmfs1/home/sww35/testWatchAcc/LightHART/data/smartfallmm/young/accelerometer/watch/S33A08T07.csv: Insufficient valid data rows after cleaning: 0
/mmfs1/home/sww35/testWatchAcc/LightHART/utils/accelerometer_processor.py:44: UserWarning: Could not infer format, so each element will be parsed individually, falling back to `dateutil`. To ensure parsing is consistent and as-expected, please specify a format.
  timestamps = pd.to_datetime(data.iloc[:, 0], errors='coerce')
2025-04-14 05:02:22,674 - WARNING - Found 304 invalid timestamps at rows [0 1 2 3 4]...
2025-04-14 05:02:22,674 - ERROR - Error processing /mmfs1/home/sww35/testWatchAcc/LightHART/data/smartfallmm/young/accelerometer/watch/S33A13T09.csv: Insufficient valid data rows after cleaning: 0
2025-04-14 05:02:22,674 - ERROR - Error processing /mmfs1/home/sww35/testWatchAcc/LightHART/data/smartfallmm/young/accelerometer/watch/S33A13T09.csv: Insufficient valid data rows after cleaning: 0
2025-04-14 05:02:22,713 - INFO - Fixed 701 duplicate timestamps
2025-04-14 05:02:22,727 - WARNING - Found 247 time reversals
2025-04-14 05:02:22,762 - INFO - Fixed 119 duplicate timestamps
2025-04-14 05:02:22,783 - WARNING - Found 45 time reversals
2025-04-14 05:02:22,805 - INFO - Fixed 52 duplicate timestamps
2025-04-14 05:02:22,811 - WARNING - Found 13 time reversals
/mmfs1/home/sww35/testWatchAcc/LightHART/utils/accelerometer_processor.py:44: UserWarning: Could not infer format, so each element will be parsed individually, falling back to `dateutil`. To ensure parsing is consistent and as-expected, please specify a format.
  timestamps = pd.to_datetime(data.iloc[:, 0], errors='coerce')
2025-04-14 05:02:22,833 - WARNING - Found 182 invalid timestamps at rows [  0 366 367 368 369]...
2025-04-14 05:02:22,835 - ERROR - Error processing /mmfs1/home/sww35/testWatchAcc/LightHART/data/smartfallmm/young/accelerometer/watch/S33A07T02.csv: 0
2025-04-14 05:02:22,847 - ERROR - Error processing /mmfs1/home/sww35/testWatchAcc/LightHART/data/smartfallmm/young/accelerometer/watch/S33A07T02.csv: 0
/mmfs1/home/sww35/testWatchAcc/LightHART/utils/accelerometer_processor.py:44: UserWarning: Could not infer format, so each element will be parsed individually, falling back to `dateutil`. To ensure parsing is consistent and as-expected, please specify a format.
  timestamps = pd.to_datetime(data.iloc[:, 0], errors='coerce')
2025-04-14 05:02:22,862 - WARNING - Found 170 invalid timestamps at rows [  0 341 342 343 344]...
2025-04-14 05:02:22,864 - ERROR - Error processing /mmfs1/home/sww35/testWatchAcc/LightHART/data/smartfallmm/young/accelerometer/watch/S33A02T01.csv: 0
2025-04-14 05:02:22,877 - ERROR - Error processing /mmfs1/home/sww35/testWatchAcc/LightHART/data/smartfallmm/young/accelerometer/watch/S33A02T01.csv: 0
2025-04-14 05:02:22,906 - INFO - Fixed 430 duplicate timestamps
2025-04-14 05:02:22,919 - WARNING - Found 98 time reversals
2025-04-14 05:02:22,933 - INFO - Fixed 47 duplicate timestamps
2025-04-14 05:02:22,940 - WARNING - Found 16 time reversals
2025-04-14 05:02:22,965 - INFO - Fixed 471 duplicate timestamps
2025-04-14 05:02:22,975 - WARNING - Found 97 time reversals
/mmfs1/home/sww35/testWatchAcc/LightHART/utils/accelerometer_processor.py:44: UserWarning: Could not infer format, so each element will be parsed individually, falling back to `dateutil`. To ensure parsing is consistent and as-expected, please specify a format.
  timestamps = pd.to_datetime(data.iloc[:, 0], errors='coerce')
2025-04-14 05:02:23,009 - WARNING - Found 491 invalid timestamps at rows [0 1 2 3 4]...
2025-04-14 05:02:23,009 - ERROR - Error processing /mmfs1/home/sww35/testWatchAcc/LightHART/data/smartfallmm/young/accelerometer/watch/S33A07T12.csv: Insufficient valid data rows after cleaning: 0
2025-04-14 05:02:23,009 - ERROR - Error processing /mmfs1/home/sww35/testWatchAcc/LightHART/data/smartfallmm/young/accelerometer/watch/S33A07T12.csv: Insufficient valid data rows after cleaning: 0
2025-04-14 05:02:23,032 - INFO - Fixed 468 duplicate timestamps
2025-04-14 05:02:23,043 - WARNING - Found 79 time reversals
2025-04-14 05:02:23,056 - INFO - Fixed 44 duplicate timestamps
2025-04-14 05:02:23,062 - WARNING - Found 16 time reversals
/mmfs1/home/sww35/testWatchAcc/LightHART/utils/accelerometer_processor.py:44: UserWarning: Could not infer format, so each element will be parsed individually, falling back to `dateutil`. To ensure parsing is consistent and as-expected, please specify a format.
  timestamps = pd.to_datetime(data.iloc[:, 0], errors='coerce')
2025-04-14 05:02:23,093 - WARNING - Found 309 invalid timestamps at rows [0 1 2 3 4]...
2025-04-14 05:02:23,093 - ERROR - Error processing /mmfs1/home/sww35/testWatchAcc/LightHART/data/smartfallmm/young/accelerometer/watch/S33A01T04.csv: Insufficient valid data rows after cleaning: 0
2025-04-14 05:02:23,093 - ERROR - Error processing /mmfs1/home/sww35/testWatchAcc/LightHART/data/smartfallmm/young/accelerometer/watch/S33A01T04.csv: Insufficient valid data rows after cleaning: 0
/mmfs1/home/sww35/testWatchAcc/LightHART/utils/accelerometer_processor.py:44: UserWarning: Could not infer format, so each element will be parsed individually, falling back to `dateutil`. To ensure parsing is consistent and as-expected, please specify a format.
  timestamps = pd.to_datetime(data.iloc[:, 0], errors='coerce')
2025-04-14 05:02:23,128 - WARNING - Found 486 invalid timestamps at rows [0 1 2 3 4]...
2025-04-14 05:02:23,128 - ERROR - Error processing /mmfs1/home/sww35/testWatchAcc/LightHART/data/smartfallmm/young/accelerometer/watch/S33A02T07.csv: Insufficient valid data rows after cleaning: 0
2025-04-14 05:02:23,128 - ERROR - Error processing /mmfs1/home/sww35/testWatchAcc/LightHART/data/smartfallmm/young/accelerometer/watch/S33A02T07.csv: Insufficient valid data rows after cleaning: 0
/mmfs1/home/sww35/testWatchAcc/LightHART/utils/accelerometer_processor.py:44: UserWarning: Could not infer format, so each element will be parsed individually, falling back to `dateutil`. To ensure parsing is consistent and as-expected, please specify a format.
  timestamps = pd.to_datetime(data.iloc[:, 0], errors='coerce')
2025-04-14 05:02:23,161 - WARNING - Found 448 invalid timestamps at rows [0 1 2 3 4]...
2025-04-14 05:02:23,162 - ERROR - Error processing /mmfs1/home/sww35/testWatchAcc/LightHART/data/smartfallmm/young/accelerometer/watch/S33A10T05.csv: Insufficient valid data rows after cleaning: 0
2025-04-14 05:02:23,162 - ERROR - Error processing /mmfs1/home/sww35/testWatchAcc/LightHART/data/smartfallmm/young/accelerometer/watch/S33A10T05.csv: Insufficient valid data rows after cleaning: 0
2025-04-14 05:02:23,174 - INFO - Fixed 91 duplicate timestamps
2025-04-14 05:02:23,179 - WARNING - Found 35 time reversals
2025-04-14 05:02:23,228 - INFO - Fixed 786 duplicate timestamps
2025-04-14 05:02:23,246 - WARNING - Found 284 time reversals
2025-04-14 05:02:23,251 - INFO - Fixed 2 duplicate timestamps
2025-04-14 05:02:23,256 - INFO - Fixed 1 duplicate timestamps
2025-04-14 05:02:23,275 - INFO - Fixed 13 duplicate timestamps
2025-04-14 05:02:23,293 - INFO - Fixed 31 duplicate timestamps
2025-04-14 05:02:23,298 - WARNING - Found 10 time reversals
2025-04-14 05:02:23,305 - INFO - Fixed 7 duplicate timestamps
2025-04-14 05:02:23,306 - WARNING - Found 1 time reversals
/mmfs1/home/sww35/testWatchAcc/LightHART/utils/accelerometer_processor.py:44: UserWarning: Could not infer format, so each element will be parsed individually, falling back to `dateutil`. To ensure parsing is consistent and as-expected, please specify a format.
  timestamps = pd.to_datetime(data.iloc[:, 0], errors='coerce')
2025-04-14 05:02:23,328 - WARNING - Found 259 invalid timestamps at rows [0 1 2 3 4]...
2025-04-14 05:02:23,328 - ERROR - Error processing /mmfs1/home/sww35/testWatchAcc/LightHART/data/smartfallmm/young/accelerometer/watch/S33A03T09.csv: Insufficient valid data rows after cleaning: 0
2025-04-14 05:02:23,328 - ERROR - Error processing /mmfs1/home/sww35/testWatchAcc/LightHART/data/smartfallmm/young/accelerometer/watch/S33A03T09.csv: Insufficient valid data rows after cleaning: 0
2025-04-14 05:02:23,339 - INFO - Fixed 5 duplicate timestamps
2025-04-14 05:02:23,356 - INFO - Fixed 68 duplicate timestamps
2025-04-14 05:02:23,362 - WARNING - Found 28 time reversals
2025-04-14 05:02:23,395 - INFO - Fixed 547 duplicate timestamps
2025-04-14 05:02:23,409 - WARNING - Found 139 time reversals
2025-04-14 05:02:23,416 - INFO - Fixed 37 duplicate timestamps
2025-04-14 05:02:23,418 - WARNING - Found 7 time reversals
2025-04-14 05:02:23,426 - INFO - Fixed 73 duplicate timestamps
/mmfs1/home/sww35/testWatchAcc/LightHART/utils/accelerometer_processor.py:44: UserWarning: Could not infer format, so each element will be parsed individually, falling back to `dateutil`. To ensure parsing is consistent and as-expected, please specify a format.
  timestamps = pd.to_datetime(data.iloc[:, 0], errors='coerce')
2025-04-14 05:02:23,431 - WARNING - Found 1 invalid timestamps at rows [0]...
2025-04-14 05:02:23,432 - ERROR - Error processing /mmfs1/home/sww35/testWatchAcc/LightHART/data/smartfallmm/young/accelerometer/watch/S33A10T01.csv: 0
2025-04-14 05:02:23,432 - ERROR - Error processing /mmfs1/home/sww35/testWatchAcc/LightHART/data/smartfallmm/young/accelerometer/watch/S33A10T01.csv: 0
2025-04-14 05:02:23,437 - INFO - Fixed 55 duplicate timestamps
2025-04-14 05:02:23,438 - WARNING - Found 16 time reversals
/mmfs1/home/sww35/testWatchAcc/LightHART/utils/accelerometer_processor.py:44: UserWarning: Could not infer format, so each element will be parsed individually, falling back to `dateutil`. To ensure parsing is consistent and as-expected, please specify a format.
  timestamps = pd.to_datetime(data.iloc[:, 0], errors='coerce')
2025-04-14 05:02:23,443 - WARNING - Found 1 invalid timestamps at rows [0]...
2025-04-14 05:02:23,444 - ERROR - Error processing /mmfs1/home/sww35/testWatchAcc/LightHART/data/smartfallmm/young/accelerometer/watch/S33A03T03.csv: 0
2025-04-14 05:02:23,444 - ERROR - Error processing /mmfs1/home/sww35/testWatchAcc/LightHART/data/smartfallmm/young/accelerometer/watch/S33A03T03.csv: 0
2025-04-14 05:02:23,473 - INFO - Fixed 447 duplicate timestamps
2025-04-14 05:02:23,484 - WARNING - Found 180 time reversals
2025-04-14 05:02:23,490 - INFO - Fixed 3 duplicate timestamps
2025-04-14 05:02:23,502 - INFO - Fixed 70 duplicate timestamps
2025-04-14 05:02:23,505 - WARNING - Found 7 time reversals
2025-04-14 05:02:23,517 - INFO - Fixed 68 duplicate timestamps
2025-04-14 05:02:23,523 - WARNING - Found 28 time reversals
2025-04-14 05:02:23,529 - INFO - Fixed 50 duplicate timestamps
2025-04-14 05:02:23,530 - WARNING - Found 13 time reversals
2025-04-14 05:02:23,538 - INFO - Fixed 1 duplicate timestamps
2025-04-14 05:02:23,546 - INFO - Fixed 56 duplicate timestamps
2025-04-14 05:02:23,548 - WARNING - Found 14 time reversals
2025-04-14 05:02:23,554 - INFO - Fixed 17 duplicate timestamps
2025-04-14 05:02:23,557 - WARNING - Found 5 time reversals
/mmfs1/home/sww35/testWatchAcc/LightHART/utils/accelerometer_processor.py:44: UserWarning: Could not infer format, so each element will be parsed individually, falling back to `dateutil`. To ensure parsing is consistent and as-expected, please specify a format.
  timestamps = pd.to_datetime(data.iloc[:, 0], errors='coerce')
2025-04-14 05:02:23,583 - WARNING - Found 407 invalid timestamps at rows [0 1 2 3 4]...
2025-04-14 05:02:23,584 - ERROR - Error processing /mmfs1/home/sww35/testWatchAcc/LightHART/data/smartfallmm/young/accelerometer/watch/S33A13T10.csv: Insufficient valid data rows after cleaning: 0
2025-04-14 05:02:23,584 - ERROR - Error processing /mmfs1/home/sww35/testWatchAcc/LightHART/data/smartfallmm/young/accelerometer/watch/S33A13T10.csv: Insufficient valid data rows after cleaning: 0
2025-04-14 05:02:23,589 - INFO - Fixed 16 duplicate timestamps
2025-04-14 05:02:23,605 - INFO - Fixed 164 duplicate timestamps
2025-04-14 05:02:23,609 - WARNING - Found 68 time reversals
/mmfs1/home/sww35/testWatchAcc/LightHART/utils/accelerometer_processor.py:44: UserWarning: Could not infer format, so each element will be parsed individually, falling back to `dateutil`. To ensure parsing is consistent and as-expected, please specify a format.
  timestamps = pd.to_datetime(data.iloc[:, 0], errors='coerce')
2025-04-14 05:02:23,640 - WARNING - Found 382 invalid timestamps at rows [0 1 2 3 4]...
2025-04-14 05:02:23,640 - ERROR - Error processing /mmfs1/home/sww35/testWatchAcc/LightHART/data/smartfallmm/young/accelerometer/watch/S33A09T06.csv: Insufficient valid data rows after cleaning: 0
2025-04-14 05:02:23,640 - ERROR - Error processing /mmfs1/home/sww35/testWatchAcc/LightHART/data/smartfallmm/young/accelerometer/watch/S33A09T06.csv: Insufficient valid data rows after cleaning: 0
2025-04-14 05:02:23,649 - INFO - Fixed 91 duplicate timestamps
2025-04-14 05:02:23,652 - WARNING - Found 30 time reversals
/mmfs1/home/sww35/testWatchAcc/LightHART/utils/accelerometer_processor.py:44: UserWarning: Could not infer format, so each element will be parsed individually, falling back to `dateutil`. To ensure parsing is consistent and as-expected, please specify a format.
  timestamps = pd.to_datetime(data.iloc[:, 0], errors='coerce')
2025-04-14 05:02:23,691 - WARNING - Found 649 invalid timestamps at rows [0 1 2 3 4]...
2025-04-14 05:02:23,691 - ERROR - Error processing /mmfs1/home/sww35/testWatchAcc/LightHART/data/smartfallmm/young/accelerometer/watch/S33A14T07.csv: Insufficient valid data rows after cleaning: 0
2025-04-14 05:02:23,691 - ERROR - Error processing /mmfs1/home/sww35/testWatchAcc/LightHART/data/smartfallmm/young/accelerometer/watch/S33A14T07.csv: Insufficient valid data rows after cleaning: 0
2025-04-14 05:02:23,698 - INFO - Fixed 44 duplicate timestamps
2025-04-14 05:02:23,701 - WARNING - Found 12 time reversals
2025-04-14 05:02:23,728 - INFO - Fixed 410 duplicate timestamps
2025-04-14 05:02:23,737 - WARNING - Found 162 time reversals
2025-04-14 05:02:23,759 - INFO - Fixed 396 duplicate timestamps
2025-04-14 05:02:23,768 - WARNING - Found 66 time reversals
2025-04-14 05:02:23,774 - INFO - Fixed 2 duplicate timestamps
2025-04-14 05:02:23,782 - INFO - Fixed 54 duplicate timestamps
2025-04-14 05:02:23,785 - WARNING - Found 16 time reversals
2025-04-14 05:02:23,788 - INFO - Fixed 1 duplicate timestamps
2025-04-14 05:02:23,793 - INFO - Fixed 3 duplicate timestamps
2025-04-14 05:02:23,838 - INFO - Fixed 772 duplicate timestamps
2025-04-14 05:02:23,853 - WARNING - Found 387 time reversals
/mmfs1/home/sww35/testWatchAcc/LightHART/utils/accelerometer_processor.py:44: UserWarning: Could not infer format, so each element will be parsed individually, falling back to `dateutil`. To ensure parsing is consistent and as-expected, please specify a format.
  timestamps = pd.to_datetime(data.iloc[:, 0], errors='coerce')
2025-04-14 05:02:23,879 - WARNING - Found 328 invalid timestamps at rows [0 1 2 3 4]...
2025-04-14 05:02:23,879 - ERROR - Error processing /mmfs1/home/sww35/testWatchAcc/LightHART/data/smartfallmm/young/accelerometer/watch/S33A08T05.csv: Insufficient valid data rows after cleaning: 0
2025-04-14 05:02:23,879 - ERROR - Error processing /mmfs1/home/sww35/testWatchAcc/LightHART/data/smartfallmm/young/accelerometer/watch/S33A08T05.csv: Insufficient valid data rows after cleaning: 0
2025-04-14 05:02:23,896 - INFO - Fixed 93 duplicate timestamps
2025-04-14 05:02:23,916 - WARNING - Found 29 time reversals
2025-04-14 05:02:23,926 - INFO - Fixed 4 duplicate timestamps
/mmfs1/home/sww35/testWatchAcc/LightHART/utils/accelerometer_processor.py:44: UserWarning: Could not infer format, so each element will be parsed individually, falling back to `dateutil`. To ensure parsing is consistent and as-expected, please specify a format.
  timestamps = pd.to_datetime(data.iloc[:, 0], errors='coerce')
2025-04-14 05:02:23,984 - WARNING - Found 681 invalid timestamps at rows [0 1 2 3 4]...
2025-04-14 05:02:23,986 - ERROR - Error processing /mmfs1/home/sww35/testWatchAcc/LightHART/data/smartfallmm/young/accelerometer/watch/S33A09T08.csv: Insufficient valid data rows after cleaning: 0
2025-04-14 05:02:23,986 - ERROR - Error processing /mmfs1/home/sww35/testWatchAcc/LightHART/data/smartfallmm/young/accelerometer/watch/S33A09T08.csv: Insufficient valid data rows after cleaning: 0
2025-04-14 05:02:23,992 - INFO - Fixed 64 duplicate timestamps
2025-04-14 05:02:23,994 - WARNING - Found 26 time reversals
2025-04-14 05:02:24,000 - INFO - Fixed 8 duplicate timestamps
2025-04-14 05:02:24,002 - WARNING - Found 1 time reversals
/mmfs1/home/sww35/testWatchAcc/LightHART/utils/accelerometer_processor.py:44: UserWarning: Could not infer format, so each element will be parsed individually, falling back to `dateutil`. To ensure parsing is consistent and as-expected, please specify a format.
  timestamps = pd.to_datetime(data.iloc[:, 0], errors='coerce')
2025-04-14 05:02:24,037 - WARNING - Found 468 invalid timestamps at rows [0 1 2 3 4]...
2025-04-14 05:02:24,037 - ERROR - Error processing /mmfs1/home/sww35/testWatchAcc/LightHART/data/smartfallmm/young/accelerometer/watch/S33A05T05.csv: Insufficient valid data rows after cleaning: 0
2025-04-14 05:02:24,037 - ERROR - Error processing /mmfs1/home/sww35/testWatchAcc/LightHART/data/smartfallmm/young/accelerometer/watch/S33A05T05.csv: Insufficient valid data rows after cleaning: 0
2025-04-14 05:02:24,042 - INFO - Fixed 33 duplicate timestamps
2025-04-14 05:02:24,049 - INFO - Fixed 10 duplicate timestamps
2025-04-14 05:02:24,051 - WARNING - Found 1 time reversals
/mmfs1/home/sww35/testWatchAcc/LightHART/utils/accelerometer_processor.py:44: UserWarning: Could not infer format, so each element will be parsed individually, falling back to `dateutil`. To ensure parsing is consistent and as-expected, please specify a format.
  timestamps = pd.to_datetime(data.iloc[:, 0], errors='coerce')
2025-04-14 05:02:24,081 - WARNING - Found 508 invalid timestamps at rows [0 1 2 3 4]...
2025-04-14 05:02:24,081 - ERROR - Error processing /mmfs1/home/sww35/testWatchAcc/LightHART/data/smartfallmm/young/accelerometer/watch/S33A02T10.csv: Insufficient valid data rows after cleaning: 0
2025-04-14 05:02:24,081 - ERROR - Error processing /mmfs1/home/sww35/testWatchAcc/LightHART/data/smartfallmm/young/accelerometer/watch/S33A02T10.csv: Insufficient valid data rows after cleaning: 0
/mmfs1/home/sww35/testWatchAcc/LightHART/utils/accelerometer_processor.py:44: UserWarning: Could not infer format, so each element will be parsed individually, falling back to `dateutil`. To ensure parsing is consistent and as-expected, please specify a format.
  timestamps = pd.to_datetime(data.iloc[:, 0], errors='coerce')
2025-04-14 05:02:24,084 - WARNING - Found 1 invalid timestamps at rows [0]...
2025-04-14 05:02:24,084 - ERROR - Error processing /mmfs1/home/sww35/testWatchAcc/LightHART/data/smartfallmm/young/accelerometer/watch/S33A09T01.csv: 0
2025-04-14 05:02:24,085 - ERROR - Error processing /mmfs1/home/sww35/testWatchAcc/LightHART/data/smartfallmm/young/accelerometer/watch/S33A09T01.csv: 0
2025-04-14 05:02:24,089 - INFO - Fixed 3 duplicate timestamps
2025-04-14 05:02:24,096 - INFO - Fixed 14 duplicate timestamps
/mmfs1/home/sww35/testWatchAcc/LightHART/utils/accelerometer_processor.py:44: UserWarning: Could not infer format, so each element will be parsed individually, falling back to `dateutil`. To ensure parsing is consistent and as-expected, please specify a format.
  timestamps = pd.to_datetime(data.iloc[:, 0], errors='coerce')
2025-04-14 05:02:24,127 - WARNING - Found 363 invalid timestamps at rows [0 1 2 3 4]...
2025-04-14 05:02:24,127 - ERROR - Error processing /mmfs1/home/sww35/testWatchAcc/LightHART/data/smartfallmm/young/accelerometer/watch/S33A05T07.csv: Insufficient valid data rows after cleaning: 0
2025-04-14 05:02:24,127 - ERROR - Error processing /mmfs1/home/sww35/testWatchAcc/LightHART/data/smartfallmm/young/accelerometer/watch/S33A05T07.csv: Insufficient valid data rows after cleaning: 0
2025-04-14 05:02:24,139 - INFO - Fixed 68 duplicate timestamps
2025-04-14 05:02:24,145 - WARNING - Found 28 time reversals
2025-04-14 05:02:24,416 - INFO - Fixed 1269 duplicate timestamps
2025-04-14 05:02:24,583 - WARNING - Found 515 time reversals
2025-04-14 05:02:24,613 - INFO - Fixed 68 duplicate timestamps
2025-04-14 05:02:24,619 - WARNING - Found 28 time reversals
2025-04-14 05:02:24,648 - INFO - Fixed 444 duplicate timestamps
2025-04-14 05:02:24,660 - WARNING - Found 149 time reversals
2025-04-14 05:02:24,689 - INFO - Fixed 567 duplicate timestamps
2025-04-14 05:02:24,804 - WARNING - Found 108 time reversals
2025-04-14 05:02:24,820 - INFO - Fixed 103 duplicate timestamps
2025-04-14 05:02:24,835 - INFO - Fixed 22 duplicate timestamps
2025-04-14 05:02:24,836 - WARNING - Found 3 time reversals
2025-04-14 05:02:24,844 - INFO - Fixed 53 duplicate timestamps
2025-04-14 05:02:24,847 - WARNING - Found 12 time reversals
/mmfs1/home/sww35/testWatchAcc/LightHART/utils/accelerometer_processor.py:44: UserWarning: Could not infer format, so each element will be parsed individually, falling back to `dateutil`. To ensure parsing is consistent and as-expected, please specify a format.
  timestamps = pd.to_datetime(data.iloc[:, 0], errors='coerce')
2025-04-14 05:02:24,881 - WARNING - Found 484 invalid timestamps at rows [0 1 2 3 4]...
2025-04-14 05:02:24,881 - ERROR - Error processing /mmfs1/home/sww35/testWatchAcc/LightHART/data/smartfallmm/young/accelerometer/watch/S33A07T10.csv: Insufficient valid data rows after cleaning: 0
2025-04-14 05:02:24,881 - ERROR - Error processing /mmfs1/home/sww35/testWatchAcc/LightHART/data/smartfallmm/young/accelerometer/watch/S33A07T10.csv: Insufficient valid data rows after cleaning: 0
/mmfs1/home/sww35/testWatchAcc/LightHART/utils/accelerometer_processor.py:44: UserWarning: Could not infer format, so each element will be parsed individually, falling back to `dateutil`. To ensure parsing is consistent and as-expected, please specify a format.
  timestamps = pd.to_datetime(data.iloc[:, 0], errors='coerce')
2025-04-14 05:02:24,911 - WARNING - Found 509 invalid timestamps at rows [0 1 2 3 4]...
2025-04-14 05:02:24,911 - ERROR - Error processing /mmfs1/home/sww35/testWatchAcc/LightHART/data/smartfallmm/young/accelerometer/watch/S33A08T08.csv: Insufficient valid data rows after cleaning: 0
2025-04-14 05:02:24,911 - ERROR - Error processing /mmfs1/home/sww35/testWatchAcc/LightHART/data/smartfallmm/young/accelerometer/watch/S33A08T08.csv: Insufficient valid data rows after cleaning: 0
/mmfs1/home/sww35/testWatchAcc/LightHART/utils/accelerometer_processor.py:44: UserWarning: Could not infer format, so each element will be parsed individually, falling back to `dateutil`. To ensure parsing is consistent and as-expected, please specify a format.
  timestamps = pd.to_datetime(data.iloc[:, 0], errors='coerce')
2025-04-14 05:02:24,914 - WARNING - Found 1 invalid timestamps at rows [0]...
2025-04-14 05:02:24,914 - ERROR - Error processing /mmfs1/home/sww35/testWatchAcc/LightHART/data/smartfallmm/young/accelerometer/watch/S33A03T04.csv: 0
2025-04-14 05:02:24,914 - ERROR - Error processing /mmfs1/home/sww35/testWatchAcc/LightHART/data/smartfallmm/young/accelerometer/watch/S33A03T04.csv: 0
2025-04-14 05:02:24,925 - INFO - Fixed 99 duplicate timestamps
2025-04-14 05:02:24,930 - WARNING - Found 31 time reversals
2025-04-14 05:02:24,934 - INFO - Fixed 1 duplicate timestamps
2025-04-14 05:02:24,948 - INFO - Fixed 56 duplicate timestamps
2025-04-14 05:02:24,995 - INFO - Fixed 630 duplicate timestamps
2025-04-14 05:02:25,013 - WARNING - Found 192 time reversals
2025-04-14 05:02:25,019 - INFO - Fixed 1 duplicate timestamps
2025-04-14 05:02:25,060 - INFO - Fixed 576 duplicate timestamps
2025-04-14 05:02:25,075 - WARNING - Found 228 time reversals
2025-04-14 05:02:25,122 - INFO - Fixed 800 duplicate timestamps
2025-04-14 05:02:25,138 - WARNING - Found 423 time reversals
2025-04-14 05:02:25,147 - INFO - Fixed 29 duplicate timestamps
2025-04-14 05:02:25,149 - WARNING - Found 10 time reversals
/mmfs1/home/sww35/testWatchAcc/LightHART/utils/accelerometer_processor.py:44: UserWarning: Could not infer format, so each element will be parsed individually, falling back to `dateutil`. To ensure parsing is consistent and as-expected, please specify a format.
  timestamps = pd.to_datetime(data.iloc[:, 0], errors='coerce')
2025-04-14 05:02:25,189 - WARNING - Found 469 invalid timestamps at rows [0 1 2 3 4]...
2025-04-14 05:02:25,190 - ERROR - Error processing /mmfs1/home/sww35/testWatchAcc/LightHART/data/smartfallmm/young/accelerometer/watch/S33A06T06.csv: Insufficient valid data rows after cleaning: 0
2025-04-14 05:02:25,190 - ERROR - Error processing /mmfs1/home/sww35/testWatchAcc/LightHART/data/smartfallmm/young/accelerometer/watch/S33A06T06.csv: Insufficient valid data rows after cleaning: 0
2025-04-14 05:02:25,199 - INFO - Fixed 19 duplicate timestamps
2025-04-14 05:02:25,204 - WARNING - Found 9 time reversals
2025-04-14 05:02:25,209 - INFO - Fixed 2 duplicate timestamps
2025-04-14 05:02:25,220 - INFO - Fixed 16 duplicate timestamps
/mmfs1/home/sww35/testWatchAcc/LightHART/utils/accelerometer_processor.py:44: UserWarning: Could not infer format, so each element will be parsed individually, falling back to `dateutil`. To ensure parsing is consistent and as-expected, please specify a format.
  timestamps = pd.to_datetime(data.iloc[:, 0], errors='coerce')
2025-04-14 05:02:25,250 - WARNING - Found 337 invalid timestamps at rows [0 1 2 3 4]...
2025-04-14 05:02:25,250 - ERROR - Error processing /mmfs1/home/sww35/testWatchAcc/LightHART/data/smartfallmm/young/accelerometer/watch/S33A03T11.csv: Insufficient valid data rows after cleaning: 0
2025-04-14 05:02:25,250 - ERROR - Error processing /mmfs1/home/sww35/testWatchAcc/LightHART/data/smartfallmm/young/accelerometer/watch/S33A03T11.csv: Insufficient valid data rows after cleaning: 0
2025-04-14 05:02:25,254 - INFO - Fixed 9 duplicate timestamps
2025-04-14 05:02:25,255 - WARNING - Found 1 time reversals
2025-04-14 05:02:25,260 - INFO - Fixed 11 duplicate timestamps
2025-04-14 05:02:25,268 - INFO - Fixed 2 duplicate timestamps
2025-04-14 05:02:25,274 - INFO - Fixed 8 duplicate timestamps
2025-04-14 05:02:25,288 - INFO - Fixed 68 duplicate timestamps
2025-04-14 05:02:25,294 - WARNING - Found 28 time reversals
2025-04-14 05:02:25,298 - INFO - Fixed 8 duplicate timestamps
2025-04-14 05:02:25,300 - WARNING - Found 1 time reversals
2025-04-14 05:02:25,305 - INFO - Fixed 4 duplicate timestamps
2025-04-14 05:02:25,319 - INFO - Fixed 99 duplicate timestamps
2025-04-14 05:02:25,336 - INFO - Fixed 55 duplicate timestamps
2025-04-14 05:02:25,338 - WARNING - Found 29 time reversals
/mmfs1/home/sww35/testWatchAcc/LightHART/utils/accelerometer_processor.py:44: UserWarning: Could not infer format, so each element will be parsed individually, falling back to `dateutil`. To ensure parsing is consistent and as-expected, please specify a format.
  timestamps = pd.to_datetime(data.iloc[:, 0], errors='coerce')
2025-04-14 05:02:25,375 - WARNING - Found 479 invalid timestamps at rows [0 1 2 3 4]...
2025-04-14 05:02:25,375 - ERROR - Error processing /mmfs1/home/sww35/testWatchAcc/LightHART/data/smartfallmm/young/accelerometer/watch/S33A13T11.csv: Insufficient valid data rows after cleaning: 0
2025-04-14 05:02:25,375 - ERROR - Error processing /mmfs1/home/sww35/testWatchAcc/LightHART/data/smartfallmm/young/accelerometer/watch/S33A13T11.csv: Insufficient valid data rows after cleaning: 0
2025-04-14 05:02:25,402 - INFO - Fixed 359 duplicate timestamps
2025-04-14 05:02:25,413 - WARNING - Found 123 time reversals
/mmfs1/home/sww35/testWatchAcc/LightHART/utils/accelerometer_processor.py:44: UserWarning: Could not infer format, so each element will be parsed individually, falling back to `dateutil`. To ensure parsing is consistent and as-expected, please specify a format.
  timestamps = pd.to_datetime(data.iloc[:, 0], errors='coerce')
2025-04-14 05:02:25,416 - WARNING - Found 28 invalid timestamps at rows [  0 454 455 456 457]...
2025-04-14 05:02:25,417 - ERROR - Error processing /mmfs1/home/sww35/testWatchAcc/LightHART/data/smartfallmm/young/accelerometer/watch/S33A14T03.csv: 0
2025-04-14 05:02:25,417 - ERROR - Error processing /mmfs1/home/sww35/testWatchAcc/LightHART/data/smartfallmm/young/accelerometer/watch/S33A14T03.csv: 0
2025-04-14 05:02:25,420 - INFO - Fixed 6 duplicate timestamps
2025-04-14 05:02:25,426 - INFO - Fixed 2 duplicate timestamps
/mmfs1/home/sww35/testWatchAcc/LightHART/utils/accelerometer_processor.py:44: UserWarning: Could not infer format, so each element will be parsed individually, falling back to `dateutil`. To ensure parsing is consistent and as-expected, please specify a format.
  timestamps = pd.to_datetime(data.iloc[:, 0], errors='coerce')
2025-04-14 05:02:25,429 - WARNING - Found 124 invalid timestamps at rows [  0 371 372 373 374]...
2025-04-14 05:02:25,430 - ERROR - Error processing /mmfs1/home/sww35/testWatchAcc/LightHART/data/smartfallmm/young/accelerometer/watch/S33A06T05.csv: 0
2025-04-14 05:02:25,430 - ERROR - Error processing /mmfs1/home/sww35/testWatchAcc/LightHART/data/smartfallmm/young/accelerometer/watch/S33A06T05.csv: 0
/mmfs1/home/sww35/testWatchAcc/LightHART/utils/accelerometer_processor.py:44: UserWarning: Could not infer format, so each element will be parsed individually, falling back to `dateutil`. To ensure parsing is consistent and as-expected, please specify a format.
  timestamps = pd.to_datetime(data.iloc[:, 0], errors='coerce')
2025-04-14 05:02:25,432 - WARNING - Found 1 invalid timestamps at rows [0]...
2025-04-14 05:02:25,432 - ERROR - Error processing /mmfs1/home/sww35/testWatchAcc/LightHART/data/smartfallmm/young/accelerometer/watch/S33A12T01.csv: 0
2025-04-14 05:02:25,432 - ERROR - Error processing /mmfs1/home/sww35/testWatchAcc/LightHART/data/smartfallmm/young/accelerometer/watch/S33A12T01.csv: 0
2025-04-14 05:02:25,436 - INFO - Fixed 10 duplicate timestamps
2025-04-14 05:02:25,438 - WARNING - Found 1 time reversals
2025-04-14 05:02:25,448 - INFO - Fixed 51 duplicate timestamps
/mmfs1/home/sww35/testWatchAcc/LightHART/utils/accelerometer_processor.py:44: UserWarning: Could not infer format, so each element will be parsed individually, falling back to `dateutil`. To ensure parsing is consistent and as-expected, please specify a format.
  timestamps = pd.to_datetime(data.iloc[:, 0], errors='coerce')
2025-04-14 05:02:25,482 - WARNING - Found 373 invalid timestamps at rows [0 1 2 3 4]...
2025-04-14 05:02:25,482 - ERROR - Error processing /mmfs1/home/sww35/testWatchAcc/LightHART/data/smartfallmm/young/accelerometer/watch/S33A09T05.csv: Insufficient valid data rows after cleaning: 0
2025-04-14 05:02:25,482 - ERROR - Error processing /mmfs1/home/sww35/testWatchAcc/LightHART/data/smartfallmm/young/accelerometer/watch/S33A09T05.csv: Insufficient valid data rows after cleaning: 0
2025-04-14 05:02:25,487 - INFO - Fixed 18 duplicate timestamps
/mmfs1/home/sww35/testWatchAcc/LightHART/utils/accelerometer_processor.py:44: UserWarning: Could not infer format, so each element will be parsed individually, falling back to `dateutil`. To ensure parsing is consistent and as-expected, please specify a format.
  timestamps = pd.to_datetime(data.iloc[:, 0], errors='coerce')
2025-04-14 05:02:25,492 - WARNING - Found 171 invalid timestamps at rows [  0 341 342 343 344]...
2025-04-14 05:02:25,492 - ERROR - Error processing /mmfs1/home/sww35/testWatchAcc/LightHART/data/smartfallmm/young/accelerometer/watch/S33A02T03.csv: 0
2025-04-14 05:02:25,492 - ERROR - Error processing /mmfs1/home/sww35/testWatchAcc/LightHART/data/smartfallmm/young/accelerometer/watch/S33A02T03.csv: 0
2025-04-14 05:02:25,518 - INFO - Fixed 472 duplicate timestamps
2025-04-14 05:02:25,529 - WARNING - Found 168 time reversals
2025-04-14 05:02:25,559 - INFO - Fixed 532 duplicate timestamps
2025-04-14 05:02:25,572 - WARNING - Found 126 time reversals
/mmfs1/home/sww35/testWatchAcc/LightHART/utils/accelerometer_processor.py:44: UserWarning: Could not infer format, so each element will be parsed individually, falling back to `dateutil`. To ensure parsing is consistent and as-expected, please specify a format.
  timestamps = pd.to_datetime(data.iloc[:, 0], errors='coerce')
2025-04-14 05:02:25,575 - WARNING - Found 1 invalid timestamps at rows [0]...
2025-04-14 05:02:25,576 - ERROR - Error processing /mmfs1/home/sww35/testWatchAcc/LightHART/data/smartfallmm/young/accelerometer/watch/S33A12T02.csv: 0
2025-04-14 05:02:25,576 - ERROR - Error processing /mmfs1/home/sww35/testWatchAcc/LightHART/data/smartfallmm/young/accelerometer/watch/S33A12T02.csv: 0
2025-04-14 05:02:25,580 - INFO - Fixed 1 duplicate timestamps
2025-04-14 05:02:25,587 - INFO - Fixed 34 duplicate timestamps
2025-04-14 05:02:25,603 - INFO - Fixed 44 duplicate timestamps
2025-04-14 05:02:25,611 - WARNING - Found 14 time reversals
2025-04-14 05:02:25,645 - INFO - Fixed 463 duplicate timestamps
2025-04-14 05:02:25,655 - WARNING - Found 170 time reversals
2025-04-14 05:02:25,664 - INFO - Fixed 10 duplicate timestamps
2025-04-14 05:02:25,666 - WARNING - Found 1 time reversals
2025-04-14 05:02:25,680 - INFO - Fixed 41 duplicate timestamps
2025-04-14 05:02:25,687 - WARNING - Found 17 time reversals
2025-04-14 05:02:25,693 - INFO - Fixed 9 duplicate timestamps
2025-04-14 05:02:25,701 - INFO - Fixed 30 duplicate timestamps
2025-04-14 05:02:25,735 - INFO - Fixed 454 duplicate timestamps
2025-04-14 05:02:25,747 - WARNING - Found 180 time reversals
2025-04-14 05:02:25,760 - INFO - Fixed 20 duplicate timestamps
2025-04-14 05:02:25,772 - INFO - Fixed 3 duplicate timestamps
2025-04-14 05:02:25,779 - INFO - Fixed 5 duplicate timestamps
2025-04-14 05:02:25,799 - INFO - Fixed 25 duplicate timestamps
2025-04-14 05:02:25,806 - WARNING - Found 8 time reversals
2025-04-14 05:02:25,812 - INFO - Fixed 13 duplicate timestamps
2025-04-14 05:02:25,821 - INFO - Fixed 1 duplicate timestamps
2025-04-14 05:02:25,827 - INFO - Fixed 8 duplicate timestamps
2025-04-14 05:02:25,828 - WARNING - Found 1 time reversals
2025-04-14 05:02:25,864 - INFO - Fixed 558 duplicate timestamps
2025-04-14 05:02:25,877 - WARNING - Found 206 time reversals
2025-04-14 05:02:25,890 - INFO - Fixed 68 duplicate timestamps
2025-04-14 05:02:25,896 - WARNING - Found 28 time reversals
2025-04-14 05:02:25,903 - INFO - Fixed 23 duplicate timestamps
2025-04-14 05:02:25,944 - INFO - Fixed 600 duplicate timestamps
2025-04-14 05:02:25,959 - WARNING - Found 225 time reversals
2025-04-14 05:02:25,966 - INFO - Fixed 33 duplicate timestamps
2025-04-14 05:02:25,969 - WARNING - Found 17 time reversals
2025-04-14 05:02:25,976 - INFO - Fixed 28 duplicate timestamps
2025-04-14 05:02:25,997 - INFO - Fixed 5 duplicate timestamps
2025-04-14 05:02:26,008 - INFO - Fixed 9 duplicate timestamps
2025-04-14 05:02:26,023 - INFO - Fixed 13 duplicate timestamps
2025-04-14 05:02:26,034 - INFO - Fixed 62 duplicate timestamps
2025-04-14 05:02:26,037 - WARNING - Found 22 time reversals
/mmfs1/home/sww35/testWatchAcc/LightHART/utils/accelerometer_processor.py:44: UserWarning: Could not infer format, so each element will be parsed individually, falling back to `dateutil`. To ensure parsing is consistent and as-expected, please specify a format.
  timestamps = pd.to_datetime(data.iloc[:, 0], errors='coerce')
2025-04-14 05:02:26,039 - WARNING - Found 1 invalid timestamps at rows [0]...
2025-04-14 05:02:26,040 - ERROR - Error processing /mmfs1/home/sww35/testWatchAcc/LightHART/data/smartfallmm/young/accelerometer/watch/S33A06T03.csv: 0
2025-04-14 05:02:26,040 - ERROR - Error processing /mmfs1/home/sww35/testWatchAcc/LightHART/data/smartfallmm/young/accelerometer/watch/S33A06T03.csv: 0
/mmfs1/home/sww35/testWatchAcc/LightHART/utils/accelerometer_processor.py:44: UserWarning: Could not infer format, so each element will be parsed individually, falling back to `dateutil`. To ensure parsing is consistent and as-expected, please specify a format.
  timestamps = pd.to_datetime(data.iloc[:, 0], errors='coerce')
2025-04-14 05:02:26,042 - WARNING - Found 30 invalid timestamps at rows [  0 451 452 453 454]...
2025-04-14 05:02:26,043 - ERROR - Error processing /mmfs1/home/sww35/testWatchAcc/LightHART/data/smartfallmm/young/accelerometer/watch/S33A03T05.csv: 0
2025-04-14 05:02:26,043 - ERROR - Error processing /mmfs1/home/sww35/testWatchAcc/LightHART/data/smartfallmm/young/accelerometer/watch/S33A03T05.csv: 0
2025-04-14 05:02:26,090 - INFO - Fixed 887 duplicate timestamps
2025-04-14 05:02:26,109 - WARNING - Found 351 time reversals
2025-04-14 05:02:26,117 - INFO - Fixed 27 duplicate timestamps
/mmfs1/home/sww35/testWatchAcc/LightHART/utils/accelerometer_processor.py:44: UserWarning: Could not infer format, so each element will be parsed individually, falling back to `dateutil`. To ensure parsing is consistent and as-expected, please specify a format.
  timestamps = pd.to_datetime(data.iloc[:, 0], errors='coerce')
2025-04-14 05:02:26,154 - WARNING - Found 486 invalid timestamps at rows [0 1 2 3 4]...
2025-04-14 05:02:26,154 - ERROR - Error processing /mmfs1/home/sww35/testWatchAcc/LightHART/data/smartfallmm/young/accelerometer/watch/S33A11T02.csv: Insufficient valid data rows after cleaning: 0
2025-04-14 05:02:26,154 - ERROR - Error processing /mmfs1/home/sww35/testWatchAcc/LightHART/data/smartfallmm/young/accelerometer/watch/S33A11T02.csv: Insufficient valid data rows after cleaning: 0
2025-04-14 05:02:26,229 - INFO - Fixed 1512 duplicate timestamps
2025-04-14 05:02:26,253 - WARNING - Found 535 time reversals
2025-04-14 05:02:26,259 - INFO - Fixed 7 duplicate timestamps
2025-04-14 05:02:26,265 - INFO - Fixed 2 duplicate timestamps
2025-04-14 05:02:26,272 - INFO - Fixed 6 duplicate timestamps
/mmfs1/home/sww35/testWatchAcc/LightHART/utils/accelerometer_processor.py:44: UserWarning: Could not infer format, so each element will be parsed individually, falling back to `dateutil`. To ensure parsing is consistent and as-expected, please specify a format.
  timestamps = pd.to_datetime(data.iloc[:, 0], errors='coerce')
2025-04-14 05:02:26,304 - WARNING - Found 509 invalid timestamps at rows [0 1 2 3 4]...
2025-04-14 05:02:26,305 - ERROR - Error processing /mmfs1/home/sww35/testWatchAcc/LightHART/data/smartfallmm/young/accelerometer/watch/S33A08T09.csv: Insufficient valid data rows after cleaning: 0
2025-04-14 05:02:26,305 - ERROR - Error processing /mmfs1/home/sww35/testWatchAcc/LightHART/data/smartfallmm/young/accelerometer/watch/S33A08T09.csv: Insufficient valid data rows after cleaning: 0
/mmfs1/home/sww35/testWatchAcc/LightHART/utils/accelerometer_processor.py:44: UserWarning: Could not infer format, so each element will be parsed individually, falling back to `dateutil`. To ensure parsing is consistent and as-expected, please specify a format.
  timestamps = pd.to_datetime(data.iloc[:, 0], errors='coerce')
2025-04-14 05:02:26,314 - WARNING - Found 97 invalid timestamps at rows [0 1 2 3 4]...
2025-04-14 05:02:26,314 - ERROR - Error processing /mmfs1/home/sww35/testWatchAcc/LightHART/data/smartfallmm/young/accelerometer/watch/S33A05T06.csv: Insufficient valid data rows after cleaning: 0
2025-04-14 05:02:26,314 - ERROR - Error processing /mmfs1/home/sww35/testWatchAcc/LightHART/data/smartfallmm/young/accelerometer/watch/S33A05T06.csv: Insufficient valid data rows after cleaning: 0
/mmfs1/home/sww35/testWatchAcc/LightHART/utils/accelerometer_processor.py:44: UserWarning: Could not infer format, so each element will be parsed individually, falling back to `dateutil`. To ensure parsing is consistent and as-expected, please specify a format.
  timestamps = pd.to_datetime(data.iloc[:, 0], errors='coerce')
2025-04-14 05:02:26,316 - WARNING - Found 107 invalid timestamps at rows [  0 383 384 385 386]...
2025-04-14 05:02:26,317 - ERROR - Error processing /mmfs1/home/sww35/testWatchAcc/LightHART/data/smartfallmm/young/accelerometer/watch/S33A05T02.csv: 0
2025-04-14 05:02:26,317 - ERROR - Error processing /mmfs1/home/sww35/testWatchAcc/LightHART/data/smartfallmm/young/accelerometer/watch/S33A05T02.csv: 0
2025-04-14 05:02:26,359 - INFO - Fixed 747 duplicate timestamps
2025-04-14 05:02:26,373 - WARNING - Found 371 time reversals
2025-04-14 05:02:26,379 - INFO - Fixed 10 duplicate timestamps
2025-04-14 05:02:26,387 - INFO - Fixed 9 duplicate timestamps
2025-04-14 05:02:26,390 - WARNING - Found 1 time reversals
2025-04-14 05:02:26,398 - INFO - Fixed 1 duplicate timestamps
2025-04-14 05:02:26,403 - INFO - Fixed 6 duplicate timestamps
2025-04-14 05:02:26,405 - WARNING - Found 1 time reversals
2025-04-14 05:02:26,409 - INFO - Fixed 2 duplicate timestamps
2025-04-14 05:02:26,424 - INFO - Fixed 36 duplicate timestamps
2025-04-14 05:02:26,431 - WARNING - Found 12 time reversals
2025-04-14 05:02:26,443 - INFO - Fixed 60 duplicate timestamps
2025-04-14 05:02:26,448 - WARNING - Found 19 time reversals
2025-04-14 05:02:26,453 - INFO - Fixed 4 duplicate timestamps
2025-04-14 05:02:26,467 - INFO - Fixed 68 duplicate timestamps
2025-04-14 05:02:26,473 - WARNING - Found 28 time reversals
2025-04-14 05:02:26,477 - INFO - Fixed 8 duplicate timestamps
2025-04-14 05:02:26,483 - INFO - Fixed 3 duplicate timestamps
2025-04-14 05:02:26,489 - INFO - Fixed 5 duplicate timestamps
2025-04-14 05:02:26,496 - INFO - Fixed 17 duplicate timestamps
2025-04-14 05:02:26,511 - INFO - Fixed 48 duplicate timestamps
2025-04-14 05:02:26,518 - WARNING - Found 26 time reversals
2025-04-14 05:02:26,527 - INFO - Fixed 69 duplicate timestamps
2025-04-14 05:02:26,530 - WARNING - Found 17 time reversals
2025-04-14 05:02:26,538 - INFO - Fixed 46 duplicate timestamps
2025-04-14 05:02:26,541 - WARNING - Found 12 time reversals
2025-04-14 05:02:26,553 - INFO - Fixed 68 duplicate timestamps
2025-04-14 05:02:26,559 - WARNING - Found 28 time reversals
2025-04-14 05:02:26,565 - INFO - Fixed 14 duplicate timestamps
2025-04-14 05:02:26,567 - WARNING - Found 2 time reversals
2025-04-14 05:02:26,579 - INFO - Fixed 40 duplicate timestamps
2025-04-14 05:02:26,585 - WARNING - Found 13 time reversals
2025-04-14 05:02:26,590 - INFO - Fixed 4 duplicate timestamps
2025-04-14 05:02:26,620 - INFO - Fixed 92 duplicate timestamps
2025-04-14 05:02:26,636 - WARNING - Found 39 time reversals
2025-04-14 05:02:26,641 - INFO - Fixed 8 duplicate timestamps
2025-04-14 05:02:26,642 - WARNING - Found 1 time reversals
2025-04-14 05:02:26,648 - INFO - Fixed 54 duplicate timestamps
2025-04-14 05:02:26,650 - WARNING - Found 13 time reversals
/mmfs1/home/sww35/testWatchAcc/LightHART/utils/accelerometer_processor.py:44: UserWarning: Could not infer format, so each element will be parsed individually, falling back to `dateutil`. To ensure parsing is consistent and as-expected, please specify a format.
  timestamps = pd.to_datetime(data.iloc[:, 0], errors='coerce')
2025-04-14 05:02:26,657 - WARNING - Found 64 invalid timestamps at rows [0 1 2 3 4]...
2025-04-14 05:02:26,657 - ERROR - Error processing /mmfs1/home/sww35/testWatchAcc/LightHART/data/smartfallmm/young/accelerometer/watch/S33A03T10.csv: Insufficient valid data rows after cleaning: 0
2025-04-14 05:02:26,657 - ERROR - Error processing /mmfs1/home/sww35/testWatchAcc/LightHART/data/smartfallmm/young/accelerometer/watch/S33A03T10.csv: Insufficient valid data rows after cleaning: 0
/mmfs1/home/sww35/testWatchAcc/LightHART/utils/accelerometer_processor.py:44: UserWarning: Could not infer format, so each element will be parsed individually, falling back to `dateutil`. To ensure parsing is consistent and as-expected, please specify a format.
  timestamps = pd.to_datetime(data.iloc[:, 0], errors='coerce')
2025-04-14 05:02:26,692 - WARNING - Found 472 invalid timestamps at rows [0 1 2 3 4]...
2025-04-14 05:02:26,693 - ERROR - Error processing /mmfs1/home/sww35/testWatchAcc/LightHART/data/smartfallmm/young/accelerometer/watch/S33A03T07.csv: Insufficient valid data rows after cleaning: 0
2025-04-14 05:02:26,693 - ERROR - Error processing /mmfs1/home/sww35/testWatchAcc/LightHART/data/smartfallmm/young/accelerometer/watch/S33A03T07.csv: Insufficient valid data rows after cleaning: 0
2025-04-14 05:02:26,704 - INFO - Fixed 48 duplicate timestamps
2025-04-14 05:02:26,710 - WARNING - Found 18 time reversals
2025-04-14 05:02:26,717 - INFO - Fixed 19 duplicate timestamps
2025-04-14 05:02:26,720 - WARNING - Found 3 time reversals
/mmfs1/home/sww35/testWatchAcc/LightHART/utils/accelerometer_processor.py:44: UserWarning: Could not infer format, so each element will be parsed individually, falling back to `dateutil`. To ensure parsing is consistent and as-expected, please specify a format.
  timestamps = pd.to_datetime(data.iloc[:, 0], errors='coerce')
2025-04-14 05:02:26,725 - WARNING - Found 169 invalid timestamps at rows [  0 342 343 344 345]...
2025-04-14 05:02:26,726 - ERROR - Error processing /mmfs1/home/sww35/testWatchAcc/LightHART/data/smartfallmm/young/accelerometer/watch/S33A08T01.csv: 0
2025-04-14 05:02:26,726 - ERROR - Error processing /mmfs1/home/sww35/testWatchAcc/LightHART/data/smartfallmm/young/accelerometer/watch/S33A08T01.csv: 0
/mmfs1/home/sww35/testWatchAcc/LightHART/utils/accelerometer_processor.py:44: UserWarning: Could not infer format, so each element will be parsed individually, falling back to `dateutil`. To ensure parsing is consistent and as-expected, please specify a format.
  timestamps = pd.to_datetime(data.iloc[:, 0], errors='coerce')
2025-04-14 05:02:26,754 - WARNING - Found 366 invalid timestamps at rows [0 1 2 3 4]...
2025-04-14 05:02:26,754 - ERROR - Error processing /mmfs1/home/sww35/testWatchAcc/LightHART/data/smartfallmm/young/accelerometer/watch/S33A13T08.csv: Insufficient valid data rows after cleaning: 0
2025-04-14 05:02:26,754 - ERROR - Error processing /mmfs1/home/sww35/testWatchAcc/LightHART/data/smartfallmm/young/accelerometer/watch/S33A13T08.csv: Insufficient valid data rows after cleaning: 0
2025-04-14 05:02:26,789 - INFO - Fixed 552 duplicate timestamps
2025-04-14 05:02:26,802 - WARNING - Found 233 time reversals
2025-04-14 05:02:26,808 - INFO - Fixed 1 duplicate timestamps
2025-04-14 05:02:26,815 - INFO - Fixed 5 duplicate timestamps
2025-04-14 05:02:26,826 - INFO - Fixed 14 duplicate timestamps
2025-04-14 05:02:26,831 - WARNING - Found 2 time reversals
/mmfs1/home/sww35/testWatchAcc/LightHART/utils/accelerometer_processor.py:44: UserWarning: Could not infer format, so each element will be parsed individually, falling back to `dateutil`. To ensure parsing is consistent and as-expected, please specify a format.
  timestamps = pd.to_datetime(data.iloc[:, 0], errors='coerce')
2025-04-14 05:02:26,834 - WARNING - Found 98 invalid timestamps at rows [  0 392 393 394 395]...
2025-04-14 05:02:26,834 - ERROR - Error processing /mmfs1/home/sww35/testWatchAcc/LightHART/data/smartfallmm/young/accelerometer/watch/S33A06T02.csv: 0
2025-04-14 05:02:26,834 - ERROR - Error processing /mmfs1/home/sww35/testWatchAcc/LightHART/data/smartfallmm/young/accelerometer/watch/S33A06T02.csv: 0
/mmfs1/home/sww35/testWatchAcc/LightHART/utils/accelerometer_processor.py:44: UserWarning: Could not infer format, so each element will be parsed individually, falling back to `dateutil`. To ensure parsing is consistent and as-expected, please specify a format.
  timestamps = pd.to_datetime(data.iloc[:, 0], errors='coerce')
2025-04-14 05:02:26,850 - WARNING - Found 183 invalid timestamps at rows [0 1 2 3 4]...
2025-04-14 05:02:26,850 - ERROR - Error processing /mmfs1/home/sww35/testWatchAcc/LightHART/data/smartfallmm/young/accelerometer/watch/S33A01T03.csv: Insufficient valid data rows after cleaning: 0
2025-04-14 05:02:26,850 - ERROR - Error processing /mmfs1/home/sww35/testWatchAcc/LightHART/data/smartfallmm/young/accelerometer/watch/S33A01T03.csv: Insufficient valid data rows after cleaning: 0
2025-04-14 05:02:26,855 - INFO - Fixed 11 duplicate timestamps
2025-04-14 05:02:26,856 - WARNING - Found 1 time reversals
2025-04-14 05:02:26,872 - INFO - Fixed 74 duplicate timestamps
2025-04-14 05:02:26,879 - WARNING - Found 22 time reversals
2025-04-14 05:02:26,885 - INFO - Fixed 2 duplicate timestamps
2025-04-14 05:02:26,892 - INFO - Fixed 3 duplicate timestamps
2025-04-14 05:02:26,911 - INFO - Fixed 68 duplicate timestamps
2025-04-14 05:02:26,920 - WARNING - Found 33 time reversals
/mmfs1/home/sww35/testWatchAcc/LightHART/utils/accelerometer_processor.py:44: UserWarning: Could not infer format, so each element will be parsed individually, falling back to `dateutil`. To ensure parsing is consistent and as-expected, please specify a format.
  timestamps = pd.to_datetime(data.iloc[:, 0], errors='coerce')
2025-04-14 05:02:26,956 - WARNING - Found 486 invalid timestamps at rows [0 1 2 3 4]...
2025-04-14 05:02:26,957 - ERROR - Error processing /mmfs1/home/sww35/testWatchAcc/LightHART/data/smartfallmm/young/accelerometer/watch/S33A09T09.csv: Insufficient valid data rows after cleaning: 0
2025-04-14 05:02:26,957 - ERROR - Error processing /mmfs1/home/sww35/testWatchAcc/LightHART/data/smartfallmm/young/accelerometer/watch/S33A09T09.csv: Insufficient valid data rows after cleaning: 0
/mmfs1/home/sww35/testWatchAcc/LightHART/utils/accelerometer_processor.py:44: UserWarning: Could not infer format, so each element will be parsed individually, falling back to `dateutil`. To ensure parsing is consistent and as-expected, please specify a format.
  timestamps = pd.to_datetime(data.iloc[:, 0], errors='coerce')
2025-04-14 05:02:26,962 - WARNING - Found 1 invalid timestamps at rows [0]...
2025-04-14 05:02:26,962 - ERROR - Error processing /mmfs1/home/sww35/testWatchAcc/LightHART/data/smartfallmm/young/accelerometer/watch/S33A10T02.csv: 0
2025-04-14 05:02:26,962 - ERROR - Error processing /mmfs1/home/sww35/testWatchAcc/LightHART/data/smartfallmm/young/accelerometer/watch/S33A10T02.csv: 0
2025-04-14 05:02:26,966 - INFO - Fixed 1 duplicate timestamps
2025-04-14 05:02:27,001 - INFO - Fixed 755 duplicate timestamps
2025-04-14 05:02:27,015 - WARNING - Found 167 time reversals
/mmfs1/home/sww35/testWatchAcc/LightHART/utils/accelerometer_processor.py:44: UserWarning: Could not infer format, so each element will be parsed individually, falling back to `dateutil`. To ensure parsing is consistent and as-expected, please specify a format.
  timestamps = pd.to_datetime(data.iloc[:, 0], errors='coerce')
2025-04-14 05:02:27,041 - WARNING - Found 1 invalid timestamps at rows [0]...
2025-04-14 05:02:27,043 - ERROR - Error processing /mmfs1/home/sww35/testWatchAcc/LightHART/data/smartfallmm/young/accelerometer/watch/S33A09T03.csv: 0
2025-04-14 05:02:27,056 - ERROR - Error processing /mmfs1/home/sww35/testWatchAcc/LightHART/data/smartfallmm/young/accelerometer/watch/S33A09T03.csv: 0
2025-04-14 05:02:27,064 - INFO - Fixed 9 duplicate timestamps
/mmfs1/home/sww35/testWatchAcc/LightHART/utils/accelerometer_processor.py:44: UserWarning: Could not infer format, so each element will be parsed individually, falling back to `dateutil`. To ensure parsing is consistent and as-expected, please specify a format.
  timestamps = pd.to_datetime(data.iloc[:, 0], errors='coerce')
2025-04-14 05:02:27,113 - WARNING - Found 510 invalid timestamps at rows [0 1 2 3 4]...
2025-04-14 05:02:27,115 - ERROR - Error processing /mmfs1/home/sww35/testWatchAcc/LightHART/data/smartfallmm/young/accelerometer/watch/S33A02T04.csv: Insufficient valid data rows after cleaning: 0
2025-04-14 05:02:27,115 - ERROR - Error processing /mmfs1/home/sww35/testWatchAcc/LightHART/data/smartfallmm/young/accelerometer/watch/S33A02T04.csv: Insufficient valid data rows after cleaning: 0
/mmfs1/home/sww35/testWatchAcc/LightHART/utils/accelerometer_processor.py:44: UserWarning: Could not infer format, so each element will be parsed individually, falling back to `dateutil`. To ensure parsing is consistent and as-expected, please specify a format.
  timestamps = pd.to_datetime(data.iloc[:, 0], errors='coerce')
2025-04-14 05:02:27,117 - WARNING - Found 109 invalid timestamps at rows [  0 386 387 388 389]...
2025-04-14 05:02:27,118 - ERROR - Error processing /mmfs1/home/sww35/testWatchAcc/LightHART/data/smartfallmm/young/accelerometer/watch/S33A13T01.csv: 0
2025-04-14 05:02:27,118 - ERROR - Error processing /mmfs1/home/sww35/testWatchAcc/LightHART/data/smartfallmm/young/accelerometer/watch/S33A13T01.csv: 0
/mmfs1/home/sww35/testWatchAcc/LightHART/utils/accelerometer_processor.py:44: UserWarning: Could not infer format, so each element will be parsed individually, falling back to `dateutil`. To ensure parsing is consistent and as-expected, please specify a format.
  timestamps = pd.to_datetime(data.iloc[:, 0], errors='coerce')
2025-04-14 05:02:27,148 - WARNING - Found 509 invalid timestamps at rows [0 1 2 3 4]...
2025-04-14 05:02:27,148 - ERROR - Error processing /mmfs1/home/sww35/testWatchAcc/LightHART/data/smartfallmm/young/accelerometer/watch/S33A08T03.csv: Insufficient valid data rows after cleaning: 0
2025-04-14 05:02:27,148 - ERROR - Error processing /mmfs1/home/sww35/testWatchAcc/LightHART/data/smartfallmm/young/accelerometer/watch/S33A08T03.csv: Insufficient valid data rows after cleaning: 0
2025-04-14 05:02:27,152 - INFO - Fixed 2 duplicate timestamps
/mmfs1/home/sww35/testWatchAcc/LightHART/utils/accelerometer_processor.py:44: UserWarning: Could not infer format, so each element will be parsed individually, falling back to `dateutil`. To ensure parsing is consistent and as-expected, please specify a format.
  timestamps = pd.to_datetime(data.iloc[:, 0], errors='coerce')
2025-04-14 05:02:27,179 - WARNING - Found 335 invalid timestamps at rows [0 1 2 3 4]...
2025-04-14 05:02:27,180 - ERROR - Error processing /mmfs1/home/sww35/testWatchAcc/LightHART/data/smartfallmm/young/accelerometer/watch/S33A07T09.csv: Insufficient valid data rows after cleaning: 0
2025-04-14 05:02:27,180 - ERROR - Error processing /mmfs1/home/sww35/testWatchAcc/LightHART/data/smartfallmm/young/accelerometer/watch/S33A07T09.csv: Insufficient valid data rows after cleaning: 0
2025-04-14 05:02:27,193 - INFO - Fixed 12 duplicate timestamps
2025-04-14 05:02:27,197 - WARNING - Found 1 time reversals
2025-04-14 05:02:27,201 - INFO - Fixed 2 duplicate timestamps
/mmfs1/home/sww35/testWatchAcc/LightHART/utils/accelerometer_processor.py:44: UserWarning: Could not infer format, so each element will be parsed individually, falling back to `dateutil`. To ensure parsing is consistent and as-expected, please specify a format.
  timestamps = pd.to_datetime(data.iloc[:, 0], errors='coerce')
2025-04-14 05:02:27,233 - WARNING - Found 511 invalid timestamps at rows [0 1 2 3 4]...
2025-04-14 05:02:27,233 - ERROR - Error processing /mmfs1/home/sww35/testWatchAcc/LightHART/data/smartfallmm/young/accelerometer/watch/S33A03T14.csv: Insufficient valid data rows after cleaning: 0
2025-04-14 05:02:27,233 - ERROR - Error processing /mmfs1/home/sww35/testWatchAcc/LightHART/data/smartfallmm/young/accelerometer/watch/S33A03T14.csv: Insufficient valid data rows after cleaning: 0
2025-04-14 05:02:27,266 - INFO - Fixed 505 duplicate timestamps
2025-04-14 05:02:27,278 - WARNING - Found 180 time reversals
2025-04-14 05:02:27,291 - INFO - Fixed 68 duplicate timestamps
2025-04-14 05:02:27,297 - WARNING - Found 28 time reversals
2025-04-14 05:02:27,303 - INFO - Fixed 6 duplicate timestamps
2025-04-14 05:02:27,334 - INFO - Fixed 452 duplicate timestamps
2025-04-14 05:02:27,345 - WARNING - Found 132 time reversals
/mmfs1/home/sww35/testWatchAcc/LightHART/utils/accelerometer_processor.py:44: UserWarning: Could not infer format, so each element will be parsed individually, falling back to `dateutil`. To ensure parsing is consistent and as-expected, please specify a format.
  timestamps = pd.to_datetime(data.iloc[:, 0], errors='coerce')
2025-04-14 05:02:27,368 - WARNING - Found 288 invalid timestamps at rows [0 1 2 3 4]...
2025-04-14 05:02:27,368 - ERROR - Error processing /mmfs1/home/sww35/testWatchAcc/LightHART/data/smartfallmm/young/accelerometer/watch/S33A11T03.csv: Insufficient valid data rows after cleaning: 0
2025-04-14 05:02:27,368 - ERROR - Error processing /mmfs1/home/sww35/testWatchAcc/LightHART/data/smartfallmm/young/accelerometer/watch/S33A11T03.csv: Insufficient valid data rows after cleaning: 0
2025-04-14 05:02:27,372 - INFO - Fixed 7 duplicate timestamps
2025-04-14 05:02:27,374 - WARNING - Found 1 time reversals
/mmfs1/home/sww35/testWatchAcc/LightHART/utils/accelerometer_processor.py:44: UserWarning: Could not infer format, so each element will be parsed individually, falling back to `dateutil`. To ensure parsing is consistent and as-expected, please specify a format.
  timestamps = pd.to_datetime(data.iloc[:, 0], errors='coerce')
2025-04-14 05:02:27,376 - WARNING - Found 160 invalid timestamps at rows [  0 320 321 322 323]...
2025-04-14 05:02:27,377 - ERROR - Error processing /mmfs1/home/sww35/testWatchAcc/LightHART/data/smartfallmm/young/accelerometer/watch/S33A07T03.csv: 0
2025-04-14 05:02:27,377 - ERROR - Error processing /mmfs1/home/sww35/testWatchAcc/LightHART/data/smartfallmm/young/accelerometer/watch/S33A07T03.csv: 0
2025-04-14 05:02:27,404 - INFO - Fixed 120 duplicate timestamps
2025-04-14 05:02:27,420 - WARNING - Found 35 time reversals
2025-04-14 05:02:27,427 - INFO - Fixed 47 duplicate timestamps
2025-04-14 05:02:27,429 - WARNING - Found 17 time reversals
2025-04-14 05:02:27,449 - INFO - Fixed 100 duplicate timestamps
2025-04-14 05:02:27,458 - WARNING - Found 33 time reversals
2025-04-14 05:02:27,463 - INFO - Fixed 34 duplicate timestamps
2025-04-14 05:02:27,471 - INFO - Fixed 52 duplicate timestamps
2025-04-14 05:02:27,473 - WARNING - Found 9 time reversals
/mmfs1/home/sww35/testWatchAcc/LightHART/utils/accelerometer_processor.py:44: UserWarning: Could not infer format, so each element will be parsed individually, falling back to `dateutil`. To ensure parsing is consistent and as-expected, please specify a format.
  timestamps = pd.to_datetime(data.iloc[:, 0], errors='coerce')
2025-04-14 05:02:27,515 - WARNING - Found 618 invalid timestamps at rows [0 1 2 3 4]...
2025-04-14 05:02:27,516 - ERROR - Error processing /mmfs1/home/sww35/testWatchAcc/LightHART/data/smartfallmm/young/accelerometer/watch/S33A05T04.csv: Insufficient valid data rows after cleaning: 0
2025-04-14 05:02:27,516 - ERROR - Error processing /mmfs1/home/sww35/testWatchAcc/LightHART/data/smartfallmm/young/accelerometer/watch/S33A05T04.csv: Insufficient valid data rows after cleaning: 0
2025-04-14 05:02:27,521 - INFO - Fixed 1 duplicate timestamps
2025-04-14 05:02:27,529 - INFO - Fixed 38 duplicate timestamps
2025-04-14 05:02:27,531 - WARNING - Found 5 time reversals
/mmfs1/home/sww35/testWatchAcc/LightHART/utils/accelerometer_processor.py:44: UserWarning: Could not infer format, so each element will be parsed individually, falling back to `dateutil`. To ensure parsing is consistent and as-expected, please specify a format.
  timestamps = pd.to_datetime(data.iloc[:, 0], errors='coerce')
2025-04-14 05:02:27,533 - WARNING - Found 1 invalid timestamps at rows [0]...
2025-04-14 05:02:27,534 - ERROR - Error processing /mmfs1/home/sww35/testWatchAcc/LightHART/data/smartfallmm/young/accelerometer/watch/S33A05T01.csv: 0
2025-04-14 05:02:27,534 - ERROR - Error processing /mmfs1/home/sww35/testWatchAcc/LightHART/data/smartfallmm/young/accelerometer/watch/S33A05T01.csv: 0
2025-04-14 05:02:27,574 - INFO - Fixed 642 duplicate timestamps
2025-04-14 05:02:27,590 - WARNING - Found 228 time reversals
2025-04-14 05:02:27,596 - INFO - Fixed 23 duplicate timestamps
/mmfs1/home/sww35/testWatchAcc/LightHART/utils/accelerometer_processor.py:44: UserWarning: Could not infer format, so each element will be parsed individually, falling back to `dateutil`. To ensure parsing is consistent and as-expected, please specify a format.
  timestamps = pd.to_datetime(data.iloc[:, 0], errors='coerce')
2025-04-14 05:02:27,629 - WARNING - Found 495 invalid timestamps at rows [0 1 2 3 4]...
2025-04-14 05:02:27,630 - ERROR - Error processing /mmfs1/home/sww35/testWatchAcc/LightHART/data/smartfallmm/young/accelerometer/watch/S33A03T06.csv: Insufficient valid data rows after cleaning: 0
2025-04-14 05:02:27,630 - ERROR - Error processing /mmfs1/home/sww35/testWatchAcc/LightHART/data/smartfallmm/young/accelerometer/watch/S33A03T06.csv: Insufficient valid data rows after cleaning: 0
2025-04-14 05:02:27,638 - INFO - Fixed 65 duplicate timestamps
2025-04-14 05:02:27,641 - WARNING - Found 18 time reversals
2025-04-14 05:02:27,646 - INFO - Fixed 7 duplicate timestamps
2025-04-14 05:02:27,647 - WARNING - Found 1 time reversals
2025-04-14 05:02:27,690 - INFO - Fixed 733 duplicate timestamps
2025-04-14 05:02:27,706 - WARNING - Found 282 time reversals
2025-04-14 05:02:27,719 - INFO - Fixed 68 duplicate timestamps
2025-04-14 05:02:27,725 - WARNING - Found 28 time reversals
2025-04-14 05:02:27,729 - INFO - Fixed 1 duplicate timestamps
2025-04-14 05:02:27,735 - INFO - Fixed 7 duplicate timestamps
2025-04-14 05:02:27,736 - WARNING - Found 1 time reversals
2025-04-14 05:02:27,741 - INFO - Fixed 2 duplicate timestamps
2025-04-14 05:02:27,775 - INFO - Fixed 471 duplicate timestamps
2025-04-14 05:02:27,787 - WARNING - Found 147 time reversals
2025-04-14 05:02:27,798 - INFO - Fixed 31 duplicate timestamps
2025-04-14 05:02:27,804 - WARNING - Found 14 time reversals
2025-04-14 05:02:27,808 - INFO - Fixed 1 duplicate timestamps
2025-04-14 05:02:27,815 - INFO - Fixed 1 duplicate timestamps
2025-04-14 05:02:27,822 - INFO - Fixed 2 duplicate timestamps
2025-04-14 05:02:27,832 - INFO - Fixed 17 duplicate timestamps
2025-04-14 05:02:27,833 - WARNING - Found 4 time reversals
2025-04-14 05:02:27,839 - INFO - Fixed 41 duplicate timestamps
2025-04-14 05:02:27,840 - WARNING - Found 10 time reversals
2025-04-14 05:02:27,845 - INFO - Fixed 2 duplicate timestamps
2025-04-14 05:02:27,854 - INFO - Fixed 72 duplicate timestamps
2025-04-14 05:02:27,856 - WARNING - Found 18 time reversals
2025-04-14 05:02:27,860 - INFO - Fixed 2 duplicate timestamps
/mmfs1/home/sww35/testWatchAcc/LightHART/utils/accelerometer_processor.py:44: UserWarning: Could not infer format, so each element will be parsed individually, falling back to `dateutil`. To ensure parsing is consistent and as-expected, please specify a format.
  timestamps = pd.to_datetime(data.iloc[:, 0], errors='coerce')
2025-04-14 05:02:27,875 - WARNING - Found 157 invalid timestamps at rows [0 1 2 3 4]...
2025-04-14 05:02:27,875 - ERROR - Error processing /mmfs1/home/sww35/testWatchAcc/LightHART/data/smartfallmm/young/accelerometer/watch/S33A09T07.csv: Insufficient valid data rows after cleaning: 0
2025-04-14 05:02:27,875 - ERROR - Error processing /mmfs1/home/sww35/testWatchAcc/LightHART/data/smartfallmm/young/accelerometer/watch/S33A09T07.csv: Insufficient valid data rows after cleaning: 0
/mmfs1/home/sww35/testWatchAcc/LightHART/utils/accelerometer_processor.py:44: UserWarning: Could not infer format, so each element will be parsed individually, falling back to `dateutil`. To ensure parsing is consistent and as-expected, please specify a format.
  timestamps = pd.to_datetime(data.iloc[:, 0], errors='coerce')
2025-04-14 05:02:27,906 - WARNING - Found 510 invalid timestamps at rows [0 1 2 3 4]...
2025-04-14 05:02:27,906 - ERROR - Error processing /mmfs1/home/sww35/testWatchAcc/LightHART/data/smartfallmm/young/accelerometer/watch/S33A08T02.csv: Insufficient valid data rows after cleaning: 0
2025-04-14 05:02:27,906 - ERROR - Error processing /mmfs1/home/sww35/testWatchAcc/LightHART/data/smartfallmm/young/accelerometer/watch/S33A08T02.csv: Insufficient valid data rows after cleaning: 0
2025-04-14 05:02:27,911 - INFO - Fixed 1 duplicate timestamps
2025-04-14 05:02:27,925 - INFO - Fixed 151 duplicate timestamps
2025-04-14 05:02:27,929 - WARNING - Found 55 time reversals
2025-04-14 05:02:27,936 - INFO - Fixed 2 duplicate timestamps
2025-04-14 05:02:27,991 - INFO - Fixed 934 duplicate timestamps
2025-04-14 05:02:28,010 - WARNING - Found 430 time reversals
/mmfs1/home/sww35/testWatchAcc/LightHART/utils/accelerometer_processor.py:44: UserWarning: Could not infer format, so each element will be parsed individually, falling back to `dateutil`. To ensure parsing is consistent and as-expected, please specify a format.
  timestamps = pd.to_datetime(data.iloc[:, 0], errors='coerce')
2025-04-14 05:02:28,042 - WARNING - Found 510 invalid timestamps at rows [0 1 2 3 4]...
2025-04-14 05:02:28,042 - ERROR - Error processing /mmfs1/home/sww35/testWatchAcc/LightHART/data/smartfallmm/young/accelerometer/watch/S33A03T15.csv: Insufficient valid data rows after cleaning: 0
2025-04-14 05:02:28,042 - ERROR - Error processing /mmfs1/home/sww35/testWatchAcc/LightHART/data/smartfallmm/young/accelerometer/watch/S33A03T15.csv: Insufficient valid data rows after cleaning: 0
/mmfs1/home/sww35/testWatchAcc/LightHART/utils/accelerometer_processor.py:44: UserWarning: Could not infer format, so each element will be parsed individually, falling back to `dateutil`. To ensure parsing is consistent and as-expected, please specify a format.
  timestamps = pd.to_datetime(data.iloc[:, 0], errors='coerce')
2025-04-14 05:02:28,078 - WARNING - Found 614 invalid timestamps at rows [0 1 2 3 4]...
2025-04-14 05:02:28,078 - ERROR - Error processing /mmfs1/home/sww35/testWatchAcc/LightHART/data/smartfallmm/young/accelerometer/watch/S33A09T10.csv: Insufficient valid data rows after cleaning: 0
2025-04-14 05:02:28,078 - ERROR - Error processing /mmfs1/home/sww35/testWatchAcc/LightHART/data/smartfallmm/young/accelerometer/watch/S33A09T10.csv: Insufficient valid data rows after cleaning: 0
2025-04-14 05:02:28,085 - INFO - Fixed 36 duplicate timestamps
2025-04-14 05:02:28,087 - WARNING - Found 6 time reversals
2025-04-14 05:02:28,092 - INFO - Fixed 3 duplicate timestamps
2025-04-14 05:02:28,109 - INFO - Fixed 34 duplicate timestamps
2025-04-14 05:02:28,118 - WARNING - Found 15 time reversals
2025-04-14 05:02:28,128 - INFO - Fixed 8 duplicate timestamps
/mmfs1/home/sww35/testWatchAcc/LightHART/utils/accelerometer_processor.py:44: UserWarning: Could not infer format, so each element will be parsed individually, falling back to `dateutil`. To ensure parsing is consistent and as-expected, please specify a format.
  timestamps = pd.to_datetime(data.iloc[:, 0], errors='coerce')
2025-04-14 05:02:28,141 - WARNING - Found 114 invalid timestamps at rows [0 1 2 3 4]...
2025-04-14 05:02:28,141 - ERROR - Error processing /mmfs1/home/sww35/testWatchAcc/LightHART/data/smartfallmm/young/accelerometer/watch/S33A13T07.csv: Insufficient valid data rows after cleaning: 0
2025-04-14 05:02:28,142 - ERROR - Error processing /mmfs1/home/sww35/testWatchAcc/LightHART/data/smartfallmm/young/accelerometer/watch/S33A13T07.csv: Insufficient valid data rows after cleaning: 0
/mmfs1/home/sww35/testWatchAcc/LightHART/utils/accelerometer_processor.py:44: UserWarning: Could not infer format, so each element will be parsed individually, falling back to `dateutil`. To ensure parsing is consistent and as-expected, please specify a format.
  timestamps = pd.to_datetime(data.iloc[:, 0], errors='coerce')
2025-04-14 05:02:28,143 - WARNING - Found 1 invalid timestamps at rows [0]...
2025-04-14 05:02:28,144 - ERROR - Error processing /mmfs1/home/sww35/testWatchAcc/LightHART/data/smartfallmm/young/accelerometer/watch/S33A06T04.csv: 0
2025-04-14 05:02:28,144 - ERROR - Error processing /mmfs1/home/sww35/testWatchAcc/LightHART/data/smartfallmm/young/accelerometer/watch/S33A06T04.csv: 0
2025-04-14 05:02:28,149 - INFO - Fixed 3 duplicate timestamps
2025-04-14 05:02:28,155 - INFO - Fixed 4 duplicate timestamps
2025-04-14 05:02:28,188 - INFO - Fixed 563 duplicate timestamps
2025-04-14 05:02:28,200 - WARNING - Found 153 time reversals
2025-04-14 05:02:28,207 - INFO - Fixed 28 duplicate timestamps
2025-04-14 05:02:28,210 - WARNING - Found 3 time reversals
2025-04-14 05:02:28,215 - INFO - Fixed 2 duplicate timestamps
2025-04-14 05:02:28,224 - INFO - Fixed 37 duplicate timestamps
2025-04-14 05:02:28,226 - WARNING - Found 7 time reversals
/mmfs1/home/sww35/testWatchAcc/LightHART/utils/accelerometer_processor.py:44: UserWarning: Could not infer format, so each element will be parsed individually, falling back to `dateutil`. To ensure parsing is consistent and as-expected, please specify a format.
  timestamps = pd.to_datetime(data.iloc[:, 0], errors='coerce')
2025-04-14 05:02:28,233 - WARNING - Found 175 invalid timestamps at rows [  0 348 349 350 351]...
2025-04-14 05:02:28,233 - ERROR - Error processing /mmfs1/home/sww35/testWatchAcc/LightHART/data/smartfallmm/young/accelerometer/watch/S33A07T01.csv: 0
2025-04-14 05:02:28,233 - ERROR - Error processing /mmfs1/home/sww35/testWatchAcc/LightHART/data/smartfallmm/young/accelerometer/watch/S33A07T01.csv: 0
2025-04-14 05:02:28,238 - INFO - Fixed 28 duplicate timestamps
2025-04-14 05:02:28,282 - INFO - Fixed 732 duplicate timestamps
2025-04-14 05:02:28,297 - WARNING - Found 196 time reversals
2025-04-14 05:02:28,328 - INFO - Fixed 466 duplicate timestamps
2025-04-14 05:02:28,338 - WARNING - Found 174 time reversals
2025-04-14 05:02:28,342 - INFO - Fixed 14 duplicate timestamps
2025-04-14 05:02:28,348 - INFO - Fixed 16 duplicate timestamps
2025-04-14 05:02:28,350 - WARNING - Found 1 time reversals
2025-04-14 05:02:28,356 - INFO - Fixed 41 duplicate timestamps
2025-04-14 05:02:28,357 - WARNING - Found 11 time reversals
/mmfs1/home/sww35/testWatchAcc/LightHART/utils/accelerometer_processor.py:44: UserWarning: Could not infer format, so each element will be parsed individually, falling back to `dateutil`. To ensure parsing is consistent and as-expected, please specify a format.
  timestamps = pd.to_datetime(data.iloc[:, 0], errors='coerce')
2025-04-14 05:02:28,391 - WARNING - Found 482 invalid timestamps at rows [0 1 2 3 4]...
2025-04-14 05:02:28,392 - ERROR - Error processing /mmfs1/home/sww35/testWatchAcc/LightHART/data/smartfallmm/young/accelerometer/watch/S33A01T01.csv: Insufficient valid data rows after cleaning: 0
2025-04-14 05:02:28,392 - ERROR - Error processing /mmfs1/home/sww35/testWatchAcc/LightHART/data/smartfallmm/young/accelerometer/watch/S33A01T01.csv: Insufficient valid data rows after cleaning: 0
/mmfs1/home/sww35/testWatchAcc/LightHART/utils/accelerometer_processor.py:44: UserWarning: Could not infer format, so each element will be parsed individually, falling back to `dateutil`. To ensure parsing is consistent and as-expected, please specify a format.
  timestamps = pd.to_datetime(data.iloc[:, 0], errors='coerce')
2025-04-14 05:02:28,393 - WARNING - Found 167 invalid timestamps at rows [  0 339 340 341 342]...
2025-04-14 05:02:28,394 - ERROR - Error processing /mmfs1/home/sww35/testWatchAcc/LightHART/data/smartfallmm/young/accelerometer/watch/S33A07T04.csv: 0
2025-04-14 05:02:28,394 - ERROR - Error processing /mmfs1/home/sww35/testWatchAcc/LightHART/data/smartfallmm/young/accelerometer/watch/S33A07T04.csv: 0
2025-04-14 05:02:28,426 - INFO - Fixed 505 duplicate timestamps
2025-04-14 05:02:28,438 - WARNING - Found 184 time reversals
2025-04-14 05:02:28,444 - INFO - Fixed 43 duplicate timestamps
2025-04-14 05:02:28,445 - WARNING - Found 15 time reversals
2025-04-14 05:02:28,452 - INFO - Fixed 72 duplicate timestamps
2025-04-14 05:02:28,454 - WARNING - Found 20 time reversals
/mmfs1/home/sww35/testWatchAcc/LightHART/utils/accelerometer_processor.py:44: UserWarning: Could not infer format, so each element will be parsed individually, falling back to `dateutil`. To ensure parsing is consistent and as-expected, please specify a format.
  timestamps = pd.to_datetime(data.iloc[:, 0], errors='coerce')
2025-04-14 05:02:28,456 - WARNING - Found 1 invalid timestamps at rows [0]...
2025-04-14 05:02:28,457 - ERROR - Error processing /mmfs1/home/sww35/testWatchAcc/LightHART/data/smartfallmm/young/accelerometer/watch/S33A14T01.csv: 0
2025-04-14 05:02:28,457 - ERROR - Error processing /mmfs1/home/sww35/testWatchAcc/LightHART/data/smartfallmm/young/accelerometer/watch/S33A14T01.csv: 0
/mmfs1/home/sww35/testWatchAcc/LightHART/utils/accelerometer_processor.py:44: UserWarning: Could not infer format, so each element will be parsed individually, falling back to `dateutil`. To ensure parsing is consistent and as-expected, please specify a format.
  timestamps = pd.to_datetime(data.iloc[:, 0], errors='coerce')
2025-04-14 05:02:28,459 - WARNING - Found 1 invalid timestamps at rows [0]...
2025-04-14 05:02:28,460 - ERROR - Error processing /mmfs1/home/sww35/testWatchAcc/LightHART/data/smartfallmm/young/accelerometer/watch/S33A14T04.csv: 0
2025-04-14 05:02:28,460 - ERROR - Error processing /mmfs1/home/sww35/testWatchAcc/LightHART/data/smartfallmm/young/accelerometer/watch/S33A14T04.csv: 0
2025-04-14 05:02:28,464 - INFO - Fixed 1 duplicate timestamps
2025-04-14 05:02:28,470 - INFO - Fixed 2 duplicate timestamps
2025-04-14 05:02:28,477 - INFO - Fixed 15 duplicate timestamps
2025-04-14 05:02:28,479 - WARNING - Found 3 time reversals
2025-04-14 05:02:28,484 - INFO - Fixed 6 duplicate timestamps
/mmfs1/home/sww35/testWatchAcc/LightHART/utils/accelerometer_processor.py:44: UserWarning: Could not infer format, so each element will be parsed individually, falling back to `dateutil`. To ensure parsing is consistent and as-expected, please specify a format.
  timestamps = pd.to_datetime(data.iloc[:, 0], errors='coerce')
2025-04-14 05:02:28,488 - WARNING - Found 1 invalid timestamps at rows [0]...
2025-04-14 05:02:28,489 - ERROR - Error processing /mmfs1/home/sww35/testWatchAcc/LightHART/data/smartfallmm/young/accelerometer/watch/S33A07T05.csv: 0
2025-04-14 05:02:28,489 - ERROR - Error processing /mmfs1/home/sww35/testWatchAcc/LightHART/data/smartfallmm/young/accelerometer/watch/S33A07T05.csv: 0
/mmfs1/home/sww35/testWatchAcc/LightHART/utils/accelerometer_processor.py:44: UserWarning: Could not infer format, so each element will be parsed individually, falling back to `dateutil`. To ensure parsing is consistent and as-expected, please specify a format.
  timestamps = pd.to_datetime(data.iloc[:, 0], errors='coerce')
2025-04-14 05:02:28,509 - WARNING - Found 259 invalid timestamps at rows [0 1 2 3 4]...
2025-04-14 05:02:28,509 - ERROR - Error processing /mmfs1/home/sww35/testWatchAcc/LightHART/data/smartfallmm/young/accelerometer/watch/S33A06T09.csv: Insufficient valid data rows after cleaning: 0
2025-04-14 05:02:28,509 - ERROR - Error processing /mmfs1/home/sww35/testWatchAcc/LightHART/data/smartfallmm/young/accelerometer/watch/S33A06T09.csv: Insufficient valid data rows after cleaning: 0
2025-04-14 05:02:28,512 - INFO - Fixed 6 duplicate timestamps
2025-04-14 05:02:28,528 - INFO - Fixed 68 duplicate timestamps
2025-04-14 05:02:28,536 - WARNING - Found 31 time reversals
2025-04-14 05:02:28,540 - INFO - Fixed 3 duplicate timestamps
2025-04-14 05:02:28,552 - INFO - Fixed 113 duplicate timestamps
2025-04-14 05:02:28,555 - WARNING - Found 38 time reversals
2025-04-14 05:02:28,574 - INFO - Fixed 50 duplicate timestamps
2025-04-14 05:02:28,581 - WARNING - Found 16 time reversals
2025-04-14 05:02:28,587 - INFO - Fixed 7 duplicate timestamps
/mmfs1/home/sww35/testWatchAcc/LightHART/utils/accelerometer_processor.py:44: UserWarning: Could not infer format, so each element will be parsed individually, falling back to `dateutil`. To ensure parsing is consistent and as-expected, please specify a format.
  timestamps = pd.to_datetime(data.iloc[:, 0], errors='coerce')
2025-04-14 05:02:28,592 - WARNING - Found 1 invalid timestamps at rows [0]...
2025-04-14 05:02:28,592 - ERROR - Error processing /mmfs1/home/sww35/testWatchAcc/LightHART/data/smartfallmm/young/accelerometer/watch/S33A09T04.csv: 0
2025-04-14 05:02:28,592 - ERROR - Error processing /mmfs1/home/sww35/testWatchAcc/LightHART/data/smartfallmm/young/accelerometer/watch/S33A09T04.csv: 0
2025-04-14 05:02:28,605 - INFO - Fixed 22 duplicate timestamps
2025-04-14 05:02:28,612 - WARNING - Found 11 time reversals
2025-04-14 05:02:28,621 - INFO - Fixed 62 duplicate timestamps
2025-04-14 05:02:28,625 - WARNING - Found 16 time reversals
/mmfs1/home/sww35/testWatchAcc/LightHART/utils/accelerometer_processor.py:44: UserWarning: Could not infer format, so each element will be parsed individually, falling back to `dateutil`. To ensure parsing is consistent and as-expected, please specify a format.
  timestamps = pd.to_datetime(data.iloc[:, 0], errors='coerce')
2025-04-14 05:02:28,655 - WARNING - Found 509 invalid timestamps at rows [0 1 2 3 4]...
2025-04-14 05:02:28,656 - ERROR - Error processing /mmfs1/home/sww35/testWatchAcc/LightHART/data/smartfallmm/young/accelerometer/watch/S33A14T06.csv: Insufficient valid data rows after cleaning: 0
2025-04-14 05:02:28,656 - ERROR - Error processing /mmfs1/home/sww35/testWatchAcc/LightHART/data/smartfallmm/young/accelerometer/watch/S33A14T06.csv: Insufficient valid data rows after cleaning: 0
2025-04-14 05:02:28,688 - INFO - Fixed 514 duplicate timestamps
2025-04-14 05:02:28,700 - WARNING - Found 173 time reversals
2025-04-14 05:02:28,708 - INFO - Fixed 44 duplicate timestamps
2025-04-14 05:02:28,711 - WARNING - Found 10 time reversals
2025-04-14 05:02:28,721 - INFO - Fixed 105 duplicate timestamps
2025-04-14 05:02:28,724 - WARNING - Found 27 time reversals
2025-04-14 05:02:28,772 - INFO - Fixed 750 duplicate timestamps
2025-04-14 05:02:28,792 - WARNING - Found 234 time reversals
2025-04-14 05:02:28,835 - INFO - Fixed 702 duplicate timestamps
2025-04-14 05:02:28,852 - WARNING - Found 285 time reversals
2025-04-14 05:02:28,866 - INFO - Fixed 36 duplicate timestamps
2025-04-14 05:02:28,873 - WARNING - Found 12 time reversals
2025-04-14 05:02:28,877 - INFO - Fixed 8 duplicate timestamps
2025-04-14 05:02:28,879 - WARNING - Found 1 time reversals
2025-04-14 05:02:28,919 - INFO - Fixed 748 duplicate timestamps
2025-04-14 05:02:28,935 - WARNING - Found 263 time reversals
2025-04-14 05:02:28,940 - INFO - Fixed 6 duplicate timestamps
2025-04-14 05:02:28,978 - INFO - Fixed 563 duplicate timestamps
2025-04-14 05:02:28,992 - WARNING - Found 193 time reversals
2025-04-14 05:02:29,024 - INFO - Fixed 514 duplicate timestamps
2025-04-14 05:02:29,038 - WARNING - Found 142 time reversals
2025-04-14 05:02:29,044 - INFO - Fixed 9 duplicate timestamps
2025-04-14 05:02:29,046 - WARNING - Found 1 time reversals
2025-04-14 05:02:29,053 - INFO - Fixed 57 duplicate timestamps
2025-04-14 05:02:29,055 - WARNING - Found 20 time reversals
2025-04-14 05:02:29,059 - INFO - Fixed 1 duplicate timestamps
2025-04-14 05:02:29,073 - INFO - Fixed 68 duplicate timestamps
2025-04-14 05:02:29,078 - WARNING - Found 28 time reversals
2025-04-14 05:02:29,084 - INFO - Fixed 18 duplicate timestamps
2025-04-14 05:02:29,087 - WARNING - Found 3 time reversals
/mmfs1/home/sww35/testWatchAcc/LightHART/utils/accelerometer_processor.py:44: UserWarning: Could not infer format, so each element will be parsed individually, falling back to `dateutil`. To ensure parsing is consistent and as-expected, please specify a format.
  timestamps = pd.to_datetime(data.iloc[:, 0], errors='coerce')
2025-04-14 05:02:29,113 - WARNING - Found 330 invalid timestamps at rows [0 1 2 3 4]...
2025-04-14 05:02:29,125 - ERROR - Error processing /mmfs1/home/sww35/testWatchAcc/LightHART/data/smartfallmm/young/accelerometer/watch/S33A02T08.csv: Insufficient valid data rows after cleaning: 0
2025-04-14 05:02:29,138 - ERROR - Error processing /mmfs1/home/sww35/testWatchAcc/LightHART/data/smartfallmm/young/accelerometer/watch/S33A02T08.csv: Insufficient valid data rows after cleaning: 0
2025-04-14 05:02:29,153 - INFO - Fixed 68 duplicate timestamps
2025-04-14 05:02:29,160 - WARNING - Found 28 time reversals
2025-04-14 05:02:29,166 - INFO - Fixed 22 duplicate timestamps
2025-04-14 05:02:29,222 - INFO - Fixed 964 duplicate timestamps
2025-04-14 05:02:29,241 - WARNING - Found 332 time reversals
2025-04-14 05:02:29,247 - INFO - Fixed 1 duplicate timestamps
2025-04-14 05:02:29,254 - INFO - Fixed 6 duplicate timestamps
2025-04-14 05:02:29,269 - INFO - Fixed 68 duplicate timestamps
2025-04-14 05:02:29,275 - WARNING - Found 28 time reversals
2025-04-14 05:02:29,279 - INFO - Fixed 2 duplicate timestamps
2025-04-14 05:02:29,307 - INFO - Fixed 530 duplicate timestamps
2025-04-14 05:02:29,320 - WARNING - Found 118 time reversals
2025-04-14 05:02:29,324 - INFO - Fixed 9 duplicate timestamps
2025-04-14 05:02:29,330 - INFO - Fixed 1 duplicate timestamps
/mmfs1/home/sww35/testWatchAcc/LightHART/utils/accelerometer_processor.py:44: UserWarning: Could not infer format, so each element will be parsed individually, falling back to `dateutil`. To ensure parsing is consistent and as-expected, please specify a format.
  timestamps = pd.to_datetime(data.iloc[:, 0], errors='coerce')
2025-04-14 05:02:29,336 - WARNING - Found 38 invalid timestamps at rows [0 1 2 3 4]...
2025-04-14 05:02:29,337 - ERROR - Error processing /mmfs1/home/sww35/testWatchAcc/LightHART/data/smartfallmm/young/accelerometer/watch/S33A08T06.csv: Insufficient valid data rows after cleaning: 0
2025-04-14 05:02:29,337 - ERROR - Error processing /mmfs1/home/sww35/testWatchAcc/LightHART/data/smartfallmm/young/accelerometer/watch/S33A08T06.csv: Insufficient valid data rows after cleaning: 0
2025-04-14 05:02:29,386 - INFO - Fixed 329 duplicate timestamps
2025-04-14 05:02:29,408 - WARNING - Found 165 time reversals
2025-04-14 05:02:29,433 - INFO - Fixed 96 duplicate timestamps
2025-04-14 05:02:29,444 - WARNING - Found 41 time reversals
/mmfs1/home/sww35/testWatchAcc/LightHART/utils/accelerometer_processor.py:44: UserWarning: Could not infer format, so each element will be parsed individually, falling back to `dateutil`. To ensure parsing is consistent and as-expected, please specify a format.
  timestamps = pd.to_datetime(data.iloc[:, 0], errors='coerce')
2025-04-14 05:02:29,447 - WARNING - Found 1 invalid timestamps at rows [0]...
2025-04-14 05:02:29,448 - ERROR - Error processing /mmfs1/home/sww35/testWatchAcc/LightHART/data/smartfallmm/young/accelerometer/watch/S33A12T03.csv: 0
2025-04-14 05:02:29,448 - ERROR - Error processing /mmfs1/home/sww35/testWatchAcc/LightHART/data/smartfallmm/young/accelerometer/watch/S33A12T03.csv: 0
2025-04-14 05:02:29,453 - INFO - Fixed 2 duplicate timestamps
/mmfs1/home/sww35/testWatchAcc/LightHART/utils/accelerometer_processor.py:44: UserWarning: Could not infer format, so each element will be parsed individually, falling back to `dateutil`. To ensure parsing is consistent and as-expected, please specify a format.
  timestamps = pd.to_datetime(data.iloc[:, 0], errors='coerce')
2025-04-14 05:02:29,485 - WARNING - Found 409 invalid timestamps at rows [0 1 2 3 4]...
2025-04-14 05:02:29,486 - ERROR - Error processing /mmfs1/home/sww35/testWatchAcc/LightHART/data/smartfallmm/young/accelerometer/watch/S33A07T08.csv: Insufficient valid data rows after cleaning: 0
2025-04-14 05:02:29,486 - ERROR - Error processing /mmfs1/home/sww35/testWatchAcc/LightHART/data/smartfallmm/young/accelerometer/watch/S33A07T08.csv: Insufficient valid data rows after cleaning: 0
2025-04-14 05:02:29,491 - INFO - Fixed 18 duplicate timestamps
/mmfs1/home/sww35/testWatchAcc/LightHART/utils/accelerometer_processor.py:44: UserWarning: Could not infer format, so each element will be parsed individually, falling back to `dateutil`. To ensure parsing is consistent and as-expected, please specify a format.
  timestamps = pd.to_datetime(data.iloc[:, 0], errors='coerce')
2025-04-14 05:02:29,531 - WARNING - Found 649 invalid timestamps at rows [0 1 2 3 4]...
2025-04-14 05:02:29,532 - ERROR - Error processing /mmfs1/home/sww35/testWatchAcc/LightHART/data/smartfallmm/young/accelerometer/watch/S33A08T10.csv: Insufficient valid data rows after cleaning: 0
2025-04-14 05:02:29,532 - ERROR - Error processing /mmfs1/home/sww35/testWatchAcc/LightHART/data/smartfallmm/young/accelerometer/watch/S33A08T10.csv: Insufficient valid data rows after cleaning: 0
2025-04-14 05:02:29,540 - INFO - Fixed 3 duplicate timestamps
/mmfs1/home/sww35/testWatchAcc/LightHART/utils/accelerometer_processor.py:44: UserWarning: Could not infer format, so each element will be parsed individually, falling back to `dateutil`. To ensure parsing is consistent and as-expected, please specify a format.
  timestamps = pd.to_datetime(data.iloc[:, 0], errors='coerce')
2025-04-14 05:02:29,580 - WARNING - Found 649 invalid timestamps at rows [0 1 2 3 4]...
2025-04-14 05:02:29,580 - ERROR - Error processing /mmfs1/home/sww35/testWatchAcc/LightHART/data/smartfallmm/young/accelerometer/watch/S33A02T05.csv: Insufficient valid data rows after cleaning: 0
2025-04-14 05:02:29,580 - ERROR - Error processing /mmfs1/home/sww35/testWatchAcc/LightHART/data/smartfallmm/young/accelerometer/watch/S33A02T05.csv: Insufficient valid data rows after cleaning: 0
2025-04-14 05:02:29,584 - INFO - Fixed 11 duplicate timestamps
2025-04-14 05:02:29,586 - WARNING - Found 1 time reversals
2025-04-14 05:02:29,595 - INFO - Fixed 67 duplicate timestamps
2025-04-14 05:02:29,598 - WARNING - Found 17 time reversals
/mmfs1/home/sww35/testWatchAcc/LightHART/utils/accelerometer_processor.py:44: UserWarning: Could not infer format, so each element will be parsed individually, falling back to `dateutil`. To ensure parsing is consistent and as-expected, please specify a format.
  timestamps = pd.to_datetime(data.iloc[:, 0], errors='coerce')
2025-04-14 05:02:29,615 - WARNING - Found 202 invalid timestamps at rows [0 1 2 3 4]...
2025-04-14 05:02:29,615 - ERROR - Error processing /mmfs1/home/sww35/testWatchAcc/LightHART/data/smartfallmm/young/accelerometer/watch/S33A03T13.csv: Insufficient valid data rows after cleaning: 0
2025-04-14 05:02:29,615 - ERROR - Error processing /mmfs1/home/sww35/testWatchAcc/LightHART/data/smartfallmm/young/accelerometer/watch/S33A03T13.csv: Insufficient valid data rows after cleaning: 0
2025-04-14 05:02:29,629 - INFO - Fixed 180 duplicate timestamps
2025-04-14 05:02:29,634 - WARNING - Found 59 time reversals
/mmfs1/home/sww35/testWatchAcc/LightHART/utils/accelerometer_processor.py:44: UserWarning: Could not infer format, so each element will be parsed individually, falling back to `dateutil`. To ensure parsing is consistent and as-expected, please specify a format.
  timestamps = pd.to_datetime(data.iloc[:, 0], errors='coerce')
2025-04-14 05:02:29,675 - WARNING - Found 615 invalid timestamps at rows [0 1 2 3 4]...
2025-04-14 05:02:29,676 - ERROR - Error processing /mmfs1/home/sww35/testWatchAcc/LightHART/data/smartfallmm/young/accelerometer/watch/S33A13T06.csv: Insufficient valid data rows after cleaning: 0
2025-04-14 05:02:29,676 - ERROR - Error processing /mmfs1/home/sww35/testWatchAcc/LightHART/data/smartfallmm/young/accelerometer/watch/S33A13T06.csv: Insufficient valid data rows after cleaning: 0
/mmfs1/home/sww35/testWatchAcc/LightHART/utils/accelerometer_processor.py:44: UserWarning: Could not infer format, so each element will be parsed individually, falling back to `dateutil`. To ensure parsing is consistent and as-expected, please specify a format.
  timestamps = pd.to_datetime(data.iloc[:, 0], errors='coerce')
2025-04-14 05:02:29,693 - WARNING - Found 222 invalid timestamps at rows [0 1 2 3 4]...
2025-04-14 05:02:29,693 - ERROR - Error processing /mmfs1/home/sww35/testWatchAcc/LightHART/data/smartfallmm/young/accelerometer/watch/S33A07T07.csv: Insufficient valid data rows after cleaning: 0
2025-04-14 05:02:29,693 - ERROR - Error processing /mmfs1/home/sww35/testWatchAcc/LightHART/data/smartfallmm/young/accelerometer/watch/S33A07T07.csv: Insufficient valid data rows after cleaning: 0
2025-04-14 05:02:29,701 - INFO - Fixed 65 duplicate timestamps
2025-04-14 05:02:29,704 - WARNING - Found 19 time reversals
2025-04-14 05:02:29,709 - INFO - Fixed 2 duplicate timestamps
2025-04-14 05:02:29,724 - INFO - Fixed 68 duplicate timestamps
2025-04-14 05:02:29,730 - WARNING - Found 28 time reversals
2025-04-14 05:02:29,742 - INFO - Fixed 68 duplicate timestamps
2025-04-14 05:02:29,748 - WARNING - Found 28 time reversals
2025-04-14 05:02:29,791 - INFO - Fixed 900 duplicate timestamps
2025-04-14 05:02:29,810 - WARNING - Found 221 time reversals
2025-04-14 05:02:29,815 - INFO - Fixed 26 duplicate timestamps
2025-04-14 05:02:29,821 - INFO - Fixed 4 duplicate timestamps
2025-04-14 05:02:29,831 - INFO - Fixed 2 duplicate timestamps
/mmfs1/home/sww35/testWatchAcc/LightHART/utils/accelerometer_processor.py:44: UserWarning: Could not infer format, so each element will be parsed individually, falling back to `dateutil`. To ensure parsing is consistent and as-expected, please specify a format.
  timestamps = pd.to_datetime(data.iloc[:, 0], errors='coerce')
2025-04-14 05:02:29,856 - WARNING - Found 216 invalid timestamps at rows [0 1 2 3 4]...
2025-04-14 05:02:29,856 - ERROR - Error processing /mmfs1/home/sww35/testWatchAcc/LightHART/data/smartfallmm/young/accelerometer/watch/S33A03T08.csv: Insufficient valid data rows after cleaning: 0
2025-04-14 05:02:29,856 - ERROR - Error processing /mmfs1/home/sww35/testWatchAcc/LightHART/data/smartfallmm/young/accelerometer/watch/S33A03T08.csv: Insufficient valid data rows after cleaning: 0
/mmfs1/home/sww35/testWatchAcc/LightHART/utils/accelerometer_processor.py:44: UserWarning: Could not infer format, so each element will be parsed individually, falling back to `dateutil`. To ensure parsing is consistent and as-expected, please specify a format.
  timestamps = pd.to_datetime(data.iloc[:, 0], errors='coerce')
2025-04-14 05:02:29,858 - WARNING - Found 215 invalid timestamps at rows [  0 435 436 437 438]...
2025-04-14 05:02:29,859 - ERROR - Error processing /mmfs1/home/sww35/testWatchAcc/LightHART/data/smartfallmm/young/accelerometer/watch/S33A02T02.csv: 0
2025-04-14 05:02:29,859 - ERROR - Error processing /mmfs1/home/sww35/testWatchAcc/LightHART/data/smartfallmm/young/accelerometer/watch/S33A02T02.csv: 0
2025-04-14 05:02:29,885 - INFO - Fixed 433 duplicate timestamps
2025-04-14 05:02:29,895 - WARNING - Found 139 time reversals
2025-04-14 05:02:29,901 - INFO - Fixed 8 duplicate timestamps
/mmfs1/home/sww35/testWatchAcc/LightHART/utils/accelerometer_processor.py:44: UserWarning: Could not infer format, so each element will be parsed individually, falling back to `dateutil`. To ensure parsing is consistent and as-expected, please specify a format.
  timestamps = pd.to_datetime(data.iloc[:, 0], errors='coerce')
2025-04-14 05:02:29,934 - WARNING - Found 510 invalid timestamps at rows [0 1 2 3 4]...
2025-04-14 05:02:29,934 - ERROR - Error processing /mmfs1/home/sww35/testWatchAcc/LightHART/data/smartfallmm/young/accelerometer/watch/S33A07T11.csv: Insufficient valid data rows after cleaning: 0
2025-04-14 05:02:29,934 - ERROR - Error processing /mmfs1/home/sww35/testWatchAcc/LightHART/data/smartfallmm/young/accelerometer/watch/S33A07T11.csv: Insufficient valid data rows after cleaning: 0
2025-04-14 05:02:29,939 - INFO - Fixed 13 duplicate timestamps
2025-04-14 05:02:29,945 - INFO - Fixed 22 duplicate timestamps
/mmfs1/home/sww35/testWatchAcc/LightHART/utils/accelerometer_processor.py:44: UserWarning: Could not infer format, so each element will be parsed individually, falling back to `dateutil`. To ensure parsing is consistent and as-expected, please specify a format.
  timestamps = pd.to_datetime(data.iloc[:, 0], errors='coerce')
2025-04-14 05:02:29,976 - WARNING - Found 509 invalid timestamps at rows [0 1 2 3 4]...
2025-04-14 05:02:29,976 - ERROR - Error processing /mmfs1/home/sww35/testWatchAcc/LightHART/data/smartfallmm/young/accelerometer/watch/S33A02T06.csv: Insufficient valid data rows after cleaning: 0
2025-04-14 05:02:29,976 - ERROR - Error processing /mmfs1/home/sww35/testWatchAcc/LightHART/data/smartfallmm/young/accelerometer/watch/S33A02T06.csv: Insufficient valid data rows after cleaning: 0
2025-04-14 05:02:29,981 - INFO - Fixed 11 duplicate timestamps
2025-04-14 05:02:29,982 - WARNING - Found 1 time reversals
2025-04-14 05:02:29,986 - INFO - Fixed 1 duplicate timestamps
2025-04-14 05:02:29,993 - INFO - Fixed 26 duplicate timestamps
2025-04-14 05:02:29,994 - WARNING - Found 5 time reversals
/mmfs1/home/sww35/testWatchAcc/LightHART/utils/accelerometer_processor.py:44: UserWarning: Could not infer format, so each element will be parsed individually, falling back to `dateutil`. To ensure parsing is consistent and as-expected, please specify a format.
  timestamps = pd.to_datetime(data.iloc[:, 0], errors='coerce')
2025-04-14 05:02:29,999 - WARNING - Found 38 invalid timestamps at rows [0 1 2 3 4]...
2025-04-14 05:02:29,999 - ERROR - Error processing /mmfs1/home/sww35/testWatchAcc/LightHART/data/smartfallmm/young/accelerometer/watch/S33A11T05.csv: Insufficient valid data rows after cleaning: 0
2025-04-14 05:02:29,999 - ERROR - Error processing /mmfs1/home/sww35/testWatchAcc/LightHART/data/smartfallmm/young/accelerometer/watch/S33A11T05.csv: Insufficient valid data rows after cleaning: 0
2025-04-14 05:02:30,015 - INFO - Fixed 41 duplicate timestamps
2025-04-14 05:02:30,024 - WARNING - Found 19 time reversals
/mmfs1/home/sww35/testWatchAcc/LightHART/utils/accelerometer_processor.py:44: UserWarning: Could not infer format, so each element will be parsed individually, falling back to `dateutil`. To ensure parsing is consistent and as-expected, please specify a format.
  timestamps = pd.to_datetime(data.iloc[:, 0], errors='coerce')
2025-04-14 05:02:30,043 - WARNING - Found 221 invalid timestamps at rows [0 1 2 3 4]...
2025-04-14 05:02:30,043 - ERROR - Error processing /mmfs1/home/sww35/testWatchAcc/LightHART/data/smartfallmm/young/accelerometer/watch/S33A01T02.csv: Insufficient valid data rows after cleaning: 0
2025-04-14 05:02:30,043 - ERROR - Error processing /mmfs1/home/sww35/testWatchAcc/LightHART/data/smartfallmm/young/accelerometer/watch/S33A01T02.csv: Insufficient valid data rows after cleaning: 0
2025-04-14 05:02:30,047 - INFO - Fixed 1 duplicate timestamps
2025-04-14 05:02:30,055 - INFO - Fixed 10 duplicate timestamps
2025-04-14 05:02:30,104 - INFO - Fixed 760 duplicate timestamps
2025-04-14 05:02:30,123 - WARNING - Found 154 time reversals
2025-04-14 05:02:30,128 - INFO - Fixed 4 duplicate timestamps
2025-04-14 05:02:30,134 - INFO - Fixed 9 duplicate timestamps
2025-04-14 05:02:30,136 - WARNING - Found 1 time reversals
2025-04-14 05:02:30,141 - INFO - Fixed 3 duplicate timestamps
2025-04-14 05:02:30,162 - INFO - Fixed 64 duplicate timestamps
2025-04-14 05:02:30,176 - WARNING - Found 16 time reversals
2025-04-14 05:02:30,186 - INFO - Dataset Statistics for subjects [45, 36, 29, 32, 30, 31, 33, 34, 35, 37, 43, 44]:
2025-04-14 05:02:30,193 - INFO - Total files: 556
2025-04-14 05:02:30,195 - INFO - Successfully processed: 446 (80.2%)
2025-04-14 05:02:30,195 - INFO - Errors: 110
2025-04-14 05:02:30,195 - INFO - Falls: 1976 samples
2025-04-14 05:02:30,195 - INFO - Non-falls: 3052 samples
2025-04-14 05:02:30,195 - INFO - Activities distribution:
2025-04-14 05:02:30,195 - INFO -   Activity 1 (ADL): 28 files
2025-04-14 05:02:30,195 - INFO -   Activity 2 (ADL): 38 files
2025-04-14 05:02:30,208 - INFO -   Activity 3 (ADL): 50 files
2025-04-14 05:02:30,210 - INFO -   Activity 4 (ADL): 5 files
2025-04-14 05:02:30,210 - INFO -   Activity 5 (ADL): 45 files
2025-04-14 05:02:30,210 - INFO -   Activity 6 (ADL): 37 files
2025-04-14 05:02:30,210 - INFO -   Activity 7 (ADL): 35 files
2025-04-14 05:02:30,210 - INFO -   Activity 8 (ADL): 44 files
2025-04-14 05:02:30,210 - INFO -   Activity 9 (ADL): 42 files
2025-04-14 05:02:30,210 - INFO -   Activity 10 (Fall): 50 files
2025-04-14 05:02:30,210 - INFO -   Activity 11 (Fall): 40 files
2025-04-14 05:02:30,210 - INFO -   Activity 12 (Fall): 51 files
2025-04-14 05:02:30,210 - INFO -   Activity 13 (Fall): 45 files
2025-04-14 05:02:30,210 - INFO -   Activity 14 (Fall): 46 files
2025-04-14 05:02:30,892 - INFO - Fixed 26 duplicate timestamps
2025-04-14 05:02:30,897 - WARNING - Found 4 time reversals
2025-04-14 05:02:30,907 - INFO - Fixed 94 duplicate timestamps
2025-04-14 05:02:30,910 - WARNING - Found 35 time reversals
2025-04-14 05:02:30,964 - INFO - Fixed 971 duplicate timestamps
2025-04-14 05:02:30,981 - WARNING - Found 431 time reversals
2025-04-14 05:02:31,036 - INFO - Fixed 953 duplicate timestamps
2025-04-14 05:02:31,057 - WARNING - Found 312 time reversals
2025-04-14 05:02:31,064 - INFO - Fixed 8 duplicate timestamps
2025-04-14 05:02:31,067 - WARNING - Found 1 time reversals
2025-04-14 05:02:31,124 - INFO - Fixed 953 duplicate timestamps
2025-04-14 05:02:31,144 - WARNING - Found 312 time reversals
2025-04-14 05:02:31,200 - INFO - Fixed 953 duplicate timestamps
2025-04-14 05:02:31,220 - WARNING - Found 312 time reversals
2025-04-14 05:02:31,227 - INFO - Fixed 29 duplicate timestamps
2025-04-14 05:02:31,240 - WARNING - Found 5 time reversals
2025-04-14 05:02:31,274 - INFO - Fixed 432 duplicate timestamps
2025-04-14 05:02:31,282 - WARNING - Found 186 time reversals
2025-04-14 05:02:31,337 - INFO - Fixed 953 duplicate timestamps
2025-04-14 05:02:31,358 - WARNING - Found 312 time reversals
2025-04-14 05:02:31,365 - INFO - Fixed 1 duplicate timestamps
2025-04-14 05:02:31,377 - INFO - Fixed 93 duplicate timestamps
2025-04-14 05:02:31,380 - WARNING - Found 33 time reversals
2025-04-14 05:02:31,388 - INFO - Fixed 43 duplicate timestamps
2025-04-14 05:02:31,391 - WARNING - Found 17 time reversals
2025-04-14 05:02:31,415 - INFO - Fixed 363 duplicate timestamps
2025-04-14 05:02:31,423 - WARNING - Found 141 time reversals
2025-04-14 05:02:31,428 - INFO - Fixed 2 duplicate timestamps
2025-04-14 05:02:31,442 - INFO - Fixed 75 duplicate timestamps
2025-04-14 05:02:31,447 - WARNING - Found 27 time reversals
2025-04-14 05:02:31,470 - INFO - Fixed 363 duplicate timestamps
2025-04-14 05:02:31,477 - WARNING - Found 137 time reversals
2025-04-14 05:02:31,487 - INFO - Fixed 79 duplicate timestamps
2025-04-14 05:02:31,491 - WARNING - Found 18 time reversals
2025-04-14 05:02:31,498 - INFO - Fixed 9 duplicate timestamps
2025-04-14 05:02:31,552 - INFO - Fixed 971 duplicate timestamps
2025-04-14 05:02:31,569 - WARNING - Found 431 time reversals
2025-04-14 05:02:31,624 - INFO - Fixed 953 duplicate timestamps
2025-04-14 05:02:31,645 - WARNING - Found 312 time reversals
2025-04-14 05:02:31,654 - INFO - Fixed 26 duplicate timestamps
2025-04-14 05:02:31,673 - INFO - Fixed 96 duplicate timestamps
2025-04-14 05:02:31,681 - WARNING - Found 28 time reversals
2025-04-14 05:02:31,708 - INFO - Fixed 430 duplicate timestamps
2025-04-14 05:02:31,716 - WARNING - Found 171 time reversals
2025-04-14 05:02:31,770 - INFO - Fixed 971 duplicate timestamps
2025-04-14 05:02:31,787 - WARNING - Found 431 time reversals
2025-04-14 05:02:31,807 - INFO - Fixed 123 duplicate timestamps
2025-04-14 05:02:31,817 - WARNING - Found 41 time reversals
2025-04-14 05:02:31,875 - INFO - Fixed 953 duplicate timestamps
2025-04-14 05:02:31,895 - WARNING - Found 312 time reversals
2025-04-14 05:02:31,902 - INFO - Fixed 2 duplicate timestamps
2025-04-14 05:02:31,921 - INFO - Fixed 72 duplicate timestamps
2025-04-14 05:02:31,924 - WARNING - Found 19 time reversals
2025-04-14 05:02:31,934 - INFO - Fixed 64 duplicate timestamps
2025-04-14 05:02:31,936 - WARNING - Found 14 time reversals
2025-04-14 05:02:31,939 - INFO - Fixed 6 duplicate timestamps
2025-04-14 05:02:31,995 - INFO - Fixed 953 duplicate timestamps
2025-04-14 05:02:32,016 - WARNING - Found 312 time reversals
2025-04-14 05:02:32,027 - INFO - Fixed 101 duplicate timestamps
2025-04-14 05:02:32,031 - WARNING - Found 37 time reversals
2025-04-14 05:02:32,063 - INFO - Fixed 501 duplicate timestamps
2025-04-14 05:02:32,074 - WARNING - Found 173 time reversals
2025-04-14 05:02:32,094 - INFO - Fixed 123 duplicate timestamps
2025-04-14 05:02:32,103 - WARNING - Found 41 time reversals
2025-04-14 05:02:32,163 - INFO - Fixed 953 duplicate timestamps
2025-04-14 05:02:32,183 - WARNING - Found 312 time reversals
2025-04-14 05:02:32,196 - INFO - Fixed 75 duplicate timestamps
2025-04-14 05:02:32,201 - WARNING - Found 27 time reversals
2025-04-14 05:02:32,207 - INFO - Fixed 8 duplicate timestamps
2025-04-14 05:02:32,214 - INFO - Fixed 1 duplicate timestamps
2025-04-14 05:02:32,233 - INFO - Fixed 252 duplicate timestamps
2025-04-14 05:02:32,237 - WARNING - Found 99 time reversals
2025-04-14 05:02:32,291 - INFO - Fixed 971 duplicate timestamps
2025-04-14 05:02:32,310 - WARNING - Found 431 time reversals
2025-04-14 05:02:32,365 - INFO - Fixed 953 duplicate timestamps
2025-04-14 05:02:32,386 - WARNING - Found 312 time reversals
2025-04-14 05:02:32,441 - INFO - Fixed 953 duplicate timestamps
2025-04-14 05:02:32,462 - WARNING - Found 312 time reversals
2025-04-14 05:02:32,478 - INFO - Fixed 252 duplicate timestamps
2025-04-14 05:02:32,482 - WARNING - Found 99 time reversals
2025-04-14 05:02:32,508 - INFO - Fixed 430 duplicate timestamps
2025-04-14 05:02:32,516 - WARNING - Found 171 time reversals
2025-04-14 05:02:32,523 - INFO - Fixed 51 duplicate timestamps
2025-04-14 05:02:32,540 - INFO - Fixed 252 duplicate timestamps
2025-04-14 05:02:32,544 - WARNING - Found 99 time reversals
2025-04-14 05:02:32,550 - INFO - Fixed 12 duplicate timestamps
2025-04-14 05:02:32,606 - INFO - Fixed 953 duplicate timestamps
2025-04-14 05:02:32,626 - WARNING - Found 312 time reversals
2025-04-14 05:02:32,634 - INFO - Fixed 42 duplicate timestamps
2025-04-14 05:02:32,691 - INFO - Fixed 953 duplicate timestamps
2025-04-14 05:02:32,711 - WARNING - Found 312 time reversals
2025-04-14 05:02:32,720 - INFO - Fixed 73 duplicate timestamps
2025-04-14 05:02:32,723 - WARNING - Found 18 time reversals
2025-04-14 05:02:32,749 - INFO - Fixed 430 duplicate timestamps
2025-04-14 05:02:32,758 - WARNING - Found 171 time reversals
2025-04-14 05:02:32,769 - INFO - Fixed 94 duplicate timestamps
2025-04-14 05:02:32,773 - WARNING - Found 21 time reversals
2025-04-14 05:02:32,799 - INFO - Fixed 430 duplicate timestamps
2025-04-14 05:02:32,807 - WARNING - Found 171 time reversals
2025-04-14 05:02:32,823 - INFO - Fixed 252 duplicate timestamps
2025-04-14 05:02:32,827 - WARNING - Found 99 time reversals
2025-04-14 05:02:32,853 - INFO - Fixed 443 duplicate timestamps
2025-04-14 05:02:32,863 - WARNING - Found 134 time reversals
2025-04-14 05:02:32,875 - INFO - Fixed 75 duplicate timestamps
2025-04-14 05:02:32,880 - WARNING - Found 27 time reversals
2025-04-14 05:02:32,895 - INFO - Fixed 101 duplicate timestamps
2025-04-14 05:02:32,902 - WARNING - Found 32 time reversals
2025-04-14 05:02:32,934 - INFO - Fixed 123 duplicate timestamps
2025-04-14 05:02:32,943 - WARNING - Found 41 time reversals
2025-04-14 05:02:32,949 - INFO - Fixed 28 duplicate timestamps
2025-04-14 05:02:32,952 - WARNING - Found 11 time reversals
2025-04-14 05:02:33,006 - INFO - Fixed 953 duplicate timestamps
2025-04-14 05:02:33,026 - WARNING - Found 312 time reversals
2025-04-14 05:02:33,082 - INFO - Fixed 953 duplicate timestamps
2025-04-14 05:02:33,102 - WARNING - Found 312 time reversals
2025-04-14 05:02:33,123 - INFO - Fixed 123 duplicate timestamps
2025-04-14 05:02:33,132 - WARNING - Found 41 time reversals
2025-04-14 05:02:33,187 - INFO - Fixed 953 duplicate timestamps
2025-04-14 05:02:33,207 - WARNING - Found 312 time reversals
2025-04-14 05:02:33,263 - INFO - Fixed 953 duplicate timestamps
2025-04-14 05:02:33,287 - WARNING - Found 312 time reversals
2025-04-14 05:02:33,310 - INFO - Fixed 123 duplicate timestamps
2025-04-14 05:02:33,319 - WARNING - Found 41 time reversals
2025-04-14 05:02:33,327 - INFO - Fixed 2 duplicate timestamps
2025-04-14 05:02:33,382 - INFO - Fixed 953 duplicate timestamps
2025-04-14 05:02:33,403 - WARNING - Found 312 time reversals
2025-04-14 05:02:33,458 - INFO - Fixed 953 duplicate timestamps
2025-04-14 05:02:33,478 - WARNING - Found 312 time reversals
2025-04-14 05:02:33,486 - INFO - Fixed 12 duplicate timestamps
2025-04-14 05:02:33,515 - INFO - Fixed 443 duplicate timestamps
2025-04-14 05:02:33,525 - WARNING - Found 134 time reversals
2025-04-14 05:02:33,530 - INFO - Fixed 1 duplicate timestamps
2025-04-14 05:02:33,586 - INFO - Fixed 953 duplicate timestamps
2025-04-14 05:02:33,607 - WARNING - Found 312 time reversals
2025-04-14 05:02:33,662 - INFO - Fixed 953 duplicate timestamps
2025-04-14 05:02:33,682 - WARNING - Found 312 time reversals
2025-04-14 05:02:33,689 - INFO - Fixed 9 duplicate timestamps
2025-04-14 05:02:33,707 - INFO - Fixed 252 duplicate timestamps
2025-04-14 05:02:33,711 - WARNING - Found 99 time reversals
2025-04-14 05:02:33,717 - INFO - Fixed 10 duplicate timestamps
2025-04-14 05:02:33,726 - INFO - Fixed 15 duplicate timestamps
2025-04-14 05:02:33,737 - INFO - Fixed 60 duplicate timestamps
2025-04-14 05:02:33,740 - WARNING - Found 11 time reversals
2025-04-14 05:02:33,752 - INFO - Fixed 86 duplicate timestamps
2025-04-14 05:02:33,755 - WARNING - Found 28 time reversals
2025-04-14 05:02:33,809 - INFO - Fixed 953 duplicate timestamps
2025-04-14 05:02:33,829 - WARNING - Found 312 time reversals
2025-04-14 05:02:33,885 - INFO - Fixed 953 duplicate timestamps
2025-04-14 05:02:33,905 - WARNING - Found 312 time reversals
2025-04-14 05:02:33,933 - INFO - Fixed 349 duplicate timestamps
2025-04-14 05:02:33,941 - WARNING - Found 148 time reversals
2025-04-14 05:02:33,945 - INFO - Fixed 3 duplicate timestamps
2025-04-14 05:02:33,999 - INFO - Fixed 953 duplicate timestamps
2025-04-14 05:02:34,020 - WARNING - Found 312 time reversals
2025-04-14 05:02:34,047 - INFO - Fixed 443 duplicate timestamps
2025-04-14 05:02:34,057 - WARNING - Found 134 time reversals
2025-04-14 05:02:34,084 - INFO - Fixed 443 duplicate timestamps
2025-04-14 05:02:34,094 - WARNING - Found 134 time reversals
2025-04-14 05:02:34,102 - INFO - Fixed 52 duplicate timestamps
2025-04-14 05:02:34,104 - WARNING - Found 17 time reversals
2025-04-14 05:02:34,131 - INFO - Fixed 430 duplicate timestamps
2025-04-14 05:02:34,139 - WARNING - Found 171 time reversals
2025-04-14 05:02:34,195 - INFO - Fixed 971 duplicate timestamps
2025-04-14 05:02:34,212 - WARNING - Found 431 time reversals
2025-04-14 05:02:34,238 - INFO - Fixed 397 duplicate timestamps
2025-04-14 05:02:34,246 - WARNING - Found 160 time reversals
2025-04-14 05:02:34,259 - INFO - Fixed 75 duplicate timestamps
2025-04-14 05:02:34,264 - WARNING - Found 27 time reversals
2025-04-14 05:02:34,269 - INFO - Fixed 7 duplicate timestamps
2025-04-14 05:02:34,327 - INFO - Fixed 953 duplicate timestamps
2025-04-14 05:02:34,349 - WARNING - Found 312 time reversals
2025-04-14 05:02:34,358 - INFO - Fixed 61 duplicate timestamps
2025-04-14 05:02:34,361 - WARNING - Found 15 time reversals
2025-04-14 05:02:34,415 - INFO - Fixed 953 duplicate timestamps
2025-04-14 05:02:34,436 - WARNING - Found 312 time reversals
2025-04-14 05:02:34,442 - INFO - Fixed 3 duplicate timestamps
2025-04-14 05:02:34,498 - INFO - Fixed 953 duplicate timestamps
2025-04-14 05:02:34,518 - WARNING - Found 312 time reversals
2025-04-14 05:02:34,524 - INFO - Fixed 1 duplicate timestamps
2025-04-14 05:02:34,532 - INFO - Fixed 5 duplicate timestamps
2025-04-14 05:02:34,543 - INFO - Fixed 29 duplicate timestamps
2025-04-14 05:02:34,545 - WARNING - Found 6 time reversals
2025-04-14 05:02:34,565 - INFO - Fixed 123 duplicate timestamps
2025-04-14 05:02:34,574 - WARNING - Found 41 time reversals
2025-04-14 05:02:34,598 - INFO - Fixed 369 duplicate timestamps
2025-04-14 05:02:34,606 - WARNING - Found 154 time reversals
2025-04-14 05:02:34,620 - INFO - Fixed 95 duplicate timestamps
2025-04-14 05:02:34,626 - WARNING - Found 28 time reversals
2025-04-14 05:02:34,630 - INFO - Fixed 3 duplicate timestamps
2025-04-14 05:02:34,637 - INFO - Fixed 64 duplicate timestamps
2025-04-14 05:02:34,639 - WARNING - Found 25 time reversals
2025-04-14 05:02:34,647 - INFO - Fixed 68 duplicate timestamps
2025-04-14 05:02:34,649 - WARNING - Found 17 time reversals
2025-04-14 05:02:34,707 - INFO - Fixed 953 duplicate timestamps
2025-04-14 05:02:34,728 - WARNING - Found 312 time reversals
2025-04-14 05:02:34,752 - INFO - Fixed 349 duplicate timestamps
2025-04-14 05:02:34,759 - WARNING - Found 148 time reversals
2025-04-14 05:02:34,768 - INFO - Fixed 55 duplicate timestamps
2025-04-14 05:02:34,797 - INFO - Fixed 443 duplicate timestamps
2025-04-14 05:02:34,807 - WARNING - Found 134 time reversals
2025-04-14 05:02:34,862 - INFO - Fixed 953 duplicate timestamps
2025-04-14 05:02:34,882 - WARNING - Found 312 time reversals
2025-04-14 05:02:34,914 - INFO - Fixed 468 duplicate timestamps
2025-04-14 05:02:34,926 - WARNING - Found 154 time reversals
2025-04-14 05:02:34,981 - INFO - Fixed 953 duplicate timestamps
2025-04-14 05:02:35,001 - WARNING - Found 312 time reversals
2025-04-14 05:02:35,014 - INFO - Fixed 75 duplicate timestamps
2025-04-14 05:02:35,019 - WARNING - Found 27 time reversals
2025-04-14 05:02:35,026 - INFO - Fixed 59 duplicate timestamps
2025-04-14 05:02:35,028 - WARNING - Found 22 time reversals
2025-04-14 05:02:35,082 - INFO - Fixed 953 duplicate timestamps
2025-04-14 05:02:35,103 - WARNING - Found 312 time reversals
2025-04-14 05:02:35,128 - INFO - Fixed 365 duplicate timestamps
2025-04-14 05:02:35,136 - WARNING - Found 169 time reversals
2025-04-14 05:02:35,138 - INFO - Dataset Statistics for subjects [38, 46]:
2025-04-14 05:02:35,138 - INFO - Total files: 689
2025-04-14 05:02:35,138 - INFO - Successfully processed: 579 (84.0%)
2025-04-14 05:02:35,138 - INFO - Errors: 110
2025-04-14 05:02:35,138 - INFO - Falls: 141 samples
2025-04-14 05:02:35,138 - INFO - Non-falls: 1801 samples
2025-04-14 05:02:35,138 - INFO - Activities distribution:
2025-04-14 05:02:35,138 - INFO -   Activity 1 (ADL): 38 files
2025-04-14 05:02:35,138 - INFO -   Activity 2 (ADL): 48 files
2025-04-14 05:02:35,138 - INFO -   Activity 3 (ADL): 60 files
2025-04-14 05:02:35,138 - INFO -   Activity 4 (ADL): 10 files
2025-04-14 05:02:35,138 - INFO -   Activity 5 (ADL): 55 files
2025-04-14 05:02:35,138 - INFO -   Activity 6 (ADL): 47 files
2025-04-14 05:02:35,138 - INFO -   Activity 7 (ADL): 46 files
2025-04-14 05:02:35,138 - INFO -   Activity 8 (ADL): 54 files
2025-04-14 05:02:35,138 - INFO -   Activity 9 (ADL): 52 files
2025-04-14 05:02:35,138 - INFO -   Activity 10 (Fall): 60 files
2025-04-14 05:02:35,138 - INFO -   Activity 11 (Fall): 50 files
2025-04-14 05:02:35,138 - INFO -   Activity 12 (Fall): 61 files
2025-04-14 05:02:35,138 - INFO -   Activity 13 (Fall): 53 files
2025-04-14 05:02:35,138 - INFO -   Activity 14 (Fall): 55 files
2025-04-14 05:02:36,926 - INFO - Fixed 10 duplicate timestamps
2025-04-14 05:02:36,931 - WARNING - Found 2 time reversals
2025-04-14 05:02:36,943 - INFO - Fixed 119 duplicate timestamps
2025-04-14 05:02:36,947 - WARNING - Found 38 time reversals
2025-04-14 05:02:36,954 - INFO - Fixed 72 duplicate timestamps
2025-04-14 05:02:36,956 - WARNING - Found 17 time reversals
2025-04-14 05:02:36,965 - INFO - Fixed 10 duplicate timestamps
2025-04-14 05:02:36,974 - INFO - Fixed 43 duplicate timestamps
2025-04-14 05:02:36,981 - INFO - Fixed 8 duplicate timestamps
2025-04-14 05:02:36,983 - WARNING - Found 1 time reversals
2025-04-14 05:02:36,989 - INFO - Fixed 7 duplicate timestamps
2025-04-14 05:02:36,991 - WARNING - Found 2 time reversals
2025-04-14 05:02:36,999 - INFO - Fixed 19 duplicate timestamps
2025-04-14 05:02:37,002 - WARNING - Found 7 time reversals
2025-04-14 05:02:37,007 - INFO - Fixed 7 duplicate timestamps
2025-04-14 05:02:37,015 - INFO - Fixed 8 duplicate timestamps
2025-04-14 05:02:37,018 - WARNING - Found 1 time reversals
2025-04-14 05:02:37,023 - INFO - Fixed 6 duplicate timestamps
2025-04-14 05:02:37,037 - INFO - Fixed 33 duplicate timestamps
2025-04-14 05:02:37,044 - INFO - Fixed 7 duplicate timestamps
2025-04-14 05:02:37,053 - INFO - Fixed 10 duplicate timestamps
2025-04-14 05:02:37,057 - WARNING - Found 1 time reversals
2025-04-14 05:02:37,066 - INFO - Fixed 98 duplicate timestamps
2025-04-14 05:02:37,068 - WARNING - Found 26 time reversals
2025-04-14 05:02:37,081 - INFO - Fixed 110 duplicate timestamps
2025-04-14 05:02:37,087 - WARNING - Found 40 time reversals
2025-04-14 05:02:37,090 - INFO - Fixed 2 duplicate timestamps
2025-04-14 05:02:37,101 - INFO - Fixed 15 duplicate timestamps
2025-04-14 05:02:37,104 - WARNING - Found 2 time reversals
2025-04-14 05:02:37,113 - INFO - Fixed 174 duplicate timestamps
2025-04-14 05:02:37,115 - WARNING - Found 64 time reversals
2025-04-14 05:02:37,127 - INFO - Fixed 51 duplicate timestamps
2025-04-14 05:02:37,140 - INFO - Fixed 6 duplicate timestamps
2025-04-14 05:02:37,150 - INFO - Fixed 22 duplicate timestamps
2025-04-14 05:02:37,153 - WARNING - Found 2 time reversals
2025-04-14 05:02:37,158 - INFO - Fixed 1 duplicate timestamps
2025-04-14 05:02:37,165 - INFO - Fixed 4 duplicate timestamps
2025-04-14 05:02:37,174 - INFO - Fixed 2 duplicate timestamps
2025-04-14 05:02:37,183 - INFO - Fixed 55 duplicate timestamps
2025-04-14 05:02:37,185 - WARNING - Found 13 time reversals
2025-04-14 05:02:37,200 - INFO - Fixed 135 duplicate timestamps
2025-04-14 05:02:37,207 - WARNING - Found 36 time reversals
2025-04-14 05:02:37,216 - INFO - Fixed 7 duplicate timestamps
2025-04-14 05:02:37,217 - WARNING - Found 1 time reversals
2025-04-14 05:02:37,228 - INFO - Fixed 83 duplicate timestamps
2025-04-14 05:02:37,233 - WARNING - Found 17 time reversals
2025-04-14 05:02:37,242 - INFO - Fixed 61 duplicate timestamps
2025-04-14 05:02:37,245 - WARNING - Found 21 time reversals
2025-04-14 05:02:37,251 - INFO - Fixed 11 duplicate timestamps
2025-04-14 05:02:37,259 - INFO - Fixed 9 duplicate timestamps
2025-04-14 05:02:37,273 - INFO - Fixed 164 duplicate timestamps
2025-04-14 05:02:37,277 - WARNING - Found 35 time reversals
2025-04-14 05:02:37,283 - INFO - Fixed 2 duplicate timestamps
2025-04-14 05:02:37,291 - INFO - Fixed 12 duplicate timestamps
2025-04-14 05:02:37,303 - INFO - Fixed 121 duplicate timestamps
2025-04-14 05:02:37,305 - WARNING - Found 41 time reversals
2025-04-14 05:02:37,315 - INFO - Fixed 11 duplicate timestamps
2025-04-14 05:02:37,323 - WARNING - Found 2 time reversals
2025-04-14 05:02:37,343 - INFO - Fixed 13 duplicate timestamps
2025-04-14 05:02:37,349 - WARNING - Found 2 time reversals
2025-04-14 05:02:37,354 - INFO - Fixed 14 duplicate timestamps
2025-04-14 05:02:37,363 - WARNING - Found 4 time reversals
2025-04-14 05:02:37,373 - INFO - Fixed 3 duplicate timestamps
2025-04-14 05:02:37,382 - INFO - Fixed 5 duplicate timestamps
2025-04-14 05:02:37,397 - INFO - Fixed 53 duplicate timestamps
2025-04-14 05:02:37,404 - WARNING - Found 10 time reversals
2025-04-14 05:02:37,410 - INFO - Fixed 53 duplicate timestamps
2025-04-14 05:02:37,423 - INFO - Fixed 73 duplicate timestamps
2025-04-14 05:02:37,428 - WARNING - Found 16 time reversals
2025-04-14 05:02:37,434 - INFO - Fixed 2 duplicate timestamps
2025-04-14 05:02:37,442 - INFO - Fixed 45 duplicate timestamps
2025-04-14 05:02:37,444 - WARNING - Found 13 time reversals
2025-04-14 05:02:37,455 - INFO - Fixed 15 duplicate timestamps
2025-04-14 05:02:37,458 - INFO - Dataset Statistics for subjects [39]:
2025-04-14 05:02:37,458 - INFO - Total files: 743
2025-04-14 05:02:37,458 - INFO - Successfully processed: 633 (85.2%)
2025-04-14 05:02:37,458 - INFO - Errors: 110
2025-04-14 05:02:37,458 - INFO - Falls: 76 samples
2025-04-14 05:02:37,458 - INFO - Non-falls: 585 samples
2025-04-14 05:02:37,458 - INFO - Activities distribution:
2025-04-14 05:02:37,458 - INFO -   Activity 1 (ADL): 41 files
2025-04-14 05:02:37,458 - INFO -   Activity 2 (ADL): 53 files
2025-04-14 05:02:37,458 - INFO -   Activity 3 (ADL): 65 files
2025-04-14 05:02:37,458 - INFO -   Activity 4 (ADL): 10 files
2025-04-14 05:02:37,459 - INFO -   Activity 5 (ADL): 60 files
2025-04-14 05:02:37,459 - INFO -   Activity 6 (ADL): 52 files
2025-04-14 05:02:37,459 - INFO -   Activity 7 (ADL): 50 files
2025-04-14 05:02:37,459 - INFO -   Activity 8 (ADL): 59 files
2025-04-14 05:02:37,459 - INFO -   Activity 9 (ADL): 57 files
2025-04-14 05:02:37,459 - INFO -   Activity 10 (Fall): 62 files
2025-04-14 05:02:37,459 - INFO -   Activity 11 (Fall): 54 files
2025-04-14 05:02:37,459 - INFO -   Activity 12 (Fall): 64 files
2025-04-14 05:02:37,459 - INFO -   Activity 13 (Fall): 56 files
2025-04-14 05:02:37,459 - INFO -   Activity 14 (Fall): 60 files
2025-04-14 05:02:37,844 - INFO - Data loaded - Train: 5028 samples
2025-04-14 05:02:37,844 - INFO - Val: 1942 samples
2025-04-14 05:02:37,844 - INFO - Test: 661 samples
2025-04-14 05:02:37,844 - INFO - Train class distribution - Non-falls: 3052, Falls: 1976
2025-04-14 05:02:37,844 - INFO - Val class distribution - Non-falls: 1801, Falls: 141
2025-04-14 05:02:37,844 - INFO - Test class distribution - Non-falls: 585, Falls: 76
/home/sww35/.local/lib/python3.9/site-packages/torch/optim/lr_scheduler.py:62: UserWarning: The verbose parameter is deprecated. Please use get_last_lr() to access the learning rate.
  warnings.warn(
  0%|                                                   | 0/158 [00:00<?, ?it/s]  9%|███▋                                     | 14/158 [00:00<00:01, 139.43it/s] 18%|███████▌                                 | 29/158 [00:00<00:00, 145.10it/s] 28%|███████████▍                             | 44/158 [00:00<00:00, 147.00it/s] 37%|███████████████▎                         | 59/158 [00:00<00:00, 147.85it/s] 47%|███████████████████▏                     | 74/158 [00:00<00:00, 148.37it/s] 56%|███████████████████████                  | 89/158 [00:00<00:00, 148.42it/s] 66%|██████████████████████████▎             | 104/158 [00:00<00:00, 147.91it/s] 75%|██████████████████████████████▏         | 119/158 [00:00<00:00, 148.32it/s] 85%|█████████████████████████████████▉      | 134/158 [00:00<00:00, 148.65it/s] 94%|█████████████████████████████████████▋  | 149/158 [00:01<00:00, 148.82it/s]100%|████████████████████████████████████████| 158/158 [00:01<00:00, 146.81it/s]
2025-04-14 05:02:38,927 - INFO - Epoch 0: Training Loss: 0.0262, Acc: 53.94%, F1: 48.85%, Precision: 43.34%, Recall: 55.97%, AUC: 54.30%
2025-04-14 05:02:38,927 - INFO - Time consumption: [Data]19%, [Network]79%
2025-04-14 05:02:38,927 - INFO - Eval epoch: 0
  0%|                                                    | 0/61 [00:00<?, ?it/s] 56%|███████████████████████▍                  | 34/61 [00:00<00:00, 337.82it/s]100%|██████████████████████████████████████████| 61/61 [00:00<00:00, 339.05it/s]
2025-04-14 05:02:39,112 - INFO - Val Loss: 0.0226, Acc: 53.55%, F1: 6.63%, Precision: 3.88%, Recall: 22.70%, AUC: 39.33%
2025-04-14 05:02:39,193 - INFO - Weights Saved: F1 improved to 6.63%
  0%|                                                   | 0/158 [00:00<?, ?it/s]  9%|███▋                                     | 14/158 [00:00<00:01, 138.12it/s] 18%|███████▌                                 | 29/158 [00:00<00:00, 144.40it/s] 28%|███████████▍                             | 44/158 [00:00<00:00, 146.10it/s] 37%|███████████████▎                         | 59/158 [00:00<00:00, 146.34it/s] 47%|███████████████████▏                     | 74/158 [00:00<00:00, 147.33it/s] 56%|███████████████████████                  | 89/158 [00:00<00:00, 147.90it/s] 66%|██████████████████████████▎             | 104/158 [00:00<00:00, 148.29it/s] 75%|██████████████████████████████▏         | 119/158 [00:00<00:00, 148.58it/s] 85%|█████████████████████████████████▉      | 134/158 [00:00<00:00, 148.78it/s] 94%|█████████████████████████████████████▋  | 149/158 [00:01<00:00, 147.64it/s]100%|████████████████████████████████████████| 158/158 [00:01<00:00, 147.39it/s]
2025-04-14 05:02:40,271 - INFO - Epoch 1: Training Loss: 0.0251, Acc: 61.46%, F1: 57.03%, Precision: 50.75%, Recall: 65.08%, AUC: 62.09%
2025-04-14 05:02:40,271 - INFO - Time consumption: [Data]20%, [Network]78%
2025-04-14 05:02:40,271 - INFO - Eval epoch: 1
  0%|                                                    | 0/61 [00:00<?, ?it/s] 57%|████████████████████████                  | 35/61 [00:00<00:00, 340.26it/s]100%|██████████████████████████████████████████| 61/61 [00:00<00:00, 339.82it/s]
2025-04-14 05:02:40,458 - INFO - Val Loss: 0.0243, Acc: 45.31%, F1: 10.46%, Precision: 5.93%, Recall: 43.97%, AUC: 44.70%
2025-04-14 05:02:40,465 - INFO - Weights Saved: F1 improved to 10.46%
  0%|                                                   | 0/158 [00:00<?, ?it/s]  9%|███▉                                     | 15/158 [00:00<00:00, 146.79it/s] 19%|███████▊                                 | 30/158 [00:00<00:00, 147.68it/s] 28%|███████████▋                             | 45/158 [00:00<00:00, 147.90it/s] 38%|███████████████▌                         | 60/158 [00:00<00:00, 147.94it/s] 47%|███████████████████▍                     | 75/158 [00:00<00:00, 148.06it/s] 57%|███████████████████████▎                 | 90/158 [00:00<00:00, 148.19it/s] 66%|██████████████████████████▌             | 105/158 [00:00<00:00, 148.13it/s] 76%|██████████████████████████████▍         | 120/158 [00:00<00:00, 148.23it/s] 85%|██████████████████████████████████▏     | 135/158 [00:00<00:00, 148.23it/s] 95%|█████████████████████████████████████▉  | 150/158 [00:01<00:00, 147.74it/s]100%|████████████████████████████████████████| 158/158 [00:01<00:00, 147.81it/s]
2025-04-14 05:02:41,539 - INFO - Epoch 2: Training Loss: 0.0247, Acc: 63.40%, F1: 58.86%, Precision: 52.72%, Recall: 66.60%, AUC: 63.97%
2025-04-14 05:02:41,539 - INFO - Time consumption: [Data]20%, [Network]78%
2025-04-14 05:02:41,539 - INFO - Eval epoch: 2
  0%|                                                    | 0/61 [00:00<?, ?it/s] 57%|████████████████████████                  | 35/61 [00:00<00:00, 340.11it/s]100%|██████████████████████████████████████████| 61/61 [00:00<00:00, 340.82it/s]
2025-04-14 05:02:41,723 - INFO - Val Loss: 0.0260, Acc: 39.08%, F1: 10.58%, Precision: 5.92%, Recall: 49.65%, AUC: 43.95%
2025-04-14 05:02:41,730 - INFO - Weights Saved: F1 improved to 10.58%
  0%|                                                   | 0/158 [00:00<?, ?it/s]  9%|███▉                                     | 15/158 [00:00<00:00, 147.20it/s] 19%|███████▊                                 | 30/158 [00:00<00:00, 147.92it/s] 28%|███████████▋                             | 45/158 [00:00<00:00, 148.17it/s] 38%|███████████████▌                         | 60/158 [00:00<00:00, 148.36it/s] 47%|███████████████████▍                     | 75/158 [00:00<00:00, 147.73it/s] 57%|███████████████████████▎                 | 90/158 [00:00<00:00, 147.98it/s] 66%|██████████████████████████▌             | 105/158 [00:00<00:00, 148.13it/s] 76%|██████████████████████████████▍         | 120/158 [00:00<00:00, 147.94it/s] 85%|██████████████████████████████████▏     | 135/158 [00:00<00:00, 147.21it/s] 95%|█████████████████████████████████████▉  | 150/158 [00:01<00:00, 147.59it/s]100%|████████████████████████████████████████| 158/158 [00:01<00:00, 147.91it/s]
2025-04-14 05:02:42,804 - INFO - Epoch 3: Training Loss: 0.0240, Acc: 65.19%, F1: 61.32%, Precision: 54.43%, Recall: 70.19%, AUC: 66.08%
2025-04-14 05:02:42,805 - INFO - Time consumption: [Data]20%, [Network]78%
2025-04-14 05:02:42,805 - INFO - Eval epoch: 3
  0%|                                                    | 0/61 [00:00<?, ?it/s] 56%|███████████████████████▍                  | 34/61 [00:00<00:00, 338.03it/s]100%|██████████████████████████████████████████| 61/61 [00:00<00:00, 337.53it/s]
2025-04-14 05:02:42,991 - INFO - Val Loss: 0.0260, Acc: 40.47%, F1: 10.80%, Precision: 6.06%, Recall: 49.65%, AUC: 44.70%
2025-04-14 05:02:42,998 - INFO - Weights Saved: F1 improved to 10.80%
  0%|                                                   | 0/158 [00:00<?, ?it/s]  9%|███▉                                     | 15/158 [00:00<00:00, 147.17it/s] 19%|███████▊                                 | 30/158 [00:00<00:00, 147.88it/s] 28%|███████████▋                             | 45/158 [00:00<00:00, 148.11it/s] 38%|███████████████▌                         | 60/158 [00:00<00:00, 148.27it/s] 47%|███████████████████▍                     | 75/158 [00:00<00:00, 148.13it/s] 57%|███████████████████████▎                 | 90/158 [00:00<00:00, 147.42it/s] 66%|██████████████████████████▌             | 105/158 [00:00<00:00, 147.74it/s] 76%|██████████████████████████████▍         | 120/158 [00:00<00:00, 147.69it/s] 85%|██████████████████████████████████▏     | 135/158 [00:00<00:00, 147.94it/s] 95%|█████████████████████████████████████▉  | 150/158 [00:01<00:00, 147.61it/s]100%|████████████████████████████████████████| 158/158 [00:01<00:00, 147.91it/s]
2025-04-14 05:02:44,071 - INFO - Epoch 4: Training Loss: 0.0240, Acc: 65.43%, F1: 61.17%, Precision: 54.76%, Recall: 69.28%, AUC: 66.11%
2025-04-14 05:02:44,071 - INFO - Time consumption: [Data]20%, [Network]78%
2025-04-14 05:02:44,072 - INFO - Eval epoch: 4
  0%|                                                    | 0/61 [00:00<?, ?it/s] 57%|████████████████████████                  | 35/61 [00:00<00:00, 340.93it/s]100%|██████████████████████████████████████████| 61/61 [00:00<00:00, 340.75it/s]
2025-04-14 05:02:44,256 - INFO - Val Loss: 0.0247, Acc: 40.37%, F1: 11.60%, Precision: 6.50%, Recall: 53.90%, AUC: 46.61%
2025-04-14 05:02:44,262 - INFO - Weights Saved: F1 improved to 11.60%
  0%|                                                   | 0/158 [00:00<?, ?it/s]  9%|███▉                                     | 15/158 [00:00<00:00, 147.41it/s] 19%|███████▊                                 | 30/158 [00:00<00:00, 148.16it/s] 28%|███████████▋                             | 45/158 [00:00<00:00, 147.59it/s] 38%|███████████████▌                         | 60/158 [00:00<00:00, 146.98it/s] 47%|███████████████████▍                     | 75/158 [00:00<00:00, 147.59it/s] 57%|███████████████████████▎                 | 90/158 [00:00<00:00, 148.01it/s] 66%|██████████████████████████▌             | 105/158 [00:00<00:00, 148.28it/s] 76%|██████████████████████████████▍         | 120/158 [00:00<00:00, 148.51it/s] 85%|██████████████████████████████████▏     | 135/158 [00:00<00:00, 147.91it/s] 95%|█████████████████████████████████████▉  | 150/158 [00:01<00:00, 147.88it/s]100%|████████████████████████████████████████| 158/158 [00:01<00:00, 148.04it/s]
2025-04-14 05:02:45,336 - INFO - Epoch 5: Training Loss: 0.0235, Acc: 66.75%, F1: 62.75%, Precision: 56.05%, Recall: 71.26%, AUC: 67.54%
2025-04-14 05:02:45,336 - INFO - Time consumption: [Data]20%, [Network]78%
2025-04-14 05:02:45,336 - INFO - Eval epoch: 5
  0%|                                                    | 0/61 [00:00<?, ?it/s] 56%|███████████████████████▍                  | 34/61 [00:00<00:00, 339.46it/s]100%|██████████████████████████████████████████| 61/61 [00:00<00:00, 339.17it/s]
2025-04-14 05:02:45,523 - INFO - Val Loss: 0.0267, Acc: 39.80%, F1: 10.15%, Precision: 5.69%, Recall: 46.81%, AUC: 43.03%
  0%|                                                   | 0/158 [00:00<?, ?it/s]  9%|███▉                                     | 15/158 [00:00<00:00, 147.37it/s] 19%|███████▊                                 | 30/158 [00:00<00:00, 148.26it/s] 28%|███████████▋                             | 45/158 [00:00<00:00, 148.42it/s] 38%|███████████████▌                         | 60/158 [00:00<00:00, 148.54it/s] 47%|███████████████████▍                     | 75/158 [00:00<00:00, 147.94it/s] 57%|███████████████████████▎                 | 90/158 [00:00<00:00, 148.16it/s] 66%|██████████████████████████▌             | 105/158 [00:00<00:00, 148.33it/s] 76%|██████████████████████████████▍         | 120/158 [00:00<00:00, 148.48it/s] 85%|██████████████████████████████████▏     | 135/158 [00:00<00:00, 148.51it/s] 95%|█████████████████████████████████████▉  | 150/158 [00:01<00:00, 148.41it/s]100%|████████████████████████████████████████| 158/158 [00:01<00:00, 147.82it/s]
2025-04-14 05:02:46,598 - INFO - Epoch 6: Training Loss: 0.0232, Acc: 67.22%, F1: 63.12%, Precision: 56.58%, Recall: 71.36%, AUC: 67.95%
2025-04-14 05:02:46,598 - INFO - Time consumption: [Data]20%, [Network]79%
2025-04-14 05:02:46,599 - INFO - Eval epoch: 6
  0%|                                                    | 0/61 [00:00<?, ?it/s] 56%|███████████████████████▍                  | 34/61 [00:00<00:00, 339.68it/s]100%|██████████████████████████████████████████| 61/61 [00:00<00:00, 339.51it/s]
2025-04-14 05:02:46,783 - INFO - Val Loss: 0.0263, Acc: 33.21%, F1: 11.35%, Precision: 6.28%, Recall: 58.87%, AUC: 45.04%
  0%|                                                   | 0/158 [00:00<?, ?it/s]  9%|███▉                                     | 15/158 [00:00<00:00, 147.41it/s] 19%|███████▊                                 | 30/158 [00:00<00:00, 148.21it/s] 28%|███████████▋                             | 45/158 [00:00<00:00, 148.46it/s] 38%|███████████████▌                         | 60/158 [00:00<00:00, 148.57it/s] 47%|███████████████████▍                     | 75/158 [00:00<00:00, 148.65it/s] 57%|███████████████████████▎                 | 90/158 [00:00<00:00, 148.71it/s] 66%|██████████████████████████▌             | 105/158 [00:00<00:00, 148.76it/s] 76%|██████████████████████████████▍         | 120/158 [00:00<00:00, 148.09it/s] 85%|██████████████████████████████████▏     | 135/158 [00:00<00:00, 147.39it/s] 95%|█████████████████████████████████████▉  | 150/158 [00:01<00:00, 147.74it/s]100%|████████████████████████████████████████| 158/158 [00:01<00:00, 148.23it/s]
2025-04-14 05:02:47,857 - INFO - Epoch 7: Training Loss: 0.0228, Acc: 67.68%, F1: 62.99%, Precision: 57.27%, Recall: 69.99%, AUC: 68.09%
2025-04-14 05:02:47,857 - INFO - Time consumption: [Data]20%, [Network]78%
2025-04-14 05:02:47,858 - INFO - Eval epoch: 7
  0%|                                                    | 0/61 [00:00<?, ?it/s] 57%|████████████████████████                  | 35/61 [00:00<00:00, 340.36it/s]100%|██████████████████████████████████████████| 61/61 [00:00<00:00, 340.78it/s]
2025-04-14 05:02:48,042 - INFO - Val Loss: 0.0265, Acc: 38.41%, F1: 10.08%, Precision: 5.63%, Recall: 47.52%, AUC: 42.61%
  0%|                                                   | 0/158 [00:00<?, ?it/s]  9%|███▉                                     | 15/158 [00:00<00:00, 147.42it/s] 19%|███████▊                                 | 30/158 [00:00<00:00, 148.21it/s] 28%|███████████▋                             | 45/158 [00:00<00:00, 148.38it/s] 38%|███████████████▌                         | 60/158 [00:00<00:00, 148.44it/s] 47%|███████████████████▍                     | 75/158 [00:00<00:00, 148.37it/s] 57%|███████████████████████▎                 | 90/158 [00:00<00:00, 143.95it/s] 66%|██████████████████████████▌             | 105/158 [00:00<00:00, 144.44it/s] 76%|██████████████████████████████▍         | 120/158 [00:00<00:00, 145.72it/s] 85%|██████████████████████████████████▏     | 135/158 [00:00<00:00, 146.64it/s] 95%|█████████████████████████████████████▉  | 150/158 [00:01<00:00, 147.28it/s]100%|████████████████████████████████████████| 158/158 [00:01<00:00, 147.00it/s]
2025-04-14 05:02:49,125 - INFO - Epoch 8: Training Loss: 0.0225, Acc: 69.49%, F1: 63.80%, Precision: 59.77%, Recall: 68.42%, AUC: 69.30%
2025-04-14 05:02:49,125 - INFO - Time consumption: [Data]20%, [Network]78%
2025-04-14 05:02:49,125 - INFO - Eval epoch: 8
  0%|                                                    | 0/61 [00:00<?, ?it/s] 56%|███████████████████████▍                  | 34/61 [00:00<00:00, 339.36it/s]100%|██████████████████████████████████████████| 61/61 [00:00<00:00, 340.57it/s]
2025-04-14 05:02:49,309 - INFO - Val Loss: 0.0235, Acc: 59.58%, F1: 10.08%, Precision: 6.01%, Recall: 31.21%, AUC: 46.50%
  0%|                                                   | 0/158 [00:00<?, ?it/s]  9%|███▉                                     | 15/158 [00:00<00:00, 147.49it/s] 19%|███████▊                                 | 30/158 [00:00<00:00, 148.24it/s] 28%|███████████▋                             | 45/158 [00:00<00:00, 148.44it/s] 38%|███████████████▌                         | 60/158 [00:00<00:00, 148.46it/s] 47%|███████████████████▍                     | 75/158 [00:00<00:00, 148.55it/s] 57%|███████████████████████▎                 | 90/158 [00:00<00:00, 148.61it/s] 66%|██████████████████████████▌             | 105/158 [00:00<00:00, 148.67it/s] 76%|██████████████████████████████▍         | 120/158 [00:00<00:00, 148.75it/s] 85%|██████████████████████████████████▏     | 135/158 [00:00<00:00, 147.83it/s] 95%|█████████████████████████████████████▉  | 150/158 [00:01<00:00, 148.10it/s]100%|████████████████████████████████████████| 158/158 [00:01<00:00, 148.43it/s]
2025-04-14 05:02:50,379 - INFO - Epoch 9: Training Loss: 0.0221, Acc: 69.93%, F1: 64.62%, Precision: 60.10%, Recall: 69.89%, AUC: 69.92%
2025-04-14 05:02:50,379 - INFO - Time consumption: [Data]19%, [Network]79%
2025-04-14 05:02:50,380 - INFO - Eval epoch: 9
  0%|                                                    | 0/61 [00:00<?, ?it/s] 57%|████████████████████████                  | 35/61 [00:00<00:00, 340.83it/s]100%|██████████████████████████████████████████| 61/61 [00:00<00:00, 341.06it/s]
2025-04-14 05:02:50,564 - INFO - Val Loss: 0.0241, Acc: 55.36%, F1: 9.78%, Precision: 5.73%, Recall: 33.33%, AUC: 45.21%
  0%|                                                   | 0/158 [00:00<?, ?it/s]  9%|███▉                                     | 15/158 [00:00<00:00, 147.52it/s] 19%|███████▊                                 | 30/158 [00:00<00:00, 148.32it/s] 28%|███████████▋                             | 45/158 [00:00<00:00, 148.01it/s] 38%|███████████████▌                         | 60/158 [00:00<00:00, 148.27it/s] 47%|███████████████████▍                     | 75/158 [00:00<00:00, 148.41it/s] 57%|███████████████████████▎                 | 90/158 [00:00<00:00, 148.56it/s] 66%|██████████████████████████▌             | 105/158 [00:00<00:00, 148.59it/s] 76%|██████████████████████████████▍         | 120/158 [00:00<00:00, 148.63it/s] 85%|██████████████████████████████████▏     | 135/158 [00:00<00:00, 148.70it/s] 95%|█████████████████████████████████████▉  | 150/158 [00:01<00:00, 148.69it/s]100%|████████████████████████████████████████| 158/158 [00:01<00:00, 148.63it/s]
2025-04-14 05:02:51,632 - INFO - Epoch 10: Training Loss: 0.0220, Acc: 70.41%, F1: 64.62%, Precision: 60.94%, Recall: 68.78%, AUC: 70.12%
2025-04-14 05:02:51,632 - INFO - Time consumption: [Data]19%, [Network]79%
2025-04-14 05:02:51,633 - INFO - Eval epoch: 10
  0%|                                                    | 0/61 [00:00<?, ?it/s] 57%|████████████████████████                  | 35/61 [00:00<00:00, 340.85it/s]100%|██████████████████████████████████████████| 61/61 [00:00<00:00, 341.13it/s]
2025-04-14 05:02:51,816 - INFO - Val Loss: 0.0280, Acc: 46.34%, F1: 8.92%, Precision: 5.08%, Recall: 36.17%, AUC: 41.66%
  0%|                                                   | 0/158 [00:00<?, ?it/s]  9%|███▉                                     | 15/158 [00:00<00:00, 147.54it/s] 19%|███████▊                                 | 30/158 [00:00<00:00, 148.27it/s] 28%|███████████▋                             | 45/158 [00:00<00:00, 148.51it/s] 38%|███████████████▌                         | 60/158 [00:00<00:00, 148.44it/s] 47%|███████████████████▍                     | 75/158 [00:00<00:00, 148.41it/s] 57%|███████████████████████▎                 | 90/158 [00:00<00:00, 148.64it/s]slurmstepd: error: *** JOB 513259 ON gpu2-002 CANCELLED AT 2025-04-14T05:02:52 ***
